u,view_over,K,beat_cv,rho,N_beats,estimator,axis,estimand,bias_mcse,relbias_pct_mcse,rmse_mcse,sd_err_mcse,bias,relbias_pct,rmse,sd_err,bias_lo95,bias_hi95,rmse_lo95,rmse_hi95
base,True,3,0.15,0.3,3,A1,AP,T1,0.006411554607645574,0.06008691308480687,0.006472869045180178,0.0045336764094527585,-0.2054573046291033,-1.654106942090907,2.037884894854243,2.027511590270724,-0.21802372084412275,-0.19289088841408386,2.025198304548976,2.0505714851595105
base,True,3,0.15,0.3,3,A1,AP,T2,0.0060332018678332655,0.05972272360817136,0.005977266477591282,0.004266139283761993,0.22037519955931234,2.372846325422476,1.9205419305130285,1.9078659485935276,0.20855034109362638,0.2322000580249983,1.9088267033985427,1.9322571576275143
base,True,3,0.15,0.3,3,A1,SL,T1,0.004795694499552373,0.07551005980391326,0.004492669762119569,0.003391085056600182,-0.05710075624921947,-0.09007860787331987,1.5175987845877412,1.5165317580926847,-0.06650014482334013,-0.0477013676750988,1.5087933135900984,1.526404255585384
base,True,3,0.15,0.3,3,A1,SL,T2,0.004586946812630907,0.07655404951410043,0.004294503402007567,0.003243477413580946,0.21702703340247156,4.005400702349483,1.4666587194493814,1.450519943396327,0.20803678277980026,0.22601728402514287,1.458241647383569,1.4750757915151937
base,True,3,0.15,0.3,3,A2,AP,T1,0.0058848443076988406,0.052159015549119614,0.006362113875009001,0.004161234122423532,-1.1818644834460097,-10.599920980296144,2.2045199655308463,1.8609511687805098,-1.1933985664347044,-1.170330400457315,2.1920504513719283,2.2169894796897642
base,True,3,0.15,0.3,3,A2,AP,T2,0.005749714981476162,0.054132722110937906,0.005966334050874917,0.00406568278175641,-0.756031979257594,-6.812274089991666,1.9691301458407795,1.8182195238257517,-0.767301213631548,-0.74476274488364,1.9574363458890904,1.9808239457924686
base,True,3,0.15,0.3,3,A2,SL,T1,0.004322778366515835,0.06425201616996476,0.004451214351215589,0.003056681179973963,-0.6716572509590374,-8.898382491519762,1.5230712580029793,1.3669825458292186,-0.6801297409373872,-0.6631847609806876,1.5143470381183133,1.5317954778876453
base,True,3,0.15,0.3,3,A2,SL,T2,0.004225538491243059,0.06695435738072296,0.004208289858427641,0.0029879218609693945,-0.39752946130734634,-5.036028301860694,1.3941052225457857,1.3362325973039526,-0.40581136463079703,-0.38924755798389565,1.3858571259217025,1.402353319169869
base,True,3,0.15,0.3,3,A3,AP,T1,0.006455806175253661,0.05975652724580796,0.007567616077943415,0.004564967149440663,0.5389543142012205,5.6254157246467225,2.1114387068080065,2.0415051646381723,0.5263011665067456,0.5516074618956954,2.096606451729416,2.126270961886597
base,True,3,0.15,0.3,3,A3,AP,T2,0.006315857150827399,0.06110481888351411,0.0077055272860074445,0.0044660077504501796,0.964786818389636,10.056047902201197,2.218057454136977,1.9972493972876197,0.9524079657448717,0.9771656710344002,2.2029548980553844,2.2331600102185694
base,True,3,0.15,0.3,3,A3,SL,T1,0.004681816885713234,0.07342641778893934,0.00538783264427481,0.003310561021007999,0.5249282272505293,9.22514230713865,1.5708178314145753,1.4805204946690056,0.5157520346999392,0.5341044198011194,1.560257873393772,1.5813777894353787
base,True,3,0.15,0.3,3,A3,SL,T2,0.004614858432525441,0.07591671798530088,0.0055484658948815714,0.0032632140079654915,0.7990560169022204,13.822368272270985,1.6637791489420726,1.4593463726014868,0.7900110605093741,0.8081009732950667,1.6529043555328768,1.6746539423512683
base,True,3,0.15,0.3,3,A4,AP,T1,0.006212137660230428,0.0581792672862926,0.006902256804377405,0.00439266662860132,0.41374153313611445,4.622960454140025,2.0075380187067022,1.964450414483735,0.4015659669590186,0.4259170993132103,1.9940098438513674,2.021066193562037
base,True,3,0.15,0.3,3,A4,AP,T2,0.006011066844069027,0.05915547348240173,0.006777760285027765,0.004250487380096861,0.8395740373245301,8.999218650487194,2.078013688985567,1.9008662394778328,0.8277925627085612,0.851355511940499,2.064729522826283,2.0912978551448513
base,True,3,0.15,0.3,3,A4,SL,T1,0.0045605792064249435,0.07259060931537988,0.004698166610933849,0.003224832607204788,0.4715315617528175,8.621554912518677,1.5173033594683398,1.4421817741906036,0.46259299068907606,0.480470132816559,1.5080951220449075,1.5265115968917722
base,True,3,0.15,0.3,3,A4,SL,T2,0.00446396938982019,0.07487836435947974,0.004735810339124366,0.003156518809184534,0.7456593514045085,13.18449756818763,1.5964617792604505,1.411631067710386,0.7369101321033589,0.754408570705658,1.587179761484939,1.605743797035962
base,True,3,0.15,0.3,3,A5,AP,T1,0.006269582406971662,0.05592820814109756,0.007122014167268675,0.004433286401664964,-1.1198827945329501,-10.076302707059481,2.2770297586127923,1.9826160384151186,-1.1321709503456479,-1.1075946387202524,2.2630708672374555,2.290988649988129
base,True,3,0.15,0.3,3,A5,AP,T2,0.006206103805718538,0.05826172454158246,0.007125344732971404,0.004388400027826213,-0.6940502903445346,-6.249412162271903,2.081643517641361,1.9625423421509696,-0.7062140303840059,-0.6818865503050633,2.0676780984771477,2.0956089368055744
base,True,3,0.15,0.3,3,A5,SL,T1,0.004570244183151325,0.06813584261996464,0.004847823869163043,0.0032316668119591317,-0.6441034056158814,-8.59126732125384,1.5822646742428825,1.445238108189392,-0.6530609196860674,-0.6351458915456955,1.5727631139809823,1.5917662345047827
base,True,3,0.15,0.3,3,A5,SL,T2,0.004506911424161481,0.07110592069169508,0.004699508274983439,0.0031868835646893636,-0.3699756159641903,-4.703511680828506,1.4724424276287422,1.4252105312983507,-0.37880900010673557,-0.36114223182164507,1.4632315605920725,1.481653294665412
base,True,3,0.15,0.3,3,A6,AP,T1,0.007729904307859232,0.07262208292051064,0.008178276417900325,0.005465895083554112,-0.24206369191396937,-2.225967437773716,2.4563544411156313,2.444410370798257,-0.2572140260808184,-0.22691335774712035,2.4403253137544976,2.472383568476765
base,True,3,0.15,0.3,3,A6,AP,T2,0.007414395568190238,0.0732635779771399,0.007536260526172283,0.005242795598710331,0.18376881227444636,1.7708258764211857,2.3518167801219176,2.3446377468939428,0.16923686387903394,0.19830076066985877,2.337045980795999,2.3665875794478364
base,True,3,0.15,0.3,3,A6,SL,T1,0.005793786340992138,0.09257890025745101,0.005322442296170732,0.00409684609474322,-0.14338558992222797,-1.990159765739531,1.8377491330276523,1.8321561113908134,-0.15474120257426427,-0.13202997727019167,1.8273173377350804,1.8481809283202242
base,True,3,0.15,0.3,3,A6,SL,T2,0.005631080994468544,0.09473500220492159,0.005257378297581884,0.003981795465626496,0.13074219972946308,2.0195327084244763,1.7854884850772401,1.780704163140662,0.11970548369922053,0.14177891575970564,1.7751842128795983,1.795792757274882
base,True,3,0.15,0.3,3,A7,AP,T1,0.005408978958598187,0.05273193680039753,0.005171763382246445,0.0038247448246920617,0.2669869540749441,2.8258541898687044,1.73117246802525,1.7104693325095874,0.25638555003933416,0.27758835811055405,1.7210359979795287,1.7413089380709714
base,True,3,0.15,0.3,3,A7,AP,T2,0.005835981041782704,0.0580793542829002,0.006287114810144878,0.004126682402984281,0.6928194582633599,7.362579826647192,1.9712514337542861,1.845499247359563,0.6813811455167833,0.7042577710099365,1.9589289150625353,1.983573952446037
base,True,3,0.15,0.3,3,A7,SL,T1,0.004247134963914662,0.07083421964588735,0.003987699552123735,0.003003192949600829,0.2713534116283066,4.865978456298892,1.3701934812345151,1.3430620016107373,0.2630291799958926,0.27967764326072064,1.3623777336695364,1.3780092287994938
base,True,3,0.15,0.3,3,A7,SL,T2,0.0044710848983426634,0.07655349265162227,0.004505787934636456,0.0031615502586696763,0.5454812012799977,9.48926860851344,1.5154503512713584,1.4138811890745215,0.5367180358383024,0.554244366721693,1.5066191691278366,1.5242815334148803
low,True,3,0.15,0.3,3,A1,AP,T1,0.00640802871727606,0.05998523865171844,0.00714463746189871,0.004531183215996756,0.05188292402944688,0.7480809313823077,2.0270505615591516,2.026396605835952,0.03932341843261962,0.06444242962627414,2.013047329340779,2.0410537937775244
low,True,3,0.15,0.3,3,A1,AP,T2,0.006173350987537923,0.05916010609434395,0.006162209931542543,0.004365240172188162,0.21899481398333737,2.334889712040102,1.9644202350369755,1.9521849916269578,0.20689526828839858,0.23109435967827616,1.9523425254107096,1.9764979446632414
low,True,3,0.15,0.3,3,A1,SL,T1,0.004771854211416677,0.07553810531519993,0.004455165040080827,0.0033742273429052108,0.09991822612164639,2.140782652939931,1.5122897020148587,1.508992797034336,0.09056556365402131,0.10927088858927146,1.5035577389222416,1.5210216651074757
low,True,3,0.15,0.3,3,A1,SL,T2,0.004630617098406486,0.07527604473512035,0.004081544418236151,0.0032743571231881466,0.20731790887288945,3.7446609690374437,1.4789255369795218,1.4643297003084554,0.19824206606222827,0.21639375168355063,1.470925856855378,1.4869252171036655
low,True,3,0.15,0.3,3,A2,AP,T1,0.00532581386607585,0.049584271901256825,0.005162366570037528,0.003765937929776301,-0.22463375067720695,-1.8025341883447021,1.6990765995853612,1.6841702210906653,-0.23507215412541643,-0.21419534722899747,1.6889585469532842,1.7091946522174382
low,True,3,0.15,0.3,3,A2,AP,T2,0.005348201728226345,0.05051943919398695,0.005319549355759526,0.0037817686180728247,-0.057521860723316415,-0.15940478858955004,1.6922193515557238,1.691249884724409,-0.06800414357537783,-0.047039577871255,1.681793226322212,1.7026454767892356
low,True,3,0.15,0.3,3,A2,SL,T1,0.003958952426178597,0.06218917272266961,0.0035330058938852094,0.002799416104061334,-0.07775268062831181,-0.3995205987419345,1.2543365725813451,1.2519306814973983,-0.08551208486133452,-0.0699932763952891,1.2474120082175424,1.2612611369451479
low,True,3,0.15,0.3,3,A2,SL,T2,0.003959624433999667,0.06325583854992997,0.003658486864494324,0.0027998912877245474,0.029647002122931223,1.2607197550868692,1.2524878570037865,1.2521431890294012,0.0218862807787715,0.037407723467090946,1.2453173544549048,1.2596583595526682
low,True,3,0.15,0.3,3,A3,AP,T1,0.006525904189827398,0.05943145575312453,0.009231819461197706,0.004614534178729232,1.0984874542082583,10.8610402942405,2.337814074965784,2.063672103189041,1.0856969169287474,1.1112779914877693,2.3197200411673373,2.355908108764231
low,True,3,0.15,0.3,3,A3,AP,T2,0.006464167025738632,0.05982518274811712,0.008967888432866297,0.004570879193075365,1.2655993441621487,12.681010989935517,2.404214101978646,2.0441490977090355,1.2529298095017138,1.2782688788225836,2.3866373634942115,2.4217908404630806
low,True,3,0.15,0.3,3,A3,SL,T1,0.004667764619140557,0.07279380127722578,0.006169677472255031,0.0033006245183407803,0.88987017843668,14.594447436544424,1.7235573098723547,1.4760767778032549,0.8807215278226909,0.8990188290506692,1.7114649641351238,1.7356496556095855
low,True,3,0.15,0.3,3,A3,SL,T2,0.004627087733299042,0.07355472009431381,0.006141768654764744,0.0032718614727091063,0.9972698611879233,16.47736001061323,1.7707399174518925,1.4632136170650707,0.9882009358058156,1.006338786570031,1.7587022719922252,1.7827775629115599
low,True,3,0.15,0.3,3,A4,AP,T1,0.006132802511780182,0.05735239734885569,0.007885188239320665,0.0043365679266515,0.9226869695684392,9.456110688994926,2.147659260076997,1.9393624377226997,0.9106668974262405,0.9347070417106379,2.132204574994705,2.1631139451592887
low,True,3,0.15,0.3,3,A4,AP,T2,0.006032592532554253,0.0575175028914915,0.007344950106745023,0.004265708416499846,1.0897988595223298,11.245737866249057,2.19700760773067,1.9076732598594903,1.0779751953318546,1.101622523712805,2.1826117699396534,2.2114034455216864
low,True,3,0.15,0.3,3,A4,SL,T1,0.004496589146953524,0.07181427272965149,0.00546166731945185,0.003179584575983295,0.8189387262904289,13.790317687323366,1.640905790639504,1.421946340636672,0.8101255734396092,0.8277518791412485,1.6302011193134018,1.651610461965606
low,True,3,0.15,0.3,3,A4,SL,T2,0.0044380852320036815,0.07245150294216454,0.005412051451795219,0.003138215854152174,0.926338409041672,15.654852417848048,1.681589487395258,1.403445778308844,0.9176399217580131,0.9350368963253308,1.6709820613835915,1.6921969134069244
low,True,3,0.15,0.3,3,A5,AP,T1,0.00553272404333192,0.05164218076471509,0.005300727858566606,0.003912246250754012,-0.26660198098577587,-2.1668223300561147,1.7697879927258269,1.7496009642105,-0.27744592093264087,-0.25575804103891087,1.7593987569492393,1.7801772285024144
low,True,3,0.15,0.3,3,A5,AP,T2,0.005583349760913571,0.052734985279571066,0.005554656576332102,0.003948044217948716,-0.0994900910318854,-0.5204865482413367,1.7684022618421251,1.765610221784345,-0.1104332555626846,-0.0885469265010862,1.7575153349201509,1.7792891887640994
low,True,3,0.15,0.3,3,A5,SL,T1,0.004136038041236415,0.06492740138404535,0.003658785968567874,0.0029246351694162003,-0.10245693452111058,-0.7310291486340379,1.3119304038234123,1.30793006994085,-0.11056342018456447,-0.0943504488576567,1.3047593150413141,1.3191014926055105
low,True,3,0.15,0.3,3,A5,SL,T2,0.004152851332749825,0.06613123521090705,0.003860237967627713,0.002936524021303806,0.00494274823013245,0.9316549087526084,1.3132496349811313,1.3132468995555253,-0.003196690879409228,0.013082187339674128,1.3056837075331478,1.320815562429115
low,True,3,0.15,0.3,3,A6,AP,T1,0.007786473450131934,0.07303429888544777,0.008744042589879026,0.005505895707664666,0.019416933319354516,0.23279447025399327,2.46236334993268,2.462299104284642,0.00415572567014013,0.0346781409685689,2.4452253412420504,2.4795013586233097
low,True,3,0.15,0.3,3,A6,AP,T2,0.0075774520863096375,0.07260230442065209,0.008009323058668246,0.005358094544885399,0.18652882327324505,1.8021600557486213,2.4034378702524037,2.3962007453533247,0.17167728997235326,0.20138035657413683,2.387739885393044,2.4191358551117634
low,True,3,0.15,0.3,3,A6,SL,T1,0.005809776278839858,0.09274198546691644,0.0056148132089694856,0.004108152744759487,0.011657954811466087,0.2897269650643965,1.8372403749719328,1.8372125737151463,0.00027100245688600234,0.023044907166046173,1.826235543215628,1.8482452067282376
low,True,3,0.15,0.3,3,A6,SL,T2,0.005696467135152918,0.09302548959999214,0.0053560082373230785,0.004028030680276686,0.1190576375627091,1.857625179088323,1.805302205591053,1.801381076337744,0.10789276705062624,0.13022250807479194,1.7948046222621963,1.8157997889199098
low,True,3,0.15,0.3,3,A7,AP,T1,0.0051722650175756975,0.0491303255416833,0.004980086626173312,0.003657361954877225,0.23570569082679743,2.456791082588468,1.6525020307299048,1.6356138117550039,0.2255682375938897,0.24584314405970517,1.6427412402257235,1.662262821234086
low,True,3,0.15,0.3,3,A7,AP,T2,0.005467972666042282,0.0517876813645383,0.005668049332493853,0.0038664598838489333,0.402817580780688,4.258274385444724,1.775416743280147,1.7291247808236843,0.3921005512022611,0.41353461035911493,1.7643075706382352,1.786525915922059
low,True,3,0.15,0.3,3,A7,SL,T1,0.003914548590402711,0.06311162495292612,0.0034189721266276903,0.0027680176936810672,0.22297890600794584,3.964544628265602,1.2578049671933322,1.2378889557074115,0.21530653169450578,0.2306512803213859,1.2511039049081385,1.264506029478526
low,True,3,0.15,0.3,3,A7,SL,T2,0.004073147006598316,0.06565577063825014,0.0038869040034969424,0.0028801642699927085,0.33037858875918885,5.78758238583134,1.3297315801018106,1.288042178554756,0.32239536725954837,0.33836181025882933,1.3221133881835008,1.3373497720201204
