u,view_over,K,axis,beat_cv,bias,bias_adj,bias_adj_mcse,bias_mcse
base,False,1,AP,0.05,-0.41748172183763577,-0.5245743310153641,0.007157639920823182,0.005052272792867697
base,False,1,SL,0.05,-0.20651122492307003,-0.33832902277865373,0.005787349937913115,0.004059040354893364
base,False,1,AP,0.1,-0.3629452787643758,-0.5270809630380566,0.007806765485029272,0.005485730037010333
base,False,1,SL,0.1,-0.16539858416857423,-0.3415620492741075,0.006117482625712763,0.0042760053861200615
base,False,1,AP,0.15,-0.3154733761111051,-0.5298512303538783,0.008864376302295675,0.006206491067416067
base,False,1,SL,0.15,-0.12689771996131488,-0.3430763724181555,0.006676196651166815,0.00465793819335306
base,False,1,AP,0.2,-0.23752133034176062,-0.5293362410804661,0.010063479151841671,0.007023710709104239
base,False,1,SL,0.2,-0.07153712784643146,-0.3463529852881652,0.007364717332823393,0.005127932236160212
base,False,1,AP,0.25,-0.1709041089242186,-0.5372060946051761,0.01139428222559811,0.007928773919563975
base,False,1,SL,0.25,-0.0060223048472041645,-0.3498280175998895,0.008115603035487176,0.005640451320693118
base,False,1,AP,0.3,-0.08618662829464112,-0.5413494870017815,0.012917203225325644,0.008964122974279743
base,False,1,SL,0.3,0.044721924179183595,-0.35162656091361455,0.009007223850433035,0.006247236228153042
base,False,2,AP,0.05,-0.2336088499839479,-0.37129940517752663,0.007084969521973863,0.004971659336766915
base,False,2,SL,0.05,-0.01151344383857236,-0.18142100208090745,0.005715032570304718,0.003948358457060404
base,False,2,AP,0.1,-0.12628509574436425,-0.3202148083462971,0.0075400421755304975,0.0053643065002978154
base,False,2,SL,0.1,0.06333191806176135,-0.15133989160419997,0.005958138917450339,0.004157258198377344
base,False,2,AP,0.15,0.03084358532480956,-0.22833507345578014,0.008265059850571507,0.005986569312550877
base,False,2,SL,0.15,0.15675309216185987,-0.1044101556884274,0.006339609268451476,0.004500564919363508
base,False,2,AP,0.2,0.2014340306542333,-0.12509058402839976,0.009219473980682244,0.00679083531836334
base,False,2,SL,0.2,0.27072286332634315,-0.04424434797251564,0.006788605906133979,0.004894690044914351
base,False,2,AP,0.25,0.408598940287117,-0.003521728810579494,0.010243113134336597,0.007662668323270603
base,False,2,SL,0.25,0.3932291157928511,0.016861174566924597,0.007361834300258656,0.005380911465804076
base,False,2,AP,0.3,0.591357880709961,0.11280968518287043,0.011384095797133766,0.008623332230222373
base,False,2,SL,0.3,0.5394985538358151,0.09333216139213679,0.00803842242508551,0.005959994141800185
base,False,3,AP,0.05,-0.10778827949183667,-0.2483022593367568,0.007052386026402306,0.004945710292675865
base,False,3,SL,0.05,0.11804454018037462,-0.06358844082998567,0.00563268226891361,0.0038724090046854637
base,False,3,AP,0.1,0.05441888010300849,-0.14630336489770016,0.0073962962752587005,0.005289760955069732
base,False,3,SL,0.1,0.2176221529583395,-0.00622131208967025,0.005807759470124446,0.004062152637122124
base,False,3,AP,0.15,0.26958268046694783,-0.0017290236454439167,0.007993302612837634,0.005861183262629963
base,False,3,SL,0.15,0.3494033987460276,0.07140633426437526,0.006114818879520727,0.0043624622148384085
base,False,3,AP,0.2,0.5149638041870437,0.17443839723486398,0.008872550138347854,0.006673682216113945
base,False,3,SL,0.2,0.5056137738836335,0.16886102530528307,0.006520198660338354,0.004750100322955012
base,False,3,AP,0.25,0.7836108314249749,0.36427623697418215,0.0097385957267393,0.007496605142826423
base,False,3,SL,0.25,0.6758816788485831,0.2865017910916413,0.007058321238869767,0.005275535513811099
base,False,3,AP,0.3,1.0670608560646127,0.5741370189502755,0.010810678211064371,0.008472326422942574
base,False,3,SL,0.3,0.8562990621743729,0.40378493902810364,0.007639517034086933,0.005824508943542221
base,False,4,AP,0.05,-0.02685800608463086,-0.17168919202504185,0.007036513920824345,0.004883811800798641
base,False,4,SL,0.05,0.19697908080465812,0.008218273208043969,0.005632106964754968,0.0038196088691301506
base,False,4,AP,0.1,0.17329058863148916,-0.044616101111404405,0.007434182288322187,0.0052782122533705485
base,False,4,SL,0.1,0.31598622253013586,0.07549312629096444,0.005837302662120416,0.004010903142664065
base,False,4,AP,0.15,0.41152065374755376,0.1400025038019162,0.007938400708780144,0.0058210437903024
base,False,4,SL,0.15,0.45605612229837555,0.17656807765425003,0.006095801020412178,0.004301814220341961
base,False,4,AP,0.2,0.6972771424052341,0.36073419469636053,0.00861208487942234,0.0065194328099734316
base,False,4,SL,0.2,0.6415982139784652,0.29590615292204414,0.006421231680702364,0.004665586341764556
base,False,4,AP,0.25,1.0201834695363476,0.5979713246553431,0.009478132800149407,0.007365582051329604
base,False,4,SL,0.25,0.8370243333688973,0.4317263272230886,0.006911481519762933,0.005179186666548338
base,False,4,AP,0.3,1.3670045294596025,0.8519660292753002,0.010464664018747042,0.008332149598539052
base,False,4,SL,0.3,1.0673818636054593,0.5908186758458893,0.007458128248017107,0.005728283574312535
base,True,1,AP,0.05,-0.3238433110896223,-0.4341088625514702,0.007355793202369553,0.005312488289433497
base,True,1,SL,0.05,-0.1514052291706222,-0.2816147564336067,0.0058751858289541395,0.00419312746930744
base,True,1,AP,0.1,-0.2615321401253943,-0.43086371028792436,0.007973905623446069,0.005730045225597655
base,True,1,SL,0.1,-0.10967811658306113,-0.2789289889921241,0.006216071632054643,0.004423317707268617
base,True,1,AP,0.15,-0.1978563580017708,-0.43633945813878544,0.008996255837542128,0.006414478861613278
base,True,1,SL,0.15,-0.053045070211367784,-0.28232781690096165,0.006763124866942076,0.0047879963835571705
base,True,1,AP,0.2,-0.1433631528342943,-0.4344185073856589,0.01028682029916536,0.007306827170260071
base,True,1,SL,0.2,-0.014785168699441404,-0.28304106031515414,0.007429194110134553,0.00524877722420166
base,True,1,AP,0.25,-0.08225134521686457,-0.44079535421857485,0.011573336117690828,0.008162023631383408
base,True,1,SL,0.25,0.038871362645851476,-0.2854443375833101,0.00820673693371532,0.005773668820669245
base,True,1,AP,0.3,0.008849038718048636,-0.44693345947211954,0.012998732696372464,0.009128432546501008
base,True,1,SL,0.3,0.09630816515647807,-0.2914081616551026,0.009020896224739224,0.006334259363993743
base,True,2,AP,0.05,-0.038181448409731436,-0.17322189915061986,0.007442436359446537,0.005481077533573626
base,True,2,SL,0.05,0.1067008147317723,-0.059789948049293426,0.005850411318115643,0.004188106433047267
base,True,2,AP,0.1,0.07000168483667482,-0.11237615365968792,0.007876409287806498,0.005831435429270741
base,True,2,SL,0.1,0.1754538151692073,-0.02404430757522913,0.006091365365770059,0.004396347248830108
base,True,2,AP,0.15,0.2207257616962373,-0.026750417956892286,0.00856549926755138,0.006415237371966646
base,True,2,SL,0.15,0.2865967304431075,0.027312515995703168,0.0064699393021659685,0.004726259668998045
base,True,2,AP,0.2,0.40629984676741704,0.07772884058702745,0.00947318895254024,0.0071808530452434375
base,True,2,SL,0.2,0.395295540214863,0.084459002663891,0.006942741013947224,0.005118504110897511
base,True,2,AP,0.25,0.5940848241917925,0.20338868993185832,0.010535015576581626,0.008078035143057426
base,True,2,SL,0.25,0.5217861503629155,0.15466579374503248,0.007496651232626669,0.005604001775194867
base,True,2,AP,0.3,0.8070864399164325,0.33388913658448804,0.011626560149774437,0.008973338203061669
base,True,2,SL,0.3,0.6618554553114009,0.23276453890929322,0.008198770149748515,0.006205211915132175
base,True,3,AP,0.05,0.1662171715250126,0.031102290020048468,0.007448965837091484,0.005554367263369209
base,True,3,SL,0.05,0.2860037775364768,0.11456436914291165,0.005816530184197007,0.004205991717858452
base,True,3,AP,0.1,0.31768780707464955,0.12673543514912294,0.007822301612805163,0.005906985466986357
base,True,3,SL,0.1,0.3812442914337644,0.16830793073782865,0.005984420950037411,0.004365837228480516
base,True,3,AP,0.15,0.5389543142012205,0.2719673601262764,0.008422261379641529,0.006455806175253661
base,True,3,SL,0.15,0.5249282272505293,0.2535748156222227,0.006321199629267847,0.004681816885713234
base,True,3,AP,0.2,0.77592834666574,0.4513876915234939,0.009176804730316028,0.007155702136333191
base,True,3,SL,0.2,0.6722132029509297,0.3508933936943742,0.006749055609087562,0.005090187935831375
base,True,3,AP,0.25,1.0492118262001537,0.6508932005738949,0.010165129004790706,0.008044128877902476
base,True,3,SL,0.25,0.8354408011913751,0.46375248578933126,0.007275008662359576,0.005593614536445033
base,True,3,AP,0.3,1.3408119430840917,0.8577483217089505,0.011218826564543824,0.009004764297097683
base,True,3,SL,0.3,1.0332685497521665,0.5850679605587665,0.0078268325788723,0.006111111843022153
base,True,4,AP,0.05,0.33703812365739433,0.19697799021696022,0.007549877588554284,0.005671224392982355
base,True,4,SL,0.05,0.41614928419802294,0.24115395907621948,0.005857262279423176,0.004222638316499281
base,True,4,AP,0.1,0.5303319092242365,0.3239563275692934,0.007900132181165802,0.006013448454059371
base,True,4,SL,0.1,0.5328672382241275,0.3075703696521611,0.006045140829562531,0.004417076608734152
base,True,4,AP,0.15,0.7812165924306991,0.5047291112851573,0.008419991241549627,0.006535777769900493
base,True,4,SL,0.15,0.6873894504667445,0.40580658359486105,0.006308074732638869,0.004685182644794197
base,True,4,AP,0.2,1.0563961912106878,0.7131721664900277,0.009167327036307182,0.0072636509323621866
base,True,4,SL,0.2,0.8609643680130993,0.5263813104239503,0.006703969484525768,0.00509820652509337
base,True,4,AP,0.25,1.3880506745923349,0.9631419086647682,0.010027607152896523,0.008089996611272928
base,True,4,SL,0.25,1.0788333321815875,0.6713698400184516,0.007182206533781393,0.005582767190434662
base,True,4,AP,0.3,1.7323413628886635,1.226029945631305,0.011095358581004428,0.009127796968622861
base,True,4,SL,0.3,1.2932127327821445,0.8265724256485673,0.007765987128454291,0.006180131824508486
low,False,1,AP,0.05,-0.15085365974075535,-0.2614201064134854,0.007095402017698284,0.004982840296197208
low,False,1,SL,0.05,-0.0413417174933633,-0.16864105635810575,0.0057362753424320245,0.004024212960664002
low,False,1,AP,0.1,-0.10344695435335005,-0.26238545256245377,0.007755050529706412,0.005441886200772078
low,False,1,SL,0.1,-0.001963871828157885,-0.1700340651152359,0.006056795506823567,0.0042464779369683694
low,False,1,AP,0.15,-0.04389494926751495,-0.2636361711565423,0.008759028158655676,0.00613903663574143
low,False,1,SL,0.15,0.051016794413111966,-0.17016765981847598,0.006602296234388699,0.004624718958626504
low,False,1,AP,0.2,0.018672567414780114,-0.2668368337684247,0.010026423310414822,0.007023601430485339
low,False,1,SL,0.2,0.09314659006948517,-0.17223480409469233,0.0072978767349321984,0.005110367416171329
low,False,1,AP,0.25,0.0935476871446627,-0.26909102020970277,0.011485848905453568,0.008038505761721031
low,False,1,SL,0.25,0.14727085715996002,-0.17371703431492047,0.008058769245969278,0.0056380005710089595
low,False,1,AP,0.3,0.1592536080484105,-0.2710838348580347,0.012914783599857786,0.009030916951136872
low,False,1,SL,0.3,0.213665614504171,-0.1757527657292578,0.008965413743987537,0.006271567025952114
low,False,2,AP,0.05,0.08828164557331855,-0.016795082118972765,0.006817120837494448,0.004839050053236476
low,False,2,SL,0.05,0.22833212340065162,0.09645716132719928,0.005419264749941311,0.003848571300977549
low,False,2,AP,0.1,0.2603516291017909,0.08825178879985388,0.007244457266949031,0.0052068828785613456
low,False,2,SL,0.1,0.3321385799811446,0.15087658773371423,0.005649489610688733,0.004040887694027469
low,False,2,AP,0.15,0.4612308262378187,0.23180786974666687,0.007998251885898103,0.0058469249973173145
low,False,2,SL,0.15,0.45610297521488347,0.22737461577005705,0.006026140112178395,0.00436479279963256
low,False,2,AP,0.2,0.691678543570193,0.3971766435981947,0.009010019103176212,0.006695046037290229
low,False,2,SL,0.2,0.5893175478193761,0.3174974763493555,0.00652709684152019,0.004790722389416582
low,False,2,AP,0.25,0.9235760923979873,0.5648805386021953,0.009973720779349824,0.0075255988507227445
low,False,2,SL,0.25,0.7522764898022422,0.41525656538004835,0.007145674119027814,0.005320559233909807
low,False,2,AP,0.3,1.197057461220343,0.7374686568850439,0.011332083018102065,0.008662869892993119
low,False,2,SL,0.3,0.913965545817884,0.5190201981198741,0.007850111245428474,0.005934472253643532
low,False,3,AP,0.05,0.2472052659724096,0.14157879799473938,0.006693928952024758,0.0047569084164375
low,False,3,SL,0.05,0.38487283640759423,0.25397551087398584,0.0052796442319305355,0.003757273121869055
low,False,3,AP,0.1,0.4641991698614731,0.3024708425949342,0.007095321840241021,0.005136864462766992
low,False,3,SL,0.1,0.5071939801668693,0.335807025750922,0.005483374209434006,0.003941943065512746
low,False,3,AP,0.15,0.7632079664806565,0.5335634855531186,0.007735036746504709,0.005742495461638527
low,False,3,SL,0.15,0.6849326748746907,0.4587006738223791,0.005806649403393057,0.004254843810570631
low,False,3,AP,0.2,1.0825418979222396,0.7864812052523367,0.008641324037082591,0.006578198735627233
low,False,3,SL,0.2,0.8832133127879506,0.6015996368781523,0.006294885783595623,0.004711662738461703
low,False,3,AP,0.25,1.419778526447377,1.0555257381652514,0.009608377709872624,0.007488222837578607
low,False,3,SL,0.25,1.0939903972578966,0.7588637577209311,0.006807778654312743,0.00520624630130632
low,False,3,AP,0.3,1.7732865933341777,1.3268123204398348,0.010726933374762332,0.008534846593580241
low,False,3,SL,0.3,1.3079217402112489,0.9118033310871394,0.007490496032916539,0.005849967877284772
low,False,4,AP,0.05,0.3369082196163549,0.21585083873837804,0.006668169197507275,0.004737585031896134
low,False,4,SL,0.05,0.47862643694353757,0.33202141590356565,0.005231130785634964,0.0037168860328357064
low,False,4,AP,0.1,0.5871506871027766,0.4118853708077489,0.007021424969450626,0.005102188424132896
low,False,4,SL,0.1,0.6147439962736772,0.4302589338289303,0.005393018704722024,0.0038776926941421733
low,False,4,AP,0.15,0.9229900770226628,0.6885491792390086,0.007626271734951155,0.00570540076457447
low,False,4,SL,0.15,0.8086291750465056,0.578741529447508,0.005708405358905325,0.004198002951406228
low,False,4,AP,0.2,1.289131949178701,0.9905701783036513,0.00838023751082522,0.006456549162171278
low,False,4,SL,0.2,1.0421542133749948,0.7522699796669767,0.0061200684592673405,0.00462602352200417
low,False,4,AP,0.25,1.7063850835162766,1.3231077507165112,0.009394946136664297,0.0074622814536082485
low,False,4,SL,0.25,1.281424374633826,0.9378773668170699,0.006656954676703389,0.005172607215057422
low,False,4,AP,0.3,2.102758279250883,1.6598029492080895,0.010379202162501334,0.008428467499961383
low,False,4,SL,0.3,1.530915085164994,1.1302238971532916,0.007267288336262912,0.005774832484155735
low,True,1,AP,0.05,-0.05617963197164574,-0.16667813869290068,0.007244238436907654,0.0052312943058529715
low,True,1,SL,0.05,0.024149024667753902,-0.10642918030049967,0.005785825352986058,0.004134826832653714
low,True,1,AP,0.1,-0.010726033638821504,-0.16941042820829497,0.007920468364936118,0.005698503534392681
low,True,1,SL,0.1,0.05552820103984256,-0.11023193140015737,0.00615321880443501,0.004385306950685655
low,True,1,AP,0.15,0.04212265205818125,-0.172950559368102,0.008914819253987745,0.006382231590348945
low,True,1,SL,0.15,0.09869015904422282,-0.11148241188531877,0.006687201040811116,0.00475738398188069
low,True,1,AP,0.2,0.112637785737778,-0.17230090183568342,0.010225430323026297,0.007275909351085796
low,True,1,SL,0.2,0.15318033278187598,-0.11304209855175168,0.007396076308672676,0.005246377333629913
low,True,1,AP,0.25,0.17605970718361513,-0.17355328968235878,0.011553305335876207,0.008195484152549734
low,True,1,SL,0.25,0.21924127468598195,-0.10875402440368334,0.008221079340906236,0.0058258102611216805
low,True,1,AP,0.3,0.26223804818789526,-0.17418305339194373,0.013018285144415685,0.00922061773698343
low,True,1,SL,0.3,0.25983129375045483,-0.11038969594834286,0.009044859735417146,0.006401012305131489
low,True,2,AP,0.05,0.3436038877787432,0.2239905280991153,0.007216438562091727,0.005419457691959592
low,True,2,SL,0.05,0.3928040417996035,0.25059123864652777,0.005603382904364896,0.00414447812374338
low,True,2,AP,0.1,0.5005988194071167,0.3345867089338234,0.0076584934578457445,0.005784374525351682
low,True,2,SL,0.1,0.4740033340104773,0.3017599994876178,0.005830072059717333,0.004327287525476654
low,True,2,AP,0.15,0.7047761987481623,0.4761455748957568,0.00843441570559984,0.006429550069092165
low,True,2,SL,0.15,0.6015363484114107,0.3797565834772938,0.006217355807242352,0.004655547492063421
low,True,2,AP,0.2,0.9232344830671113,0.6278864160848114,0.009394368053447549,0.007232501644050604
low,True,2,SL,0.2,0.7411059787605113,0.46622647613905144,0.006761415329129356,0.005120995847436603
low,True,2,AP,0.25,1.1556757736796743,0.7991831867675987,0.010398662401969346,0.008046848993226656
low,True,2,SL,0.25,0.885475122929941,0.5615509508914518,0.007364812898794908,0.0056266823562930585
low,True,2,AP,0.3,1.4124002954369004,0.9793561155492182,0.01166101535718549,0.009106917742353669
low,True,2,SL,0.3,1.0512945356922652,0.6622005908801618,0.008057990017132352,0.00621085450889767
low,True,3,AP,0.05,0.6059877013732171,0.4964429499745643,0.007330823250474088,0.00563446046245087
low,True,3,SL,0.05,0.5985966363594077,0.4670602202823585,0.005560944251343818,0.004166587114242435
low,True,3,AP,0.1,0.8231338998986126,0.6523002368334205,0.007649596934010843,0.005916147137331734
low,True,3,SL,0.1,0.7304521788402508,0.5522379985365776,0.005753155038463376,0.004351630641265468
low,True,3,AP,0.15,1.0984874542082583,0.862781763381461,0.008327049351771858,0.006525904189827398
low,True,3,SL,0.15,0.88987017843668,0.6668912724287341,0.0060919387067110455,0.004667764619140557
low,True,3,AP,0.2,1.4115406753471325,1.1180539222433015,0.009114214228415306,0.0072463243040511785
low,True,3,SL,0.2,1.0811625281585613,0.8009297983969641,0.006553511064884958,0.005098254344952475
low,True,3,AP,0.25,1.745018517412089,1.3733028421297497,0.01015296375732777,0.008191174844612466
low,True,3,SL,0.25,1.2969639463676186,0.9608835212380181,0.007138981176086265,0.005642076258289094
low,True,3,AP,0.3,2.1033135178170363,1.6545708783948838,0.011334100278798465,0.009274531253243694
low,True,3,SL,0.3,1.5194505514146417,1.1218882187146924,0.007788257327184895,0.006256571643628087
low,True,4,AP,0.05,0.7943106415343939,0.6796880518144174,0.007416424840980484,0.005767674243104567
low,True,4,SL,0.05,0.7376127429619416,0.6006018970421723,0.005571524263101326,0.00420901010118548
low,True,4,AP,0.1,1.0148822160755155,0.8563012348742696,0.007744823120881462,0.0060817651823960525
low,True,4,SL,0.1,0.8714577978724739,0.7000195689847057,0.005743528486413345,0.004384085569160134
low,True,4,AP,0.15,1.34493666017225,1.1158787578462401,0.00834746627957807,0.006663762630071318
low,True,4,SL,0.15,1.05817774666678,0.833463429977131,0.006046531296102075,0.004686729274848905
low,True,4,AP,0.2,1.7104912416154436,1.4074721575290257,0.009099355655476015,0.007392923058020408
low,True,4,SL,0.2,1.2887261465239217,1.003287816186653,0.006465522025615401,0.005103690791661928
low,True,4,AP,0.25,2.110022962879664,1.7357117146056127,0.010050562062409582,0.008293053313875363
low,True,4,SL,0.25,1.5303390527922258,1.1970983018954822,0.007019830975777034,0.00565775725773151
low,True,4,AP,0.3,2.5064861936789384,2.063879586246226,0.011114894973667676,0.009322931981370783
low,True,4,SL,0.3,1.7884266333685865,1.3947924522973432,0.007658941933391326,0.00628390929725253
