u,axis,cutoff_mm,estimator,fnr_mcse,fpr_mcse,nri_events_vs_A1_mcse,nri_nonevents_vs_A1_mcse,nri_vs_A1_mcse,ppv_mcse,prevalence_mcse,sensitivity_mcse,specificity_mcse,fnr,fpr,nri_events_vs_A1,nri_nonevents_vs_A1,nri_vs_A1,ppv,prevalence,sensitivity,specificity
base,AP,7.0,A1,0.0010158692065126917,0.0029794583764682706,0.0,0.0,0.0,0.0007722565261109402,0.001225951150739702,0.0010158692065126917,0.0029794583764682706,0.09279690104932825,0.2059813287016934,0.0,0.0,0.0,0.9512217066618681,0.81576,0.9072030989506717,0.7940186712983066
base,AP,7.0,A2,0.0012596432405242068,0.0021754291119277093,0.001049196014752945,0.002667971579535816,0.002866859715190874,0.0005872987774811605,0.001225951150739702,0.0012596432405242068,0.0021754291119277093,0.1527777777777778,0.09650455927051671,-0.05998087672844954,0.10947676943117673,0.049495892702727196,0.9749192422169246,0.81576,0.8472222222222222,0.9034954407294833
base,AP,7.0,A3,0.0007682083423431984,0.003388674704190515,0.0007029724943040089,0.0021901061241681613,0.0023001598124623617,0.0008702633932934855,0.001225951150739702,0.0007682083423431984,0.003388674704190515,0.05071344513092091,0.30395136778115506,0.04208345591840738,-0.09797003907946157,-0.055886583161054194,0.9325618083069401,0.81576,0.9492865548690791,0.6960486322188449
base,AP,7.0,A4,0.0007832298677120847,0.003368703478115593,0.0006857888810352776,0.002126509597779807,0.002234356609586136,0.0008648138869692924,0.001225951150739702,0.0007832298677120847,0.003368703478115593,0.052834166911836844,0.2977095093356491,0.03996273413749142,-0.09172818063395571,-0.05176544649646429,0.933716813089872,0.81576,0.9471658330881632,0.7022904906643509
base,AP,7.0,A5,0.0012654968747413927,0.002283735763715002,0.0009839108914189213,0.0024676575691192602,0.0026565794775772005,0.0006189129768768044,0.001225951150739702,0.0012654968747413927,0.002283735763715002,0.1545184858291654,0.10768562744246635,-0.06172158477983721,0.09829570125922708,0.03657411647938987,0.9720386160242407,0.81576,0.8454815141708346,0.8923143725575337
base,AP,7.0,A6,0.0011261082350269079,0.003036815947371512,0.0009456152432347239,0.0027261787427645874,0.002885522262215174,0.0008096362751499928,0.001225951150739702,0.0011261082350269079,0.003036815947371512,0.11717907227615965,0.21699956578376034,-0.02438217122683142,-0.011018237082066881,-0.035400408308898304,0.9474051174110373,0.81576,0.8828209277238404,0.7830004342162397
base,AP,7.0,A7,0.0008022431026946697,0.00318828306462157,0.0008475305542430967,0.0027877486177512846,0.0029137347847993664,0.0008068613723409189,0.001225951150739702,0.0008022431026946697,0.00318828306462157,0.055592331077767954,0.2495657837603127,0.03720456997156026,-0.043584455058619194,-0.006379885087058931,0.9436788789671603,0.81576,0.944407668922232,0.7504342162396873
base,AP,10.0,A1,0.0016383747497776752,0.0014312250012038237,0.0,0.0,0.0,0.001480461135737334,0.0015811092195038266,0.0016383747497776752,0.0014312250012038237,0.16093507732676027,0.11502394655290382,0.0,0.0,0.0,0.8807327963944415,0.50306,0.8390649226732397,0.8849760534470962
base,AP,10.0,A2,0.0019786355266959714,0.0009308867136468792,0.0016852360645073794,0.001291649470928794,0.0021232943622745653,0.0011789924937326327,0.0015811092195038266,0.0019786355266959714,0.0009308867136468792,0.269669621913887,0.04509598744315213,-0.1087345445871268,0.06992795910975169,-0.0388065854773751,0.9425104538108309,0.50306,0.730330378086113,0.9549040125568479
base,AP,10.0,A3,0.001307294253842593,0.0017048395117345687,0.001106473857495507,0.0010659001394130695,0.0015363682841434173,0.0015760998219559671,0.0015811092195038266,0.001307294253842593,0.0017048395117345687,0.09499860851588282,0.17509156034933793,0.06593646881087743,-0.060067613796434174,0.005868855014443258,0.8395478350667552,0.50306,0.9050013914841172,0.8249084396506621
base,AP,10.0,A4,0.0013445448127534856,0.0016690129406804614,0.001056806263936619,0.0009864430655428511,0.0014456518948395747,0.0015621697507772671,0.0015811092195038266,0.0013445448127534856,0.0016690129406804614,0.1011807736651692,0.16597577172294442,0.05975430366159106,-0.05095182517004065,0.008802478491550414,0.8457279664821188,0.50306,0.8988192263348308,0.8340242282770556
base,AP,10.0,A5,0.0019686758299543067,0.0010107701172890743,0.0015655821307818747,0.0011817628244813728,0.0019615327633128402,0.0012586039574467496,0.0015811092195038266,0.0019686758299543067,0.0010107701172890743,0.26541565618415297,0.05364832776592743,-0.10448057885739276,0.0613756187869763,-0.043104960070416455,0.9327107521453811,0.50306,0.734584343815847,0.9463516722340726
base,AP,10.0,A6,0.0017442898238368225,0.0015141394167192282,0.0014552484729979923,0.0013092614930758468,0.001957527464791793,0.0015837020346783858,0.0015811092195038266,0.0017442898238368225,0.0015141394167192282,0.18864548960362582,0.1311224695134221,-0.027710412276865583,-0.01609852296051837,-0.04380893523738395,0.8623341502577537,0.50306,0.8113545103963742,0.8688775304865779
base,AP,10.0,A7,0.0013211375133636383,0.0015631509088011345,0.0013793714773469396,0.0013377525581623985,0.0019215222037198322,0.0014876457492095537,0.0015811092195038266,0.0013211375133636383,0.0015631509088011345,0.09726473979247008,0.1414255242081539,0.06367033753429015,-0.026401577655250127,0.03726875987904002,0.865982723441582,0.50306,0.9027352602075299,0.8585744757918461
base,AP,13.0,A1,0.0025465849546581,0.0009032930416432957,0.0,0.0,0.0,0.0024775035738208297,0.001384669158680152,0.0025465849546581,0.0009032930416432957,0.2131394764316925,0.06467581165108782,0.0,0.0,0.0,0.8092984409799554,0.25861,0.7868605235683075,0.9353241883489122
base,AP,13.0,A2,0.0029782845395931483,0.0005601875804983455,0.0026262878625285258,0.0008242512454275524,0.0027525947853713453,0.0021709678828945294,0.001384669158680152,0.0029782845395931483,0.0005601875804983455,0.3564440663547427,0.02383360984097438,-0.14330458992305015,0.040842201810113436,-0.1024623881129367,0.9040195545898968,0.25861,0.6435559336452573,0.9761663901590256
base,AP,13.0,A3,0.002085712574638143,0.001118825467841906,0.0017244256361542143,0.0007096529619635702,0.001864738882806259,0.0025056524663332473,0.001384669158680152,0.002085712574638143,0.001118825467841906,0.12919067321449285,0.10352176317457751,0.08394880321719965,-0.03884595152348966,0.04510285169370999,0.7458188441795,0.25861,0.8708093267855072,0.8964782368254225
base,AP,13.0,A4,0.0021598061802239723,0.0010705314122773687,0.0016157109433932266,0.0006171194915525231,0.0017295543701932807,0.0024935495833299077,0.001384669158680152,0.0021598061802239723,0.0010705314122773687,0.14032713352151893,0.09375632258325572,0.07281234291017362,-0.029080510932167954,0.04373183197800566,0.7618133845046774,0.25861,0.8596728664784811,0.9062436774167443
base,AP,13.0,A5,0.0029535767104324037,0.0006068895004523473,0.0024053711104472675,0.0007537460136733687,0.0025207029242064237,0.0022606873540876146,0.001384669158680152,0.0029535767104324037,0.0006068895004523473,0.3437995437144735,0.0280958739664684,-0.13066006728278104,0.03657993768461944,-0.0940801295981616,0.8906733847688029,0.25861,0.6562004562855265,0.9719041260335316
base,AP,13.0,A6,0.0026564036637583125,0.0009912691634509463,0.002273255514929407,0.0008520597617008977,0.0024276936531751185,0.0026340373361779528,0.001384669158680152,0.0026564036637583125,0.0009912691634509463,0.2401685936352036,0.07910816169627322,-0.02702911720351108,-0.014432350045185394,-0.041461467248696475,0.770135214579659,0.25861,0.7598314063647964,0.9208918383037268
base,AP,13.0,A7,0.0020846487577264004,0.0009825636699048236,0.002144633776133031,0.0008549441810996572,0.0023087623495125667,0.002393976861970868,0.001384669158680152,0.0020846487577264004,0.0009825636699048236,0.1290360001546731,0.07759748580369308,0.08410347627701945,-0.012921674152605239,0.0711818021244142,0.7965484315875093,0.25861,0.8709639998453269,0.9224025141963069
base,SL,7.0,A1,0.0018832195809413217,0.001343556794576192,0.0,0.0,0.0,0.0018810542283186314,0.0015548308946634678,0.0018832195809413217,0.001343556794576192,0.17613705794657475,0.12138855508352653,0.0,0.0,0.0,0.8245682696541266,0.40917,0.8238629420534253,0.8786114449164735
base,SL,7.0,A2,0.0022105564083265286,0.0009255078741537258,0.001890688241931899,0.0011966146905608153,0.002237540780822886,0.0016302777336290207,0.0015548308946634678,0.0022105564083265286,0.0009255078741537258,0.27626658845956453,0.05346715637323762,-0.1001295305129897,0.06792139871028892,-0.03220813180270078,0.9036067374588063,0.40917,0.7237334115404355,0.9465328436267624
base,SL,7.0,A3,0.001486360953269629,0.0015959820545607356,0.001307214617805229,0.0010007825975038513,0.001646321920060055,0.0019224093140324237,0.0015548308946634678,0.001486360953269629,0.0015959820545607356,0.10049612630447002,0.1845539326032869,0.07564093164210475,-0.06316537751976034,0.012475554122344412,0.771447735228154,0.40917,0.89950387369553,0.8154460673967131
base,SL,7.0,A4,0.0015096717465694822,0.0015819572862996235,0.001278270136961417,0.000969513673225997,0.001604347626176922,0.0019205110580315361,0.0015548308946634678,0.0015096717465694822,0.0015819572862996235,0.10408876506097708,0.18040722373610008,0.07204829288559768,-0.0590186686525735,0.01302962423302418,0.7747321258744214,0.40917,0.8959112349390229,0.8195927762638999
base,SL,7.0,A5,0.0022069143094422534,0.0009926113432551281,0.0017488829745713717,0.0010912674994304542,0.0020614209696369168,0.0017135145244279119,0.0015548308946634678,0.0022069143094422534,0.0009926113432551281,0.27480020529364324,0.062065230269282234,-0.09866314734706845,0.05932332481424437,-0.03933982253282408,0.8900119976004799,0.40917,0.7251997947063568,0.9379347697307178
base,SL,7.0,A6,0.0020118193584522156,0.0014105209985110362,0.0017193934589504365,0.001241941600812042,0.0021210216421595333,0.001986966715970544,0.0015548308946634678,0.0020118193584522156,0.0014105209985110362,0.20949727497128334,0.1360628268706735,-0.03336021702470856,-0.014674271787146892,-0.04803448881185545,0.8009360142630745,0.40917,0.7905027250287167,0.8639371731293265
base,SL,7.0,A7,0.0015734152978794202,0.0014634261345329242,0.001583296732380572,0.0012548954103047355,0.0020202947887798177,0.0018675352645470724,0.0015548308946634678,0.0015734152978794202,0.0014634261345329242,0.11437788694185791,0.14862143086843926,0.06175917100471686,-0.02723287578491275,0.03452629521980411,0.8049446887911502,0.40917,0.8856221130581421,0.8513785691315607
base,SL,10.0,A1,0.003500306994307614,0.0007274344639954739,0.0,0.0,0.0,0.0035762820048574053,0.00111709523989676,0.003500306994307614,0.0007274344639954739,0.2336640437906261,0.047432218773789336,0.0,0.0,0.0,0.7344262295081967,0.14615,0.7663359562093739,0.9525677812262107
base,SL,10.0,A2,0.0040081098952030585,0.0004478187849302524,0.003553460456594845,0.0006555523552023181,0.003613423599163894,0.003374619263771781,0.00111709523989676,0.0040081098952030585,0.0004478187849302524,0.37666780704755387,0.0174269485272589,-0.14300376325692782,0.03000527024653042,-0.1129984930103974,0.8595961502170221,0.14615,0.6233321929524461,0.9825730514727411
base,SL,10.0,A3,0.002878934794031487,0.0008998399155970743,0.0023982764349117316,0.0005575559793729738,0.0024622344584518106,0.0034350878027543164,0.00111709523989676,0.002878934794031487,0.0008998399155970743,0.14101950051317136,0.07472038414241378,0.09264454327745467,-0.027288165368624464,0.0653563779088302,0.6630400338016267,0.14615,0.8589804994868286,0.9252796158575862
base,SL,10.0,A4,0.0029479296173696877,0.0008712811011250692,0.0022990256756894784,0.0005046577359698664,0.0023537626235357067,0.0034508080988824726,0.00111709523989676,0.0029479296173696877,0.0008712811011250692,0.1492986657543619,0.06967265913216603,0.08436537803626411,-0.022240440358376763,0.06212493767788735,0.6763681862691764,0.14615,0.8507013342456381,0.930327340867834
base,SL,10.0,A5,0.003990670074283144,0.0004854293882305853,0.0032719064190667797,0.000602013519299586,0.0033268291048008268,0.003496086887334184,0.00111709523989676,0.003990670074283144,0.0004854293882305853,0.3686623332192952,0.020542249809685553,-0.13499828942866918,0.026889968964103766,-0.10810832046456541,0.8402695565066933,0.14615,0.6313376667807048,0.9794577501903144
base,SL,10.0,A6,0.003650632307980887,0.0007988368587880661,0.0031262935127801066,0.0006917581201288732,0.0032019119951702626,0.003709360383217722,0.00111709523989676,0.003650632307980887,0.0007988368587880661,0.2650017105713308,0.05783217192715351,-0.03133766678070475,-0.010399953153364174,-0.04173761993406892,0.6850765306122449,0.14615,0.7349982894286692,0.9421678280728465
base,SL,10.0,A7,0.0029283041938563703,0.0007939588586416799,0.003010596285265165,0.0006808945456704042,0.003086633663908971,0.003413440888032771,0.00111709523989676,0.0029283041938563703,0.0007939588586416799,0.14690386589120763,0.05708262575393808,0.08676017789941841,-0.009650406980148737,0.07710977091926967,0.718948218198593,0.14615,0.8530961341087924,0.9429173742460619
base,SL,13.0,A1,0.0065648267221275845,0.0004570098919973066,0.0,0.0,0.0,0.006604274453825005,0.0006695991151427845,0.0065648267221275845,0.0004570098919973066,0.2826780021253985,0.020315861272889424,0.0,0.0,0.0,0.6354735454716626,0.04705,0.7173219978746015,0.9796841387271106
base,SL,13.0,A2,0.007243503064147289,0.00027186753736728377,0.006648659076704631,0.00040470170778713184,0.006660964719207923,0.00704048338599903,0.0006695991151427845,0.007243503064147289,0.00027186753736728377,0.4439957492029756,0.007093761477517169,-0.16131774707757707,0.013222099795372264,-0.1480956472822048,0.7946537059538274,0.04705,0.5560042507970244,0.9929062385224828
base,SL,13.0,A3,0.005535797081813233,0.000573967229228278,0.004524409432179729,0.000354616170695349,0.0045382852861532985,0.005948221329610425,0.0006695991151427845,0.005535797081813233,0.000573967229228278,0.1747077577045696,0.03244661314864372,0.1079702444208289,-0.012130751875754237,0.09583949254507466,0.5567025089605735,0.04705,0.8252922422954304,0.9675533868513563
base,SL,13.0,A4,0.005677358509537234,0.0005453493168738488,0.00430037459243637,0.00030386360921861764,0.004311096696697911,0.006072427496892813,0.0006695991151427845,0.005677358509537234,0.0005453493168738488,0.18639744952178539,0.02919355684978231,0.09628055260361318,-0.008877695576892806,0.08740285702672038,0.5791225416036309,0.04705,0.8136025504782146,0.9708064431502177
base,SL,13.0,A5,0.007228456517842018,0.00029665589011984323,0.0060978019865967886,0.00037610918410032175,0.0061093900829876915,0.00718275347531467,0.0006695991151427845,0.007228456517842018,0.00029665589011984323,0.4354941551540914,0.008457946377039671,-0.1528161530286929,0.01185791489584973,-0.14095823813284317,0.7671865973425765,0.04705,0.5645058448459086,0.9915420536229603
base,SL,13.0,A6,0.00669892186644981,0.0005159410964910886,0.005571146814271217,0.0004286880272328045,0.005587615793060318,0.006523458884877956,0.0006695991151427845,0.00669892186644981,0.0005159410964910886,0.30286928799149837,0.02604543785088409,-0.02019128586609989,-0.005729576577994649,-0.02592086244409454,0.5692467893092676,0.04705,0.6971307120085016,0.9739545621491159
base,SL,13.0,A7,0.00557788625342528,0.00048594479105643757,0.005479043851994943,0.0004187374434891212,0.005495021617670252,0.006172775045793642,0.0006695991151427845,0.00557788625342528,0.00048594479105643757,0.17810839532412326,0.023033737341938143,0.10456960680127525,-0.0027178760690487443,0.1018517307322265,0.637908281095348,0.04705,0.8218916046758767,0.9769662626580619
low,AP,7.0,A1,0.0009425446913441966,0.0030782315240246334,0.0,0.0,0.0,0.0008027722054142975,0.0012318139433372232,0.0009425446913441966,0.0030782315240246334,0.07841715121639392,0.2293464858199753,0.0,0.0,0.0,0.9460162027105469,0.81347,0.9215828487836061,0.7706535141800247
low,AP,7.0,A2,0.0009377964340348098,0.0027870265847410574,0.0007943932981091567,0.0025774955774534205,0.0026971362894508476,0.0007156938227918387,0.0012318139433372232,0.0009377964340348098,0.0027870265847410574,0.07755664007277463,0.17578941725191655,0.0008605111436193122,0.05355706856805876,0.05441757971167807,0.9581316955450285,0.81347,0.9224433599272254,0.8242105827480835
low,AP,7.0,A3,0.0005923223154707697,0.003544118548907622,0.0007569532126868376,0.0025805550363346107,0.0026892828898702438,0.0009323393087698554,0.0012318139433372232,0.0005923223154707697,0.003544118548907622,0.029404895079105597,0.37468503725942204,0.04901225613728841,-0.14533855143944674,-0.09632629530215833,0.9186796053243973,0.81347,0.9705951049208944,0.625314962740578
low,AP,7.0,A4,0.0006110756849890032,0.0035299748832121115,0.0007424679881358889,0.002526110824822258,0.0026329630860858536,0.0009271138838977395,0.0012318139433372232,0.0006110756849890032,0.0035299748832121115,0.03135948467675509,0.3674475955610358,0.04705766653963883,-0.1381011097410604,-0.09104344320142158,0.9199766491535318,0.81347,0.9686405153232449,0.6325524044389642
low,AP,7.0,A5,0.0009661209402089634,0.0028111814422800445,0.0007356783098785635,0.0023245222867676256,0.0024381604617631654,0.0007264566961503225,0.0012318139433372232,0.0009661209402089634,0.0028111814422800445,0.08278117201617763,0.17970299683696989,-0.004364020799783642,0.04964348898300541,0.045279468183221774,0.9570063490027576,0.81347,0.9172188279838224,0.8202970031630301
low,AP,7.0,A6,0.001058549406683393,0.0031502353043904507,0.0008978005266717199,0.0027609609404835506,0.002903265592495428,0.000844810740618431,0.0012318139433372232,0.001058549406683393,0.0031502353043904507,0.10144197081637918,0.24526885755642525,-0.02302481959998525,-0.015922371736449906,-0.03894719133643516,0.9410969486288142,0.81347,0.8985580291836208,0.7547311424435748
low,AP,7.0,A7,0.0007805377354305797,0.0030959962018087222,0.0007727497381651372,0.002618007548793327,0.0027296713507990542,0.000787824588954366,0.0012318139433372232,0.0007805377354305797,0.0030959962018087222,0.05229449149937915,0.23315284404653402,0.026122659717014766,-0.00380635822655874,0.022316301490456027,0.9466000343802952,0.81347,0.9477055085006209,0.766847155953466
low,AP,10.0,A1,0.0015332920829381638,0.0015237509089451233,0.0,0.0,0.0,0.0015293857514068986,0.0015811372359792178,0.0015332920829381638,0.0015237509089451233,0.13583288269342464,0.13428930918096305,0.0,0.0,0.0,0.8651721441318602,0.49929,0.8641671173065754,0.865710690819037
low,AP,10.0,A2,0.0015662429460028158,0.0012919574936617025,0.0013134296741232003,0.0012665330821118883,0.0018246105219885188,0.001360774159234294,0.0015811372359792178,0.0015662429460028158,0.0012919574936617025,0.14290292214945222,0.0920492900081884,-0.007070039456027556,0.04224001917277466,0.0351699797167471,0.9027698668860621,0.49929,0.8570970778505478,0.9079507099918116
low,AP,10.0,A3,0.0010426986186059229,0.0018706113521521869,0.0012017780843636434,0.001293090268021344,0.00176531951932455,0.001637099163098419,0.0015811372359792178,0.0010426986186059229,0.0018706113521521869,0.057601794548258534,0.22651834395158876,0.07823108814516613,-0.09222903477062572,-0.013997946625459584,0.8057710420412707,0.49929,0.9423982054517415,0.7734816560484112
low,AP,10.0,A4,0.0010904691439678786,0.0018341976626900622,0.0011600901005100121,0.0012134104198114255,0.0016787417574505824,0.0016251154011536248,0.0015811372359792178,0.0010904691439678786,0.0018341976626900622,0.06339001381962384,0.21443550158774538,0.0724428688738008,-0.08014619240678236,-0.00770332353298156,0.8132728126467366,0.49929,0.9366099861803762,0.7855644984122546
low,AP,10.0,A5,0.0016011328326197892,0.0013083002461109472,0.0012172849307085954,0.0011668269970643301,0.0016861992301055034,0.001385010103760418,0.0015811372359792178,0.0016011328326197892,0.0013083002461109472,0.1507140138997376,0.09466557488366523,-0.014881131206312966,0.03962373429729784,0.024742603090984874,0.8994569828610216,0.49929,0.8492859861002624,0.9053344251163348
low,AP,10.0,A6,0.0016624199218269328,0.0015973430725094735,0.0014194220412321865,0.0013880013942651882,0.001985272475409321,0.0016229526077955413,0.0015811372359792178,0.0016624199218269328,0.0015973430725094735,0.16531474694065573,0.15036647959896943,-0.029481864247231072,-0.01607717041800643,-0.0455590346652375,0.8469839850418666,0.49929,0.8346852530593443,0.8496335204010306
low,AP,10.0,A7,0.0013114543300890677,0.0015015294730517526,0.001245189346365204,0.0012788015571146565,0.0017848893329224292,0.0014579692688182768,0.0015811372359792178,0.0013114543300890677,0.0015015294730517526,0.09487472210538961,0.1297158035589463,0.04095816058803501,0.004573505622016735,0.045531666210051745,0.8743397759591387,0.49929,0.9051252778946104,0.8702841964410537
low,AP,13.0,A1,0.0023850221360521367,0.0009777012734382019,0.0,0.0,0.0,0.002495918026362488,0.0013826054936242659,0.0023850221360521367,0.0009777012734382019,0.17818436079710986,0.07689510753194984,0.0,0.0,0.0,0.7874637087768928,0.25743,0.8218156392028901,0.9231048924680502
low,AP,13.0,A2,0.0024564383069663903,0.0008088274211089413,0.002087870578076433,0.0008252131005741777,0.002245034568142875,0.002305209689900959,0.0013826054936242659,0.0024564383069663903,0.0008088274211089413,0.1923241269471313,0.05120056021654529,-0.014139766150021368,0.02569454731540461,0.011554781165383242,0.8454094494592177,0.25743,0.8076758730528687,0.9487994397834547
low,AP,13.0,A3,0.0016763707423762524,0.0012633191455092793,0.0018671026758721471,0.0008748479401617136,0.002061899929835133,0.0024897613942827584,0.0013826054936242659,0.0016763707423762524,0.0012633191455092793,0.07850677854173949,0.13738772102293384,0.09967758225537039,-0.06049261349098402,0.039184968764386374,0.6992689541327674,0.25743,0.9214932214582605,0.8626122789770662
low,AP,13.0,A4,0.001775003668402409,0.0012062537740239615,0.0017760513273938725,0.0007714396078100384,0.0019363567300566397,0.0024885627515990735,0.0013826054936242659,0.001775003668402409,0.0012062537740239615,0.08903391213145317,0.12323417320925978,0.08915044866565669,-0.04633906567730988,0.04281138298834681,0.7193116986687933,0.25743,0.9109660878685468,0.8767658267907402
low,AP,13.0,A5,0.0025100254464465255,0.0008139394008987946,0.0019349913433018044,0.000755886380869172,0.0020773915662282874,0.002338555772402263,0.0013826054936242659,0.0025100254464465255,0.0008139394008987946,0.20366701627626926,0.05188736415422113,-0.02548265547915938,0.0250077433777287,-0.0004749121014306773,0.8417854063154436,0.25743,0.7963329837237307,0.9481126358457789
low,AP,13.0,A6,0.0025314940272896844,0.0010600370552433839,0.002176904480729352,0.0009052134289886969,0.002357609906290904,0.0026283981867834825,0.0013826054936242659,0.0025314940272896844,0.0010600370552433839,0.2084061686672105,0.09188359346593589,-0.030221807870100606,-0.01498848593398602,-0.04521029380408663,0.7491636336899379,0.25743,0.7915938313327895,0.9081164065340641
low,AP,13.0,A7,0.002054671344925608,0.0009516361392996929,0.0019972873154832636,0.0008209821018484352,0.0021594370174065776,0.0023601510396332546,0.0013826054936242659,0.002054671344925608,0.0009516361392996929,0.12407256341529738,0.07250494902837445,0.05411179738181253,0.004390158503575419,0.05850195588538795,0.8072530698457022,0.25743,0.8759274365847026,0.9274950509716255
low,SL,7.0,A1,0.0017811572845261598,0.0014124714040063752,0.0,0.0,0.0,0.0018995497661630936,0.00155401245683553,0.0017811572845261598,0.0014124714040063752,0.15268036686448572,0.13689169565364223,0.0,0.0,0.0,0.8099580393351931,0.40778,0.8473196331355143,0.8631083043463578
low,SL,7.0,A2,0.001794653400235522,0.0012287565432055328,0.0015056559551436571,0.0011647624647095562,0.0019035943513405996,0.0017577539537051408,0.00155401245683553,0.001794653400235522,0.0012287565432055328,0.15552503801069206,0.09927054135287561,-0.00284467114620629,0.03762115430076661,0.03477648315456032,0.8541733845963041,0.40778,0.8444749619893079,0.9007294586471244
low,SL,7.0,A3,0.0012068730205109823,0.0017326147837556846,0.0014119556820981248,0.0012013194123345792,0.001853857378187729,0.0019350076106792002,0.00155401245683553,0.0012068730205109823,0.0017326147837556846,0.06341654813870223,0.23126540812535878,0.08926381872578351,-0.0943737124717166,-0.005109893745933083,0.7360468701819303,0.40778,0.9365834518612978,0.7687345918746412
low,SL,7.0,A4,0.0012393617648206075,0.0017184888628110568,0.0013849865233622962,0.00117039681750425,0.0018132888298115271,0.0019348787818671016,0.00155401245683553,0.0012393617648206075,0.0017184888628110568,0.06714404826131737,0.22594643882341026,0.08553631860316838,-0.089054743169768,-0.0035184245665996206,0.7397755780712161,0.40778,0.9328559517386826,0.7740535611765897
low,SL,7.0,A5,0.0018324636277912679,0.0012438607829628311,0.0013881012486940093,0.0010759286153076508,0.0017562595086899051,0.0017847561556679577,0.00155401245683553,0.0018324636277912679,0.0012438607829628311,0.16374025209671883,0.10203978251325518,-0.011059885232233065,0.03485191314038702,0.023792027908153955,0.8494669190912715,0.40778,0.8362597479032812,0.8979602174867448
low,SL,7.0,A6,0.0019270112397715168,0.0014680092554180415,0.0016759550959469865,0.001287802750327113,0.002113589697027488,0.0019900262136258663,0.00155401245683553,0.0019270112397715168,0.0014680092554180415,0.18603168375104218,0.1501806761000979,-0.03335131688655647,-0.013288980446455705,-0.04664029733301218,0.7886708168987312,0.40778,0.8139683162489578,0.8498193238999021
low,SL,7.0,A7,0.001551331040819514,0.0013868982805618657,0.001446396045558725,0.0011707242047865126,0.001860821507904756,0.001815709105933398,0.00155401245683553,0.001551331040819514,0.0013868982805618657,0.11030457599686105,0.13109992908040935,0.042375790867624705,0.005791766573232916,0.04816755744085762,0.8237217328126419,0.40778,0.889695424003139,0.8689000709195907
low,SL,10.0,A1,0.003363757230423367,0.0007900367654591917,0.0,0.0,0.0,0.003580993930705537,0.0011102432165971561,0.003363757230423367,0.0007900367654591917,0.2049305555555555,0.0566355140186916,0.0,0.0,0.0,0.7025219365527398,0.144,0.7950694444444445,0.9433644859813084
low,SL,10.0,A2,0.003404489788445366,0.0006470125957198327,0.0029128058570422463,0.0006510406999821945,0.002984676189112132,0.0034310556481113408,0.0011102432165971561,0.003404489788445366,0.0006470125957198327,0.21173611111111112,0.037219626168224273,-0.006805555555555551,0.01941588785046729,0.01261033229491174,0.7808351104079246,0.144,0.7882638888888889,0.9627803738317757
low,SL,10.0,A3,0.0023715274953455,0.0010270272207094056,0.00266895732689192,0.0006989195337999476,0.0027589530129194296,0.0033187079525028138,0.0011102432165971561,0.0023715274953455,0.0010270272207094056,0.0888888888888889,0.10036214953271028,0.11604166666666667,-0.04372663551401869,0.07231503115264798,0.6043019667449679,0.144,0.9111111111111111,0.8996378504672897
low,SL,10.0,A4,0.002477465566814649,0.0009954248697030717,0.0025753550220055095,0.0006446648768360844,0.0026548156796273228,0.0033520168733768324,0.0011102432165971561,0.002477465566814649,0.0009954248697030717,0.09798611111111111,0.09357476635514017,0.10694444444444444,-0.0369392523364486,0.07000519210799584,0.6185532644411639,0.144,0.9020138888888889,0.9064252336448598
low,SL,10.0,A5,0.0034912240476772964,0.0006535145715635278,0.0027109435995758832,0.0006055955871521363,0.002777761907590279,0.0034883125715952984,0.0011102432165971561,0.0034912240476772964,0.0006535145715635278,0.2270833333333333,0.038002336448598184,-0.02215277777777777,0.01863317757009346,-0.003519600207684312,0.7738302162274908,0.144,0.7729166666666667,0.9619976635514018
low,SL,10.0,A6,0.0035663960819987436,0.0008573039226462518,0.0031417655120705742,0.0007339351014713176,0.0032263526258001912,0.0036808682761931407,0.0011102432165971561,0.0035663960819987436,0.0008573039226462518,0.24145833333333333,0.06746495327102808,-0.03652777777777778,-0.010829439252336447,-0.047357217030114224,0.6541501976284585,0.144,0.7585416666666667,0.9325350467289719
low,SL,10.0,A7,0.0029312534252402466,0.0007577276112129082,0.002829108104389744,0.000645281529432035,0.0029017651384200408,0.0034089404790930465,0.0011102432165971561,0.0029312534252402466,0.0007577276112129082,0.14465277777777774,0.05183411214953271,0.06027777777777778,0.004801401869158879,0.06507917964693666,0.73516772114122,0.144,0.8553472222222223,0.9481658878504673
low,SL,13.0,A1,0.006256818042827858,0.00048459762097010164,0.0,0.0,0.0,0.0064634430837542415,0.0006571472217091083,0.006256818042827858,0.00048459762097010164,0.22993588326332082,0.022947935104789652,0.0,0.0,0.0,0.6138526612618964,0.04523,0.7700641167366792,0.9770520648952103
low,SL,13.0,A2,0.006431405862593498,0.0003910544006879366,0.005385428999939456,0.00040776209706081955,0.005400843956382032,0.006569147681168036,0.0006571472217091083,0.006431405862593498,0.0003910544006879366,0.24917090426707933,0.014820323219204679,-0.019235021003758568,0.00812761188558501,-0.011107409118173558,0.7058823529411765,0.04523,0.7508290957329207,0.9851796767807953
low,SL,13.0,A3,0.004690951579280799,0.0006634514591052662,0.004794134021873337,0.0004641472290788448,0.004816549975858756,0.0055158646709763375,0.0006571472217091083,0.004690951579280799,0.0006634514591052662,0.11209374309086895,0.04395823077809313,0.11784214017245191,-0.02101029567330352,0.09683184449914839,0.4889808839644466,0.04523,0.887906256909131,0.9560417692219069
low,SL,13.0,A4,0.004934702250539179,0.000625030280132451,0.004537298475227076,0.00040429021283953833,0.00455527474797029,0.0057106358882818425,0.0006571472217091083,0.004934702250539179,0.000625030280132451,0.12602255140393548,0.03880515726300571,0.10391333185938537,-0.015857222158216114,0.08805610970116926,0.5161922172891095,0.04523,0.8739774485960645,0.9611948427369943
low,SL,13.0,A5,0.006599246041195421,0.0003932256459095896,0.004987266648478411,0.00037177309389195074,0.005001104263696877,0.006674699578751544,0.0006571472217091083,0.006599246041195421,0.0003932256459095896,0.2697324784435109,0.014987902845711498,-0.039796595180190145,0.007960032259078102,-0.03183656292111205,0.6977186311787072,0.04523,0.7302675215564891,0.9850120971542885
low,SL,13.0,A6,0.006522162805716882,0.0005458412815011933,0.005857527512436839,0.00046406303754410375,0.0058758814710449326,0.006352854085437501,0.0006571472217091083,0.006522162805716882,0.0005458412815011933,0.26000442184390893,0.029305487185395385,-0.030068538580588097,-0.006357552080605801,-0.0364260906611939,0.5446704637917006,0.04523,0.7399955781560911,0.9706945128146046
low,SL,13.0,A7,0.0055942555399743025,0.00046312714580137675,0.0051192286504508164,0.0004133614908093325,0.005135890351018079,0.006280401741011188,0.0006571472217091083,0.0055942555399743025,0.00046312714580137675,0.1706831748839266,0.020916032133393436,0.059252708379394205,0.002031902971396252,0.061284611350790455,0.6525748086290883,0.04523,0.8293168251160734,0.9790839678666066
