name,table,selector,value,mcse,lo95,hi95
p_met_first_N sinus N3 W0.1,results/2026-09-18_full/analysis/E2_window_met.csv,p_beat_cv=0.15; p_data_mode=prospective; axis=AP; rhythm_state=sinus; p_N_beats=3; W=0.1,0.21275,0.00129417,0.210213,0.215287
p_met_first_N sinus N3 W0.15,results/2026-09-18_full/analysis/E2_window_met.csv,p_beat_cv=0.15; p_data_mode=prospective; axis=AP; rhythm_state=sinus; p_N_beats=3; W=0.15,0.41789,0.00155967,0.414833,0.420947
p_met_first_N sinus N3 W0.2,results/2026-09-18_full/analysis/E2_window_met.csv,p_beat_cv=0.15; p_data_mode=prospective; axis=AP; rhythm_state=sinus; p_N_beats=3; W=0.2,0.60568,0.00154542,0.602651,0.608709
p_met_first_N sinus N3 W0.25,results/2026-09-18_full/analysis/E2_window_met.csv,p_beat_cv=0.15; p_data_mode=prospective; axis=AP; rhythm_state=sinus; p_N_beats=3; W=0.25,0.75477,0.00136049,0.752103,0.757437
p_met_first_N sinus N5 W0.1,results/2026-09-18_full/analysis/E2_window_met.csv,p_beat_cv=0.15; p_data_mode=prospective; axis=AP; rhythm_state=sinus; p_N_beats=5; W=0.1,0.0406,0.000624112,0.0393767,0.0418233
p_met_first_N sinus N5 W0.15,results/2026-09-18_full/analysis/E2_window_met.csv,p_beat_cv=0.15; p_data_mode=prospective; axis=AP; rhythm_state=sinus; p_N_beats=5; W=0.15,0.15158,0.00113403,0.149357,0.153803
p_met_first_N sinus N5 W0.2,results/2026-09-18_full/analysis/E2_window_met.csv,p_beat_cv=0.15; p_data_mode=prospective; axis=AP; rhythm_state=sinus; p_N_beats=5; W=0.2,0.32939,0.00148624,0.326477,0.332303
p_met_first_N sinus N5 W0.25,results/2026-09-18_full/analysis/E2_window_met.csv,p_beat_cv=0.15; p_data_mode=prospective; axis=AP; rhythm_state=sinus; p_N_beats=5; W=0.25,0.52668,0.00157889,0.523585,0.529775
p_met_first_N SL sinus N3 W0.15,results/2026-09-18_full/analysis/E2_window_met.csv,p_beat_cv=0.15; p_data_mode=prospective; axis=SL; rhythm_state=sinus; p_N_beats=3; W=0.15,0.3126,0.00146588,0.309727,0.315473
beats_acquired sinus N3 W0.0,results/2026-09-18_full/analysis/E2_beats_acquired.csv,p_beat_cv=0.15; p_data_mode=prospective; axis=AP; rhythm_state=sinus; p_N_beats=3; W=0.0,3,0,3,3
beats_acquired sinus N3 W0.15,results/2026-09-18_full/analysis/E2_beats_acquired.csv,p_beat_cv=0.15; p_data_mode=prospective; axis=AP; rhythm_state=sinus; p_N_beats=3; W=0.15,3.9011,0.00306328,3.8951,3.9071
p_met_first_N SL sinus N5 W0.15,results/2026-09-18_full/analysis/E2_window_met.csv,p_beat_cv=0.15; p_data_mode=prospective; axis=SL; rhythm_state=sinus; p_N_beats=5; W=0.15,0.09357,0.000920949,0.0917649,0.0953751
beats_acquired sinus N5 W0.0,results/2026-09-18_full/analysis/E2_beats_acquired.csv,p_beat_cv=0.15; p_data_mode=prospective; axis=AP; rhythm_state=sinus; p_N_beats=5; W=0.0,5,0,5,5
beats_acquired sinus N5 W0.15,results/2026-09-18_full/analysis/E2_beats_acquired.csv,p_beat_cv=0.15; p_data_mode=prospective; axis=AP; rhythm_state=sinus; p_N_beats=5; W=0.15,7.11719,0.00523212,7.10694,7.12744
A1 rmse_mm vs T1 sinus N3 W0.0,results/2026-09-18_full/analysis/E2_error.csv,p_beat_cv=0.15; p_data_mode=prospective; axis=AP; rhythm_state=sinus; p_N_beats=3; W=0.0; estimator=A1; subset=all; estimand=T1; metric=rmse_mm,1.94244,0.00627396,1.93015,1.95474
A1 bias_mm vs T1 sinus N3 W0.0,results/2026-09-18_full/analysis/E2_error.csv,p_beat_cv=0.15; p_data_mode=prospective; axis=AP; rhythm_state=sinus; p_N_beats=3; W=0.0; estimator=A1; subset=all; estimand=T1; metric=bias_mm,-0.260543,0.00608707,-0.272474,-0.248612
A1 relbias_pct vs T1 sinus N3 W0.0,results/2026-09-18_full/analysis/E2_error.csv,p_beat_cv=0.15; p_data_mode=prospective; axis=AP; rhythm_state=sinus; p_N_beats=3; W=0.0; estimator=A1; subset=all; estimand=T1; metric=relbias_pct,-2.39713,0.0570924,-2.50903,-2.28523
A6 rmse_mm vs T1 sinus N3 W0.0,results/2026-09-18_full/analysis/E2_error.csv,p_beat_cv=0.15; p_data_mode=prospective; axis=AP; rhythm_state=sinus; p_N_beats=3; W=0.0; estimator=A6; subset=all; estimand=T1; metric=rmse_mm,2.54109,0.00797931,2.52545,2.55673
A1 rmse_mm vs T1 sinus N3 W0.15,results/2026-09-18_full/analysis/E2_error.csv,p_beat_cv=0.15; p_data_mode=prospective; axis=AP; rhythm_state=sinus; p_N_beats=3; W=0.15; estimator=A1; subset=all; estimand=T1; metric=rmse_mm,2.04082,0.00654564,2.02799,2.05365
A1 bias_mm vs T1 sinus N3 W0.15,results/2026-09-18_full/analysis/E2_error.csv,p_beat_cv=0.15; p_data_mode=prospective; axis=AP; rhythm_state=sinus; p_N_beats=3; W=0.15; estimator=A1; subset=all; estimand=T1; metric=bias_mm,-0.214021,0.00641809,-0.2266,-0.201442
A1 relbias_pct vs T1 sinus N3 W0.15,results/2026-09-18_full/analysis/E2_error.csv,p_beat_cv=0.15; p_data_mode=prospective; axis=AP; rhythm_state=sinus; p_N_beats=3; W=0.15; estimator=A1; subset=all; estimand=T1; metric=relbias_pct,-1.71359,0.060197,-1.83158,-1.59561
A6 rmse_mm vs T1 sinus N3 W0.15,results/2026-09-18_full/analysis/E2_error.csv,p_beat_cv=0.15; p_data_mode=prospective; axis=AP; rhythm_state=sinus; p_N_beats=3; W=0.15; estimator=A6; subset=all; estimand=T1; metric=rmse_mm,2.45674,0.00791351,2.44123,2.47225
window effect (W0.15 - none) A1 rmse_mm vs T1 sinus N3,results/2026-09-18_full/analysis/E2_window_effect.csv,p_beat_cv=0.15; p_data_mode=prospective; axis=AP; rhythm_state=sinus; p_N_beats=3; W=0.15; estimator=A1; estimand=T1; metric=rmse_mm,0.0983771,0.00906686,0.0806061,0.116148
window effect (W0.15 - none) A1 bias_mm vs T1 sinus N3,results/2026-09-18_full/analysis/E2_window_effect.csv,p_beat_cv=0.15; p_data_mode=prospective; axis=AP; rhythm_state=sinus; p_N_beats=3; W=0.15; estimator=A1; estimand=T1; metric=bias_mm,0.0465219,0.00884558,0.0291845,0.0638592
window effect (W0.15 - none) A1 relbias_pct vs T1 sinus N3,results/2026-09-18_full/analysis/E2_window_effect.csv,p_beat_cv=0.15; p_data_mode=prospective; axis=AP; rhythm_state=sinus; p_N_beats=3; W=0.15; estimator=A1; estimand=T1; metric=relbias_pct,0.68354,0.0829652,0.520929,0.846152
A1 rmse_mm vs Tv sinus N3 W0.0,results/2026-09-18_full/analysis/E2_error.csv,p_beat_cv=0.15; p_data_mode=prospective; axis=AP; rhythm_state=sinus; p_N_beats=3; W=0.0; estimator=A1; subset=all; estimand=Tv; metric=rmse_mm,1.38769,0.00384933,1.38015,1.39524
A1 bias_mm vs Tv sinus N3 W0.0,results/2026-09-18_full/analysis/E2_error.csv,p_beat_cv=0.15; p_data_mode=prospective; axis=AP; rhythm_state=sinus; p_N_beats=3; W=0.0; estimator=A1; subset=all; estimand=Tv; metric=bias_mm,0.116101,0.00437291,0.10753,0.124672
A1 relbias_pct vs Tv sinus N3 W0.0,results/2026-09-18_full/analysis/E2_error.csv,p_beat_cv=0.15; p_data_mode=prospective; axis=AP; rhythm_state=sinus; p_N_beats=3; W=0.0; estimator=A1; subset=all; estimand=Tv; metric=relbias_pct,1.11496,0.0464155,1.02398,1.20593
A6 rmse_mm vs Tv sinus N3 W0.0,results/2026-09-18_full/analysis/E2_error.csv,p_beat_cv=0.15; p_data_mode=prospective; axis=AP; rhythm_state=sinus; p_N_beats=3; W=0.0; estimator=A6; subset=all; estimand=Tv; metric=rmse_mm,2.14804,0.00651754,2.13526,2.16081
A1 rmse_mm vs Tv sinus N3 W0.15,results/2026-09-18_full/analysis/E2_error.csv,p_beat_cv=0.15; p_data_mode=prospective; axis=AP; rhythm_state=sinus; p_N_beats=3; W=0.15; estimator=A1; subset=all; estimand=Tv; metric=rmse_mm,1.54263,0.00422589,1.53434,1.55091
A1 bias_mm vs Tv sinus N3 W0.15,results/2026-09-18_full/analysis/E2_error.csv,p_beat_cv=0.15; p_data_mode=prospective; axis=AP; rhythm_state=sinus; p_N_beats=3; W=0.15; estimator=A1; subset=all; estimand=Tv; metric=bias_mm,0.161091,0.00485156,0.151582,0.1706
A1 relbias_pct vs Tv sinus N3 W0.15,results/2026-09-18_full/analysis/E2_error.csv,p_beat_cv=0.15; p_data_mode=prospective; axis=AP; rhythm_state=sinus; p_N_beats=3; W=0.15; estimator=A1; subset=all; estimand=Tv; metric=relbias_pct,1.82707,0.0507954,1.72751,1.92663
A6 rmse_mm vs Tv sinus N3 W0.15,results/2026-09-18_full/analysis/E2_error.csv,p_beat_cv=0.15; p_data_mode=prospective; axis=AP; rhythm_state=sinus; p_N_beats=3; W=0.15; estimator=A6; subset=all; estimand=Tv; metric=rmse_mm,2.05654,0.00624309,2.0443,2.06878
window effect (W0.15 - none) A1 rmse_mm vs Tv sinus N3,results/2026-09-18_full/analysis/E2_window_effect.csv,p_beat_cv=0.15; p_data_mode=prospective; axis=AP; rhythm_state=sinus; p_N_beats=3; W=0.15; estimator=A1; estimand=Tv; metric=rmse_mm,0.154931,0.00571625,0.143727,0.166135
window effect (W0.15 - none) A1 bias_mm vs Tv sinus N3,results/2026-09-18_full/analysis/E2_window_effect.csv,p_beat_cv=0.15; p_data_mode=prospective; axis=AP; rhythm_state=sinus; p_N_beats=3; W=0.15; estimator=A1; estimand=Tv; metric=bias_mm,0.0449903,0.00653147,0.0321886,0.057792
window effect (W0.15 - none) A1 relbias_pct vs Tv sinus N3,results/2026-09-18_full/analysis/E2_window_effect.csv,p_beat_cv=0.15; p_data_mode=prospective; axis=AP; rhythm_state=sinus; p_N_beats=3; W=0.15; estimator=A1; estimand=Tv; metric=relbias_pct,0.712113,0.0688083,0.577249,0.846977
A1 rmse_mm vs T1 sinus N5 W0.0,results/2026-09-18_full/analysis/E2_error.csv,p_beat_cv=0.15; p_data_mode=prospective; axis=AP; rhythm_state=sinus; p_N_beats=5; W=0.0; estimator=A1; subset=all; estimand=T1; metric=rmse_mm,1.79908,0.00596741,1.78739,1.81078
A1 bias_mm vs T1 sinus N5 W0.0,results/2026-09-18_full/analysis/E2_error.csv,p_beat_cv=0.15; p_data_mode=prospective; axis=AP; rhythm_state=sinus; p_N_beats=5; W=0.0; estimator=A1; subset=all; estimand=T1; metric=bias_mm,-0.252904,0.00563274,-0.263944,-0.241864
A1 relbias_pct vs T1 sinus N5 W0.0,results/2026-09-18_full/analysis/E2_error.csv,p_beat_cv=0.15; p_data_mode=prospective; axis=AP; rhythm_state=sinus; p_N_beats=5; W=0.0; estimator=A1; subset=all; estimand=T1; metric=relbias_pct,-2.28889,0.0526734,-2.39213,-2.18565
A6 rmse_mm vs T1 sinus N5 W0.0,results/2026-09-18_full/analysis/E2_error.csv,p_beat_cv=0.15; p_data_mode=prospective; axis=AP; rhythm_state=sinus; p_N_beats=5; W=0.0; estimator=A6; subset=all; estimand=T1; metric=rmse_mm,2.53615,0.00822004,2.52004,2.55226
A1 rmse_mm vs T1 sinus N5 W0.15,results/2026-09-18_full/analysis/E2_error.csv,p_beat_cv=0.15; p_data_mode=prospective; axis=AP; rhythm_state=sinus; p_N_beats=5; W=0.15; estimator=A1; subset=all; estimand=T1; metric=rmse_mm,1.89188,0.00618684,1.87976,1.90401
A1 bias_mm vs T1 sinus N5 W0.15,results/2026-09-18_full/analysis/E2_error.csv,p_beat_cv=0.15; p_data_mode=prospective; axis=AP; rhythm_state=sinus; p_N_beats=5; W=0.15; estimator=A1; subset=all; estimand=T1; metric=bias_mm,-0.210962,0.00594537,-0.222615,-0.199309
A1 relbias_pct vs T1 sinus N5 W0.15,results/2026-09-18_full/analysis/E2_error.csv,p_beat_cv=0.15; p_data_mode=prospective; axis=AP; rhythm_state=sinus; p_N_beats=5; W=0.15; estimator=A1; subset=all; estimand=T1; metric=relbias_pct,-1.60455,0.0557581,-1.71384,-1.49527
A6 rmse_mm vs T1 sinus N5 W0.15,results/2026-09-18_full/analysis/E2_error.csv,p_beat_cv=0.15; p_data_mode=prospective; axis=AP; rhythm_state=sinus; p_N_beats=5; W=0.15; estimator=A6; subset=all; estimand=T1; metric=rmse_mm,2.46341,0.00798141,2.44776,2.47905
window effect (W0.15 - none) A1 rmse_mm vs T1 sinus N5,results/2026-09-18_full/analysis/E2_window_effect.csv,p_beat_cv=0.15; p_data_mode=prospective; axis=AP; rhythm_state=sinus; p_N_beats=5; W=0.15; estimator=A1; estimand=T1; metric=rmse_mm,0.0927976,0.00859576,0.0759499,0.109645
window effect (W0.15 - none) A1 bias_mm vs T1 sinus N5,results/2026-09-18_full/analysis/E2_window_effect.csv,p_beat_cv=0.15; p_data_mode=prospective; axis=AP; rhythm_state=sinus; p_N_beats=5; W=0.15; estimator=A1; estimand=T1; metric=bias_mm,0.0419424,0.00818994,0.0258901,0.0579946
window effect (W0.15 - none) A1 relbias_pct vs T1 sinus N5,results/2026-09-18_full/analysis/E2_window_effect.csv,p_beat_cv=0.15; p_data_mode=prospective; axis=AP; rhythm_state=sinus; p_N_beats=5; W=0.15; estimator=A1; estimand=T1; metric=relbias_pct,0.684339,0.0767037,0.534,0.834678
A1 rmse_mm vs Tv sinus N5 W0.0,results/2026-09-18_full/analysis/E2_error.csv,p_beat_cv=0.15; p_data_mode=prospective; axis=AP; rhythm_state=sinus; p_N_beats=5; W=0.0; estimator=A1; subset=all; estimand=Tv; metric=rmse_mm,1.17499,0.00308642,1.16894,1.18104
A1 bias_mm vs Tv sinus N5 W0.0,results/2026-09-18_full/analysis/E2_error.csv,p_beat_cv=0.15; p_data_mode=prospective; axis=AP; rhythm_state=sinus; p_N_beats=5; W=0.0; estimator=A1; subset=all; estimand=Tv; metric=bias_mm,0.122103,0.00369555,0.11486,0.129346
A1 relbias_pct vs Tv sinus N5 W0.0,results/2026-09-18_full/analysis/E2_error.csv,p_beat_cv=0.15; p_data_mode=prospective; axis=AP; rhythm_state=sinus; p_N_beats=5; W=0.0; estimator=A1; subset=all; estimand=Tv; metric=relbias_pct,1.18247,0.0402781,1.10352,1.26141
A6 rmse_mm vs Tv sinus N5 W0.0,results/2026-09-18_full/analysis/E2_error.csv,p_beat_cv=0.15; p_data_mode=prospective; axis=AP; rhythm_state=sinus; p_N_beats=5; W=0.0; estimator=A6; subset=all; estimand=Tv; metric=rmse_mm,2.1387,0.00644996,2.12606,2.15134
A1 rmse_mm vs Tv sinus N5 W0.15,results/2026-09-18_full/analysis/E2_error.csv,p_beat_cv=0.15; p_data_mode=prospective; axis=AP; rhythm_state=sinus; p_N_beats=5; W=0.15; estimator=A1; subset=all; estimand=Tv; metric=rmse_mm,1.34525,0.00348043,1.33843,1.35207
A1 bias_mm vs Tv sinus N5 W0.15,results/2026-09-18_full/analysis/E2_error.csv,p_beat_cv=0.15; p_data_mode=prospective; axis=AP; rhythm_state=sinus; p_N_beats=5; W=0.15; estimator=A1; subset=all; estimand=Tv; metric=bias_mm,0.165715,0.00422167,0.15744,0.173989
A1 relbias_pct vs Tv sinus N5 W0.15,results/2026-09-18_full/analysis/E2_error.csv,p_beat_cv=0.15; p_data_mode=prospective; axis=AP; rhythm_state=sinus; p_N_beats=5; W=0.15; estimator=A1; subset=all; estimand=Tv; metric=relbias_pct,1.9486,0.0451765,1.86005,2.03714
A6 rmse_mm vs Tv sinus N5 W0.15,results/2026-09-18_full/analysis/E2_error.csv,p_beat_cv=0.15; p_data_mode=prospective; axis=AP; rhythm_state=sinus; p_N_beats=5; W=0.15; estimator=A6; subset=all; estimand=Tv; metric=rmse_mm,2.06617,0.0063481,2.05373,2.07861
window effect (W0.15 - none) A1 rmse_mm vs Tv sinus N5,results/2026-09-18_full/analysis/E2_window_effect.csv,p_beat_cv=0.15; p_data_mode=prospective; axis=AP; rhythm_state=sinus; p_N_beats=5; W=0.15; estimator=A1; estimand=Tv; metric=rmse_mm,0.170255,0.00465181,0.161138,0.179373
window effect (W0.15 - none) A1 bias_mm vs Tv sinus N5,results/2026-09-18_full/analysis/E2_window_effect.csv,p_beat_cv=0.15; p_data_mode=prospective; axis=AP; rhythm_state=sinus; p_N_beats=5; W=0.15; estimator=A1; estimand=Tv; metric=bias_mm,0.0436118,0.00561067,0.0326149,0.0546087
window effect (W0.15 - none) A1 relbias_pct vs Tv sinus N5,results/2026-09-18_full/analysis/E2_window_effect.csv,p_beat_cv=0.15; p_data_mode=prospective; axis=AP; rhythm_state=sinus; p_N_beats=5; W=0.15; estimator=A1; estimand=Tv; metric=relbias_pct,0.766126,0.0605247,0.647498,0.884755
p_met_first_N AF_rr0.2 N3 W0.1,results/2026-09-18_full/analysis/E2_window_met.csv,p_beat_cv=0.15; p_data_mode=prospective; axis=AP; rhythm_state=AF_rr0.2; p_N_beats=3; W=0.1,0.19402,0.0012505,0.191569,0.196471
p_met_first_N AF_rr0.2 N3 W0.15,results/2026-09-18_full/analysis/E2_window_met.csv,p_beat_cv=0.15; p_data_mode=prospective; axis=AP; rhythm_state=AF_rr0.2; p_N_beats=3; W=0.15,0.37916,0.00153427,0.376153,0.382167
p_met_first_N AF_rr0.2 N3 W0.2,results/2026-09-18_full/analysis/E2_window_met.csv,p_beat_cv=0.15; p_data_mode=prospective; axis=AP; rhythm_state=AF_rr0.2; p_N_beats=3; W=0.2,0.56433,0.001568,0.561257,0.567403
p_met_first_N AF_rr0.2 N3 W0.25,results/2026-09-18_full/analysis/E2_window_met.csv,p_beat_cv=0.15; p_data_mode=prospective; axis=AP; rhythm_state=AF_rr0.2; p_N_beats=3; W=0.25,0.72297,0.00141522,0.720196,0.725744
p_met_first_N AF_rr0.2 N5 W0.1,results/2026-09-18_full/analysis/E2_window_met.csv,p_beat_cv=0.15; p_data_mode=prospective; axis=AP; rhythm_state=AF_rr0.2; p_N_beats=5; W=0.1,0.03142,0.000551659,0.0303387,0.0325013
p_met_first_N AF_rr0.2 N5 W0.15,results/2026-09-18_full/analysis/E2_window_met.csv,p_beat_cv=0.15; p_data_mode=prospective; axis=AP; rhythm_state=AF_rr0.2; p_N_beats=5; W=0.15,0.12612,0.00104983,0.124062,0.128178
p_met_first_N AF_rr0.2 N5 W0.2,results/2026-09-18_full/analysis/E2_window_met.csv,p_beat_cv=0.15; p_data_mode=prospective; axis=AP; rhythm_state=AF_rr0.2; p_N_beats=5; W=0.2,0.28902,0.00143348,0.28621,0.29183
p_met_first_N AF_rr0.2 N5 W0.25,results/2026-09-18_full/analysis/E2_window_met.csv,p_beat_cv=0.15; p_data_mode=prospective; axis=AP; rhythm_state=AF_rr0.2; p_N_beats=5; W=0.25,0.47245,0.00157874,0.469356,0.475544
p_met_first_N SL AF_rr0.2 N3 W0.15,results/2026-09-18_full/analysis/E2_window_met.csv,p_beat_cv=0.15; p_data_mode=prospective; axis=SL; rhythm_state=AF_rr0.2; p_N_beats=3; W=0.15,0.29164,0.00143731,0.288823,0.294457
beats_acquired AF_rr0.2 N3 W0.0,results/2026-09-18_full/analysis/E2_beats_acquired.csv,p_beat_cv=0.15; p_data_mode=prospective; axis=AP; rhythm_state=AF_rr0.2; p_N_beats=3; W=0.0,3,0,3,3
beats_acquired AF_rr0.2 N3 W0.15,results/2026-09-18_full/analysis/E2_beats_acquired.csv,p_beat_cv=0.15; p_data_mode=prospective; axis=AP; rhythm_state=AF_rr0.2; p_N_beats=3; W=0.15,3.99483,0.00319746,3.98856,4.0011
p_met_first_N SL AF_rr0.2 N5 W0.15,results/2026-09-18_full/analysis/E2_window_met.csv,p_beat_cv=0.15; p_data_mode=prospective; axis=SL; rhythm_state=AF_rr0.2; p_N_beats=5; W=0.15,0.08188,0.000867039,0.0801806,0.0835794
beats_acquired AF_rr0.2 N5 W0.0,results/2026-09-18_full/analysis/E2_beats_acquired.csv,p_beat_cv=0.15; p_data_mode=prospective; axis=AP; rhythm_state=AF_rr0.2; p_N_beats=5; W=0.0,5,0,5,5
beats_acquired AF_rr0.2 N5 W0.15,results/2026-09-18_full/analysis/E2_beats_acquired.csv,p_beat_cv=0.15; p_data_mode=prospective; axis=AP; rhythm_state=AF_rr0.2; p_N_beats=5; W=0.15,7.32189,0.00539491,7.31132,7.33246
A1 rmse_mm vs T1 AF_rr0.2 N3 W0.0,results/2026-09-18_full/analysis/E2_error.csv,p_beat_cv=0.15; p_data_mode=prospective; axis=AP; rhythm_state=AF_rr0.2; p_N_beats=3; W=0.0; estimator=A1; subset=all; estimand=T1; metric=rmse_mm,1.9825,0.00636201,1.97003,1.99496
A1 bias_mm vs T1 AF_rr0.2 N3 W0.0,results/2026-09-18_full/analysis/E2_error.csv,p_beat_cv=0.15; p_data_mode=prospective; axis=AP; rhythm_state=AF_rr0.2; p_N_beats=3; W=0.0; estimator=A1; subset=all; estimand=T1; metric=bias_mm,-0.236201,0.00622458,-0.248401,-0.224001
A1 relbias_pct vs T1 AF_rr0.2 N3 W0.0,results/2026-09-18_full/analysis/E2_error.csv,p_beat_cv=0.15; p_data_mode=prospective; axis=AP; rhythm_state=AF_rr0.2; p_N_beats=3; W=0.0; estimator=A1; subset=all; estimand=T1; metric=relbias_pct,-2.2244,0.0582333,-2.33854,-2.11027
A6 rmse_mm vs T1 AF_rr0.2 N3 W0.0,results/2026-09-18_full/analysis/E2_error.csv,p_beat_cv=0.15; p_data_mode=prospective; axis=AP; rhythm_state=AF_rr0.2; p_N_beats=3; W=0.0; estimator=A6; subset=all; estimand=T1; metric=rmse_mm,2.6278,0.00866259,2.61082,2.64478
A1 rmse_mm vs T1 AF_rr0.2 N3 W0.15,results/2026-09-18_full/analysis/E2_error.csv,p_beat_cv=0.15; p_data_mode=prospective; axis=AP; rhythm_state=AF_rr0.2; p_N_beats=3; W=0.15; estimator=A1; subset=all; estimand=T1; metric=rmse_mm,2.10391,0.00682016,2.09054,2.11727
A1 bias_mm vs T1 AF_rr0.2 N3 W0.15,results/2026-09-18_full/analysis/E2_error.csv,p_beat_cv=0.15; p_data_mode=prospective; axis=AP; rhythm_state=AF_rr0.2; p_N_beats=3; W=0.15; estimator=A1; subset=all; estimand=T1; metric=bias_mm,-0.198064,0.00662362,-0.211046,-0.185082
A1 relbias_pct vs T1 AF_rr0.2 N3 W0.15,results/2026-09-18_full/analysis/E2_error.csv,p_beat_cv=0.15; p_data_mode=prospective; axis=AP; rhythm_state=AF_rr0.2; p_N_beats=3; W=0.15; estimator=A1; subset=all; estimand=T1; metric=relbias_pct,-1.52866,0.0617691,-1.64973,-1.40759
A6 rmse_mm vs T1 AF_rr0.2 N3 W0.15,results/2026-09-18_full/analysis/E2_error.csv,p_beat_cv=0.15; p_data_mode=prospective; axis=AP; rhythm_state=AF_rr0.2; p_N_beats=3; W=0.15; estimator=A6; subset=all; estimand=T1; metric=rmse_mm,2.53879,0.00847155,2.52219,2.55539
window effect (W0.15 - none) A1 rmse_mm vs T1 AF_rr0.2 N3,results/2026-09-18_full/analysis/E2_window_effect.csv,p_beat_cv=0.15; p_data_mode=prospective; axis=AP; rhythm_state=AF_rr0.2; p_N_beats=3; W=0.15; estimator=A1; estimand=T1; metric=rmse_mm,0.121411,0.00932683,0.103131,0.139692
window effect (W0.15 - none) A1 bias_mm vs T1 AF_rr0.2 N3,results/2026-09-18_full/analysis/E2_window_effect.csv,p_beat_cv=0.15; p_data_mode=prospective; axis=AP; rhythm_state=AF_rr0.2; p_N_beats=3; W=0.15; estimator=A1; estimand=T1; metric=bias_mm,0.0381371,0.00908943,0.0203218,0.0559524
window effect (W0.15 - none) A1 relbias_pct vs T1 AF_rr0.2 N3,results/2026-09-18_full/analysis/E2_window_effect.csv,p_beat_cv=0.15; p_data_mode=prospective; axis=AP; rhythm_state=AF_rr0.2; p_N_beats=3; W=0.15; estimator=A1; estimand=T1; metric=relbias_pct,0.695745,0.0848913,0.529358,0.862132
A1 rmse_mm vs Tv AF_rr0.2 N3 W0.0,results/2026-09-18_full/analysis/E2_error.csv,p_beat_cv=0.15; p_data_mode=prospective; axis=AP; rhythm_state=AF_rr0.2; p_N_beats=3; W=0.0; estimator=A1; subset=all; estimand=Tv; metric=rmse_mm,1.45794,0.00411784,1.44987,1.46601
A1 bias_mm vs Tv AF_rr0.2 N3 W0.0,results/2026-09-18_full/analysis/E2_error.csv,p_beat_cv=0.15; p_data_mode=prospective; axis=AP; rhythm_state=AF_rr0.2; p_N_beats=3; W=0.0; estimator=A1; subset=all; estimand=Tv; metric=bias_mm,0.134695,0.00459071,0.125697,0.143693
A1 relbias_pct vs Tv AF_rr0.2 N3 W0.0,results/2026-09-18_full/analysis/E2_error.csv,p_beat_cv=0.15; p_data_mode=prospective; axis=AP; rhythm_state=AF_rr0.2; p_N_beats=3; W=0.0; estimator=A1; subset=all; estimand=Tv; metric=relbias_pct,1.25063,0.0479338,1.15668,1.34458
A6 rmse_mm vs Tv AF_rr0.2 N3 W0.0,results/2026-09-18_full/analysis/E2_error.csv,p_beat_cv=0.15; p_data_mode=prospective; axis=AP; rhythm_state=AF_rr0.2; p_N_beats=3; W=0.0; estimator=A6; subset=all; estimand=Tv; metric=rmse_mm,2.25233,0.00725785,2.23811,2.26656
A1 rmse_mm vs Tv AF_rr0.2 N3 W0.15,results/2026-09-18_full/analysis/E2_error.csv,p_beat_cv=0.15; p_data_mode=prospective; axis=AP; rhythm_state=AF_rr0.2; p_N_beats=3; W=0.15; estimator=A1; subset=all; estimand=Tv; metric=rmse_mm,1.62846,0.00461542,1.61942,1.63751
A1 bias_mm vs Tv AF_rr0.2 N3 W0.15,results/2026-09-18_full/analysis/E2_error.csv,p_beat_cv=0.15; p_data_mode=prospective; axis=AP; rhythm_state=AF_rr0.2; p_N_beats=3; W=0.15; estimator=A1; subset=all; estimand=Tv; metric=bias_mm,0.175456,0.0051197,0.165422,0.185491
A1 relbias_pct vs Tv AF_rr0.2 N3 W0.15,results/2026-09-18_full/analysis/E2_error.csv,p_beat_cv=0.15; p_data_mode=prospective; axis=AP; rhythm_state=AF_rr0.2; p_N_beats=3; W=0.15; estimator=A1; subset=all; estimand=Tv; metric=relbias_pct,2.03304,0.0528293,1.9295,2.13659
A6 rmse_mm vs Tv AF_rr0.2 N3 W0.15,results/2026-09-18_full/analysis/E2_error.csv,p_beat_cv=0.15; p_data_mode=prospective; axis=AP; rhythm_state=AF_rr0.2; p_N_beats=3; W=0.15; estimator=A6; subset=all; estimand=Tv; metric=rmse_mm,2.14085,0.00672906,2.12766,2.15404
window effect (W0.15 - none) A1 rmse_mm vs Tv AF_rr0.2 N3,results/2026-09-18_full/analysis/E2_window_effect.csv,p_beat_cv=0.15; p_data_mode=prospective; axis=AP; rhythm_state=AF_rr0.2; p_N_beats=3; W=0.15; estimator=A1; estimand=Tv; metric=rmse_mm,0.170525,0.00618537,0.158402,0.182649
window effect (W0.15 - none) A1 bias_mm vs Tv AF_rr0.2 N3,results/2026-09-18_full/analysis/E2_window_effect.csv,p_beat_cv=0.15; p_data_mode=prospective; axis=AP; rhythm_state=AF_rr0.2; p_N_beats=3; W=0.15; estimator=A1; estimand=Tv; metric=bias_mm,0.0407613,0.00687647,0.0272834,0.0542392
window effect (W0.15 - none) A1 relbias_pct vs Tv AF_rr0.2 N3,results/2026-09-18_full/analysis/E2_window_effect.csv,p_beat_cv=0.15; p_data_mode=prospective; axis=AP; rhythm_state=AF_rr0.2; p_N_beats=3; W=0.15; estimator=A1; estimand=Tv; metric=relbias_pct,0.782416,0.0713343,0.6426,0.922231
A1 rmse_mm vs T1 AF_rr0.2 N5 W0.0,results/2026-09-18_full/analysis/E2_error.csv,p_beat_cv=0.15; p_data_mode=prospective; axis=AP; rhythm_state=AF_rr0.2; p_N_beats=5; W=0.0; estimator=A1; subset=all; estimand=T1; metric=rmse_mm,1.81839,0.00596217,1.8067,1.83008
A1 bias_mm vs T1 AF_rr0.2 N5 W0.0,results/2026-09-18_full/analysis/E2_error.csv,p_beat_cv=0.15; p_data_mode=prospective; axis=AP; rhythm_state=AF_rr0.2; p_N_beats=5; W=0.0; estimator=A1; subset=all; estimand=T1; metric=bias_mm,-0.234883,0.00570211,-0.246059,-0.223707
A1 relbias_pct vs T1 AF_rr0.2 N5 W0.0,results/2026-09-18_full/analysis/E2_error.csv,p_beat_cv=0.15; p_data_mode=prospective; axis=AP; rhythm_state=AF_rr0.2; p_N_beats=5; W=0.0; estimator=A1; subset=all; estimand=T1; metric=relbias_pct,-2.16003,0.0532136,-2.26433,-2.05573
A6 rmse_mm vs T1 AF_rr0.2 N5 W0.0,results/2026-09-18_full/analysis/E2_error.csv,p_beat_cv=0.15; p_data_mode=prospective; axis=AP; rhythm_state=AF_rr0.2; p_N_beats=5; W=0.0; estimator=A6; subset=all; estimand=T1; metric=rmse_mm,2.61188,0.00847277,2.59527,2.62848
A1 rmse_mm vs T1 AF_rr0.2 N5 W0.15,results/2026-09-18_full/analysis/E2_error.csv,p_beat_cv=0.15; p_data_mode=prospective; axis=AP; rhythm_state=AF_rr0.2; p_N_beats=5; W=0.15; estimator=A1; subset=all; estimand=T1; metric=rmse_mm,1.94166,0.00654787,1.92883,1.95449
A1 bias_mm vs T1 AF_rr0.2 N5 W0.15,results/2026-09-18_full/analysis/E2_error.csv,p_beat_cv=0.15; p_data_mode=prospective; axis=AP; rhythm_state=AF_rr0.2; p_N_beats=5; W=0.15; estimator=A1; subset=all; estimand=T1; metric=bias_mm,-0.186515,0.00611171,-0.198494,-0.174536
A1 relbias_pct vs T1 AF_rr0.2 N5 W0.15,results/2026-09-18_full/analysis/E2_error.csv,p_beat_cv=0.15; p_data_mode=prospective; axis=AP; rhythm_state=AF_rr0.2; p_N_beats=5; W=0.15; estimator=A1; subset=all; estimand=T1; metric=relbias_pct,-1.37686,0.056998,-1.48858,-1.26515
A6 rmse_mm vs T1 AF_rr0.2 N5 W0.15,results/2026-09-18_full/analysis/E2_error.csv,p_beat_cv=0.15; p_data_mode=prospective; axis=AP; rhythm_state=AF_rr0.2; p_N_beats=5; W=0.15; estimator=A6; subset=all; estimand=T1; metric=rmse_mm,2.56986,0.00886813,2.55248,2.58725
window effect (W0.15 - none) A1 rmse_mm vs T1 AF_rr0.2 N5,results/2026-09-18_full/analysis/E2_window_effect.csv,p_beat_cv=0.15; p_data_mode=prospective; axis=AP; rhythm_state=AF_rr0.2; p_N_beats=5; W=0.15; estimator=A1; estimand=T1; metric=rmse_mm,0.123271,0.00885562,0.105914,0.140628
window effect (W0.15 - none) A1 bias_mm vs T1 AF_rr0.2 N5,results/2026-09-18_full/analysis/E2_window_effect.csv,p_beat_cv=0.15; p_data_mode=prospective; axis=AP; rhythm_state=AF_rr0.2; p_N_beats=5; W=0.15; estimator=A1; estimand=T1; metric=bias_mm,0.0483681,0.00835865,0.0319852,0.0647511
window effect (W0.15 - none) A1 relbias_pct vs T1 AF_rr0.2 N5,results/2026-09-18_full/analysis/E2_window_effect.csv,p_beat_cv=0.15; p_data_mode=prospective; axis=AP; rhythm_state=AF_rr0.2; p_N_beats=5; W=0.15; estimator=A1; estimand=T1; metric=relbias_pct,0.783166,0.0779772,0.63033,0.936001
A1 rmse_mm vs Tv AF_rr0.2 N5 W0.0,results/2026-09-18_full/analysis/E2_error.csv,p_beat_cv=0.15; p_data_mode=prospective; axis=AP; rhythm_state=AF_rr0.2; p_N_beats=5; W=0.0; estimator=A1; subset=all; estimand=Tv; metric=rmse_mm,1.22344,0.00324915,1.21707,1.2298
A1 bias_mm vs Tv AF_rr0.2 N5 W0.0,results/2026-09-18_full/analysis/E2_error.csv,p_beat_cv=0.15; p_data_mode=prospective; axis=AP; rhythm_state=AF_rr0.2; p_N_beats=5; W=0.0; estimator=A1; subset=all; estimand=Tv; metric=bias_mm,0.142506,0.00384253,0.134975,0.150038
A1 relbias_pct vs Tv AF_rr0.2 N5 W0.0,results/2026-09-18_full/analysis/E2_error.csv,p_beat_cv=0.15; p_data_mode=prospective; axis=AP; rhythm_state=AF_rr0.2; p_N_beats=5; W=0.0; estimator=A1; subset=all; estimand=Tv; metric=relbias_pct,1.37862,0.0412976,1.29768,1.45956
A6 rmse_mm vs Tv AF_rr0.2 N5 W0.0,results/2026-09-18_full/analysis/E2_error.csv,p_beat_cv=0.15; p_data_mode=prospective; axis=AP; rhythm_state=AF_rr0.2; p_N_beats=5; W=0.0; estimator=A6; subset=all; estimand=Tv; metric=rmse_mm,2.23616,0.00720458,2.22204,2.25028
A1 rmse_mm vs Tv AF_rr0.2 N5 W0.15,results/2026-09-18_full/analysis/E2_error.csv,p_beat_cv=0.15; p_data_mode=prospective; axis=AP; rhythm_state=AF_rr0.2; p_N_beats=5; W=0.15; estimator=A1; subset=all; estimand=Tv; metric=rmse_mm,1.41981,0.00382933,1.4123,1.42732
A1 bias_mm vs Tv AF_rr0.2 N5 W0.15,results/2026-09-18_full/analysis/E2_error.csv,p_beat_cv=0.15; p_data_mode=prospective; axis=AP; rhythm_state=AF_rr0.2; p_N_beats=5; W=0.15; estimator=A1; subset=all; estimand=Tv; metric=bias_mm,0.183832,0.00445206,0.175105,0.192558
A1 relbias_pct vs Tv AF_rr0.2 N5 W0.15,results/2026-09-18_full/analysis/E2_error.csv,p_beat_cv=0.15; p_data_mode=prospective; axis=AP; rhythm_state=AF_rr0.2; p_N_beats=5; W=0.15; estimator=A1; subset=all; estimand=Tv; metric=relbias_pct,2.17013,0.0466972,2.0786,2.26166
A6 rmse_mm vs Tv AF_rr0.2 N5 W0.15,results/2026-09-18_full/analysis/E2_error.csv,p_beat_cv=0.15; p_data_mode=prospective; axis=AP; rhythm_state=AF_rr0.2; p_N_beats=5; W=0.15; estimator=A6; subset=all; estimand=Tv; metric=rmse_mm,2.18932,0.00706433,2.17547,2.20316
window effect (W0.15 - none) A1 rmse_mm vs Tv AF_rr0.2 N5,results/2026-09-18_full/analysis/E2_window_effect.csv,p_beat_cv=0.15; p_data_mode=prospective; axis=AP; rhythm_state=AF_rr0.2; p_N_beats=5; W=0.15; estimator=A1; estimand=Tv; metric=rmse_mm,0.196374,0.00502202,0.186531,0.206217
window effect (W0.15 - none) A1 bias_mm vs Tv AF_rr0.2 N5,results/2026-09-18_full/analysis/E2_window_effect.csv,p_beat_cv=0.15; p_data_mode=prospective; axis=AP; rhythm_state=AF_rr0.2; p_N_beats=5; W=0.15; estimator=A1; estimand=Tv; metric=bias_mm,0.0413252,0.00588098,0.0297985,0.0528519
window effect (W0.15 - none) A1 relbias_pct vs Tv AF_rr0.2 N5,results/2026-09-18_full/analysis/E2_window_effect.csv,p_beat_cv=0.15; p_data_mode=prospective; axis=AP; rhythm_state=AF_rr0.2; p_N_beats=5; W=0.15; estimator=A1; estimand=Tv; metric=relbias_pct,0.79151,0.0623387,0.669326,0.913694
retro p_limited sinus N3 W0.0,results/2026-09-18_full/analysis/E2_limited.csv,p_beat_cv=0.15; p_data_mode=retrospective; axis=AP; rhythm_state=sinus; p_N_beats=3; W=0.0,0.2244,0.00131926,0.221814,0.226986
retro p_limited sinus N3 W0.15,results/2026-09-18_full/analysis/E2_limited.csv,p_beat_cv=0.15; p_data_mode=retrospective; axis=AP; rhythm_state=sinus; p_N_beats=3; W=0.15,0.40168,0.00155027,0.398641,0.404719
retro p_limited sinus N5 W0.0,results/2026-09-18_full/analysis/E2_limited.csv,p_beat_cv=0.15; p_data_mode=retrospective; axis=AP; rhythm_state=sinus; p_N_beats=5; W=0.0,0.62278,0.00153273,0.619776,0.625784
retro p_limited sinus N5 W0.15,results/2026-09-18_full/analysis/E2_limited.csv,p_beat_cv=0.15; p_data_mode=retrospective; axis=AP; rhythm_state=sinus; p_N_beats=5; W=0.15,0.84709,0.00113811,0.844859,0.849321
retro p_limited AF_rr0.2 N3 W0.0,results/2026-09-18_full/analysis/E2_limited.csv,p_beat_cv=0.15; p_data_mode=retrospective; axis=AP; rhythm_state=AF_rr0.2; p_N_beats=3; W=0.0,0.22442,0.0013193,0.221834,0.227006
retro p_limited AF_rr0.2 N3 W0.15,results/2026-09-18_full/analysis/E2_limited.csv,p_beat_cv=0.15; p_data_mode=retrospective; axis=AP; rhythm_state=AF_rr0.2; p_N_beats=3; W=0.15,0.41822,0.00155985,0.415163,0.421277
retro p_limited AF_rr0.2 N5 W0.0,results/2026-09-18_full/analysis/E2_limited.csv,p_beat_cv=0.15; p_data_mode=retrospective; axis=AP; rhythm_state=AF_rr0.2; p_N_beats=5; W=0.0,0.62459,0.00153127,0.621589,0.627591
retro p_limited AF_rr0.2 N5 W0.15,results/2026-09-18_full/analysis/E2_limited.csv,p_beat_cv=0.15; p_data_mode=retrospective; axis=AP; rhythm_state=AF_rr0.2; p_N_beats=5; W=0.15,0.86067,0.00109507,0.858524,0.862816
window effect (W0.15 - none) A1 relbias_pct vs Tv SL sinus N3,results/2026-09-18_full/analysis/E2_window_effect.csv,p_beat_cv=0.15; p_data_mode=prospective; axis=SL; rhythm_state=sinus; p_N_beats=3; W=0.15; estimator=A1; estimand=Tv; metric=relbias_pct,2.3411,0.0961785,2.15259,2.52961
retro A1 relbias_pct vs Tv sinus N3 W0.15 subset=accepted,results/2026-09-18_full/analysis/E2_error.csv,p_beat_cv=0.15; p_data_mode=retrospective; axis=AP; rhythm_state=sinus; p_N_beats=3; W=0.15; estimator=A1; subset=accepted; estimand=Tv; metric=relbias_pct,2.31417,0.0621307,2.19239,2.43594
retro A1 relbias_pct vs Tv sinus N3 W0.15 subset=limited,results/2026-09-18_full/analysis/E2_error.csv,p_beat_cv=0.15; p_data_mode=retrospective; axis=AP; rhythm_state=sinus; p_N_beats=3; W=0.15; estimator=A1; subset=limited; estimand=Tv; metric=relbias_pct,0.0246605,0.0863478,-0.144581,0.193902
