u,view_errors,r_mean,beat_cv,N_beats,cell,axis,metric,rule,tau,value,mcse,n,lo95,hi95
base,False,0.64,0.05,3,37,AP,p_any_trigger,any trigger (diff >= t_warn),2.0,0.06784,0.0007952215691239769,100000,0.06628139435249349,0.06939860564750651
base,False,0.64,0.05,3,37,AP,p_any_trigger,any trigger (diff >= t_warn),3.0,0.00593,0.00024279281496782397,100000,0.005454134823204404,0.0064058651767955966
base,False,0.64,0.05,3,37,AP,p_any_trigger,any trigger (diff >= t_warn),4.0,0.00032,5.65594908039314e-05,100000,0.00020914543416596343,0.0004308545658340366
base,False,0.64,0.05,3,37,SL,p_any_trigger,any trigger (diff >= t_warn),2.0,0.05552,0.0007241376222790803,100000,0.0541007163292874,0.0569392836707126
base,False,0.64,0.05,3,37,SL,p_any_trigger,any trigger (diff >= t_warn),3.0,0.00308,0.0001752288104165522,100000,0.0027365578398207326,0.003423442160179267
base,False,0.64,0.05,3,37,SL,p_any_trigger,any trigger (diff >= t_warn),4.0,5e-05,2.2360120751015635e-05,100000,6.174968292356397e-06,9.382503170764361e-05
base,False,0.64,0.1,3,43,AP,p_any_trigger,any trigger (diff >= t_warn),2.0,0.17529,0.0012023452744532247,100000,0.17293344654650156,0.17764655345349845
base,False,0.64,0.1,3,43,AP,p_any_trigger,any trigger (diff >= t_warn),3.0,0.05136,0.0006980125385693298,100000,0.04999192055285551,0.0527280794471445
base,False,0.64,0.1,3,43,AP,p_any_trigger,any trigger (diff >= t_warn),4.0,0.01339,0.00036346537524226433,100000,0.012677620949278672,0.01410237905072133
base,False,0.64,0.1,3,43,SL,p_any_trigger,any trigger (diff >= t_warn),2.0,0.10642,0.0009751655428695171,100000,0.10450871064193529,0.10833128935806471
base,False,0.64,0.1,3,43,SL,p_any_trigger,any trigger (diff >= t_warn),3.0,0.01847,0.00042577997956691206,100000,0.017635486568128116,0.019304513431871884
base,False,0.64,0.1,3,43,SL,p_any_trigger,any trigger (diff >= t_warn),4.0,0.0028,0.0001670975762840383,100000,0.002472494765996031,0.003127505234003969
base,False,0.64,0.15,3,49,AP,p_any_trigger,any trigger (diff >= t_warn),2.0,0.28164,0.001422388520763578,100000,0.27885216970529014,0.28442783029470986
base,False,0.64,0.15,3,49,AP,p_any_trigger,any trigger (diff >= t_warn),3.0,0.13073,0.001066019076283347,100000,0.1286406409871714,0.13281935901282862
base,False,0.64,0.15,3,49,AP,p_any_trigger,any trigger (diff >= t_warn),4.0,0.05667,0.0007311532746285146,100000,0.055236965903246,0.058103034096754
base,False,0.64,0.15,3,49,SL,p_any_trigger,any trigger (diff >= t_warn),2.0,0.17509,0.0012018048589517352,100000,0.1727345057414295,0.17744549425857048
base,False,0.64,0.15,3,49,SL,p_any_trigger,any trigger (diff >= t_warn),3.0,0.05294,0.0007080773714785695,100000,0.05155219384268738,0.05432780615731262
base,False,0.64,0.15,3,49,SL,p_any_trigger,any trigger (diff >= t_warn),4.0,0.01462,0.0003795557350376885,100000,0.013876084423332592,0.015363915576667407
base,False,0.64,0.2,3,55,AP,p_any_trigger,any trigger (diff >= t_warn),2.0,0.36454,0.0015220071892077251,100000,0.36155692070141165,0.3675230792985883
base,False,0.64,0.2,3,55,AP,p_any_trigger,any trigger (diff >= t_warn),3.0,0.21422,0.0012974197146644567,100000,0.2116771040663674,0.2167628959336326
base,False,0.64,0.2,3,55,AP,p_any_trigger,any trigger (diff >= t_warn),4.0,0.11725,0.0010173614770571963,100000,0.11525600812998106,0.11924399187001893
base,False,0.64,0.2,3,55,SL,p_any_trigger,any trigger (diff >= t_warn),2.0,0.2405,0.001351516740554848,100000,0.23785107584311516,0.24314892415688483
base,False,0.64,0.2,3,55,SL,p_any_trigger,any trigger (diff >= t_warn),3.0,0.09884,0.0009437725064866002,100000,0.09699023986309649,0.1006897601369035
base,False,0.64,0.2,3,55,SL,p_any_trigger,any trigger (diff >= t_warn),4.0,0.03887,0.0006112210982942261,100000,0.037672028651302855,0.04006797134869715
base,False,0.64,0.25,3,61,AP,p_any_trigger,any trigger (diff >= t_warn),2.0,0.43159,0.001566269682717507,100000,0.42852016780758223,0.4346598321924177
base,False,0.64,0.25,3,61,AP,p_any_trigger,any trigger (diff >= t_warn),3.0,0.28743,0.0014311324016316588,100000,0.2846250320135684,0.2902349679864316
base,False,0.64,0.25,3,61,AP,p_any_trigger,any trigger (diff >= t_warn),4.0,0.18206,0.0012203038818261623,100000,0.17966824832256045,0.18445175167743955
base,False,0.64,0.25,3,61,SL,p_any_trigger,any trigger (diff >= t_warn),2.0,0.30216,0.0014520996329453432,100000,0.2993139369950139,0.30500606300498606
base,False,0.64,0.25,3,61,SL,p_any_trigger,any trigger (diff >= t_warn),3.0,0.15163,0.0011341884459824126,100000,0.14940703147665851,0.15385296852334146
base,False,0.64,0.25,3,61,SL,p_any_trigger,any trigger (diff >= t_warn),4.0,0.07207,0.0008177769567553246,100000,0.07046718660473,0.07367281339526999
base,False,0.64,0.3,3,67,AP,p_any_trigger,any trigger (diff >= t_warn),2.0,0.47431,0.0015790504231974355,100000,0.47121511801634824,0.4774048819836518
base,False,0.64,0.3,3,67,AP,p_any_trigger,any trigger (diff >= t_warn),3.0,0.34225,0.001500383076084238,100000,0.3393093031846656,0.3451906968153344
base,False,0.64,0.3,3,67,AP,p_any_trigger,any trigger (diff >= t_warn),4.0,0.23758,0.0013458667972723007,100000,0.234942149528551,0.24021785047144903
base,False,0.64,0.3,3,67,SL,p_any_trigger,any trigger (diff >= t_warn),2.0,0.34994,0.001508250630366187,100000,0.34698388306150496,0.352896116938495
base,False,0.64,0.3,3,67,SL,p_any_trigger,any trigger (diff >= t_warn),3.0,0.19965,0.0012640802090848507,100000,0.19717244829708122,0.20212755170291877
base,False,0.64,0.3,3,67,SL,p_any_trigger,any trigger (diff >= t_warn),4.0,0.10905,0.0009856880718564064,100000,0.10711808686393202,0.11098191313606796
base,True,0.64,0.05,3,181,AP,p_any_trigger,any trigger (diff >= t_warn),2.0,0.10041,0.0009504095532979454,100000,0.09854723149027994,0.10227276850972006
base,True,0.64,0.05,3,181,AP,p_any_trigger,any trigger (diff >= t_warn),3.0,0.04015,0.0006207896382833721,100000,0.03893327465739157,0.04136672534260843
base,True,0.64,0.05,3,181,AP,p_any_trigger,any trigger (diff >= t_warn),4.0,0.01815,0.0004221442585183411,100000,0.017322612450497356,0.018977387549502643
base,True,0.64,0.05,3,181,SL,p_any_trigger,any trigger (diff >= t_warn),2.0,0.06434,0.0007758889379286187,100000,0.06281928561366167,0.06586071438633832
base,True,0.64,0.05,3,181,SL,p_any_trigger,any trigger (diff >= t_warn),3.0,0.01664,0.00040451341634116413,100000,0.015847168266454305,0.017432831733545692
base,True,0.64,0.05,3,181,SL,p_any_trigger,any trigger (diff >= t_warn),4.0,0.00546,0.0002330276464284871,100000,0.005003274201995436,0.005916725798004563
base,True,0.64,0.1,3,187,AP,p_any_trigger,any trigger (diff >= t_warn),2.0,0.13606,0.0010841940619649233,100000,0.13393501866953497,0.138184981330465
base,True,0.64,0.1,3,187,AP,p_any_trigger,any trigger (diff >= t_warn),3.0,0.05853,0.0007423222959065691,100000,0.05707507502362578,0.05998492497637422
base,True,0.64,0.1,3,187,AP,p_any_trigger,any trigger (diff >= t_warn),4.0,0.02711,0.0005135664309512451,100000,0.02610342828372707,0.028116571716272926
base,True,0.64,0.1,3,187,SL,p_any_trigger,any trigger (diff >= t_warn),2.0,0.08472,0.0008805823164247622,100000,0.08299409036077086,0.08644590963922914
base,True,0.64,0.1,3,187,SL,p_any_trigger,any trigger (diff >= t_warn),3.0,0.02514,0.0004950553544806883,100000,0.02416970932721061,0.026110290672789388
base,True,0.64,0.1,3,187,SL,p_any_trigger,any trigger (diff >= t_warn),4.0,0.00813,0.0002839701234285044,100000,0.007573428781004575,0.008686571218995425
base,True,0.64,0.15,3,193,AP,p_any_trigger,any trigger (diff >= t_warn),2.0,0.18365,0.0012244291629163364,100000,0.18125016292013385,0.18604983707986616
base,True,0.64,0.15,3,193,AP,p_any_trigger,any trigger (diff >= t_warn),3.0,0.09269,0.000917052691506873,100000,0.09089260973854342,0.09448739026145657
base,True,0.64,0.15,3,193,AP,p_any_trigger,any trigger (diff >= t_warn),4.0,0.04641,0.0006652526730498721,100000,0.04510612870991848,0.04771387129008152
base,True,0.64,0.15,3,193,SL,p_any_trigger,any trigger (diff >= t_warn),2.0,0.11772,0.0010191270853038888,100000,0.11572254760137946,0.11971745239862056
base,True,0.64,0.15,3,193,SL,p_any_trigger,any trigger (diff >= t_warn),3.0,0.04169,0.0006320755010281603,100000,0.04045115477270284,0.042928845227297154
base,True,0.64,0.15,3,193,SL,p_any_trigger,any trigger (diff >= t_warn),4.0,0.01562,0.0003921226287782943,100000,0.01485145376400918,0.01638854623599082
base,True,0.64,0.2,3,199,AP,p_any_trigger,any trigger (diff >= t_warn),2.0,0.23329,0.0013374071029421072,100000,0.23066873022488918,0.23591126977511082
base,True,0.64,0.2,3,199,AP,p_any_trigger,any trigger (diff >= t_warn),3.0,0.1332,0.0010745127267743273,100000,0.1310939937379805,0.13530600626201952
base,True,0.64,0.2,3,199,AP,p_any_trigger,any trigger (diff >= t_warn),4.0,0.07448,0.0008302573673265417,100000,0.07285272544930521,0.0761072745506948
base,True,0.64,0.2,3,199,SL,p_any_trigger,any trigger (diff >= t_warn),2.0,0.15374,0.0011406314584474688,100000,0.15150440340417545,0.15597559659582452
base,True,0.64,0.2,3,199,SL,p_any_trigger,any trigger (diff >= t_warn),3.0,0.06466,0.0007776829971138626,100000,0.06313576932224473,0.06618423067775527
base,True,0.64,0.2,3,199,SL,p_any_trigger,any trigger (diff >= t_warn),4.0,0.02716,0.0005140265985335778,100000,0.026152526371831734,0.028167473628168266
base,True,0.64,0.25,3,205,AP,p_any_trigger,any trigger (diff >= t_warn),2.0,0.28122,0.0014217429852121655,100000,0.27843343493173167,0.2840065650682684
base,True,0.64,0.25,3,205,AP,p_any_trigger,any trigger (diff >= t_warn),3.0,0.1768,0.0012064068965320118,100000,0.17443548591344554,0.17916451408655448
base,True,0.64,0.25,3,205,AP,p_any_trigger,any trigger (diff >= t_warn),4.0,0.10972,0.0009883396258371915,100000,0.10778288991358563,0.11165711008641437
base,True,0.64,0.25,3,205,SL,p_any_trigger,any trigger (diff >= t_warn),2.0,0.19169,0.0012447688295422568,100000,0.18925029790577505,0.19412970209422495
base,True,0.64,0.25,3,205,SL,p_any_trigger,any trigger (diff >= t_warn),3.0,0.09184,0.0009132656481002666,100000,0.09005003220728681,0.0936299677927132
base,True,0.64,0.25,3,205,SL,p_any_trigger,any trigger (diff >= t_warn),4.0,0.04472,0.0006536063157589591,100000,0.04343895515093981,0.046001044849060195
base,True,0.64,0.3,3,211,AP,p_any_trigger,any trigger (diff >= t_warn),2.0,0.3236,0.0014794696347002192,100000,0.32070029277689444,0.32649970722310556
base,True,0.64,0.3,3,211,AP,p_any_trigger,any trigger (diff >= t_warn),3.0,0.2209,0.001311881054059399,100000,0.21832876036176155,0.22347123963823848
base,True,0.64,0.3,3,211,AP,p_any_trigger,any trigger (diff >= t_warn),4.0,0.14811,0.001123269459657833,100000,0.1459084322967712,0.1503115677032288
base,True,0.64,0.3,3,211,SL,p_any_trigger,any trigger (diff >= t_warn),2.0,0.2304,0.0013315999399218972,100000,0.2277901120553509,0.23300988794464908
base,True,0.64,0.3,3,211,SL,p_any_trigger,any trigger (diff >= t_warn),3.0,0.12287,0.0010381375780694965,100000,0.1208352877199366,0.12490471228006339
base,True,0.64,0.3,3,211,SL,p_any_trigger,any trigger (diff >= t_warn),4.0,0.06577,0.0007838641916811865,100000,0.06423365440341577,0.06730634559658422
base,False,0.64,0.05,3,37,AP,p_any_adj,any adjudication (diff >= t_adj),4.0,0.00032,5.65594908039314e-05,100000,0.00020914543416596343,0.0004308545658340366
base,False,0.64,0.05,3,37,AP,p_any_adj,any adjudication (diff >= t_adj),5.0,3e-05,1.732024826611905e-05,100000,-3.947063072655759e-06,6.394706307265576e-05
base,False,0.64,0.05,3,37,AP,p_any_adj,any adjudication (diff >= t_adj),6.0,0.0,0.0,100000,0.0,0.0
base,False,0.64,0.05,3,37,SL,p_any_adj,any adjudication (diff >= t_adj),4.0,5e-05,2.2360120751015635e-05,100000,6.174968292356397e-06,9.382503170764361e-05
base,False,0.64,0.05,3,37,SL,p_any_adj,any adjudication (diff >= t_adj),5.0,0.0,0.0,100000,0.0,0.0
base,False,0.64,0.05,3,37,SL,p_any_adj,any adjudication (diff >= t_adj),6.0,0.0,0.0,100000,0.0,0.0
base,False,0.64,0.1,3,43,AP,p_any_adj,any adjudication (diff >= t_adj),4.0,0.01339,0.00036346537524226433,100000,0.012677620949278672,0.01410237905072133
base,False,0.64,0.1,3,43,AP,p_any_adj,any adjudication (diff >= t_adj),5.0,0.00381,0.00019482001693871192,100000,0.0034281597803207343,0.004191840219679266
base,False,0.64,0.1,3,43,AP,p_any_adj,any adjudication (diff >= t_adj),6.0,0.00105,0.00010241569703907697,100000,0.0008492689207685025,0.0012507310792314974
base,False,0.64,0.1,3,43,SL,p_any_adj,any adjudication (diff >= t_adj),4.0,0.0028,0.0001670975762840383,100000,0.002472494765996031,0.003127505234003969
base,False,0.64,0.1,3,43,SL,p_any_adj,any adjudication (diff >= t_adj),5.0,0.00043,6.556028523427884e-05,100000,0.0003015042011110819,0.0005584957988889181
base,False,0.64,0.1,3,43,SL,p_any_adj,any adjudication (diff >= t_adj),6.0,8e-05,2.8283139853983683e-05,100000,2.456606407922673e-05,0.0001354339359207733
base,False,0.64,0.15,3,49,AP,p_any_adj,any adjudication (diff >= t_adj),4.0,0.05667,0.0007311532746285146,100000,0.055236965903246,0.058103034096754
base,False,0.64,0.15,3,49,AP,p_any_adj,any adjudication (diff >= t_adj),5.0,0.0237,0.0004810229724243947,100000,0.02275721229087519,0.024642787709124807
base,False,0.64,0.15,3,49,AP,p_any_adj,any adjudication (diff >= t_adj),6.0,0.01091,0.00032849614761820266,100000,0.010266159376529636,0.011553840623470363
base,False,0.64,0.15,3,49,SL,p_any_adj,any adjudication (diff >= t_adj),4.0,0.01462,0.0003795557350376885,100000,0.013876084423332592,0.015363915576667407
base,False,0.64,0.15,3,49,SL,p_any_adj,any adjudication (diff >= t_adj),5.0,0.00467,0.0002155966395842013,100000,0.00424743834789399,0.00509256165210601
base,False,0.64,0.15,3,49,SL,p_any_adj,any adjudication (diff >= t_adj),6.0,0.00153,0.00012359850727253948,100000,0.0012877513752920843,0.0017722486247079155
base,False,0.64,0.2,3,55,AP,p_any_adj,any adjudication (diff >= t_adj),4.0,0.11725,0.0010173614770571963,100000,0.11525600812998106,0.11924399187001893
base,False,0.64,0.2,3,55,AP,p_any_adj,any adjudication (diff >= t_adj),5.0,0.0632,0.0007694527925740474,100000,0.0616919002268554,0.06470809977314461
base,False,0.64,0.2,3,55,AP,p_any_adj,any adjudication (diff >= t_adj),6.0,0.03423,0.0005749635388439861,100000,0.03310309216255318,0.03535690783744681
base,False,0.64,0.2,3,55,SL,p_any_adj,any adjudication (diff >= t_adj),4.0,0.03887,0.0006112210982942261,100000,0.037672028651302855,0.04006797134869715
base,False,0.64,0.2,3,55,SL,p_any_adj,any adjudication (diff >= t_adj),5.0,0.01574,0.00039360198678360355,100000,0.014968554275575661,0.01651144572442434
base,False,0.64,0.2,3,55,SL,p_any_adj,any adjudication (diff >= t_adj),6.0,0.0066,0.00025605546274196144,100000,0.006098140511022414,0.007101859488977586
base,False,0.64,0.25,3,61,AP,p_any_adj,any adjudication (diff >= t_adj),4.0,0.18206,0.0012203038818261623,100000,0.17966824832256045,0.18445175167743955
base,False,0.64,0.25,3,61,AP,p_any_adj,any adjudication (diff >= t_adj),5.0,0.11251,0.0009992572236416407,100000,0.11055149181492244,0.11446850818507756
base,False,0.64,0.25,3,61,AP,p_any_adj,any adjudication (diff >= t_adj),6.0,0.06968,0.0008051378614870872,100000,0.06810195877644833,0.07125804122355169
base,False,0.64,0.25,3,61,SL,p_any_adj,any adjudication (diff >= t_adj),4.0,0.07207,0.0008177769567553246,100000,0.07046718660473,0.07367281339526999
base,False,0.64,0.25,3,61,SL,p_any_adj,any adjudication (diff >= t_adj),5.0,0.03529,0.0005834776422451849,100000,0.03414640482639456,0.03643359517360544
base,False,0.64,0.25,3,61,SL,p_any_adj,any adjudication (diff >= t_adj),6.0,0.0176,0.0004158153436322426,100000,0.016785016895833175,0.018414983104166827
base,False,0.64,0.3,3,67,AP,p_any_adj,any adjudication (diff >= t_adj),4.0,0.23758,0.0013458667972723007,100000,0.234942149528551,0.24021785047144903
base,False,0.64,0.3,3,67,AP,p_any_adj,any adjudication (diff >= t_adj),5.0,0.16136,0.001163283930947213,100000,0.15908000537356498,0.16363999462643503
base,False,0.64,0.3,3,67,AP,p_any_adj,any adjudication (diff >= t_adj),6.0,0.10867,0.000984179003535434,100000,0.10674104458351467,0.11059895541648533
base,False,0.64,0.3,3,67,SL,p_any_adj,any adjudication (diff >= t_adj),4.0,0.10905,0.0009856880718564064,100000,0.10711808686393202,0.11098191313606796
base,False,0.64,0.3,3,67,SL,p_any_adj,any adjudication (diff >= t_adj),5.0,0.05938,0.000747355441540369,100000,0.05791521023937678,0.06084478976062323
base,False,0.64,0.3,3,67,SL,p_any_adj,any adjudication (diff >= t_adj),6.0,0.03305,0.0005653113964886963,100000,0.03194201001409243,0.03415798998590758
base,True,0.64,0.05,3,181,AP,p_any_adj,any adjudication (diff >= t_adj),4.0,0.01815,0.0004221442585183411,100000,0.017322612450497356,0.018977387549502643
base,True,0.64,0.05,3,181,AP,p_any_adj,any adjudication (diff >= t_adj),5.0,0.0087,0.0002936717555366876,100000,0.00812441393133129,0.009275586068668708
base,True,0.64,0.05,3,181,AP,p_any_adj,any adjudication (diff >= t_adj),6.0,0.00464,0.00021490626794023484,100000,0.004218791451462786,0.005061208548537214
base,True,0.64,0.05,3,181,SL,p_any_adj,any adjudication (diff >= t_adj),4.0,0.00546,0.0002330276464284871,100000,0.005003274201995436,0.005916725798004563
base,True,0.64,0.05,3,181,SL,p_any_adj,any adjudication (diff >= t_adj),5.0,0.00197,0.00014021836898209876,100000,0.0016951770446563697,0.00224482295534363
base,True,0.64,0.05,3,181,SL,p_any_adj,any adjudication (diff >= t_adj),6.0,0.00083,9.106651964360997e-05,100000,0.0006515128998932317,0.0010084871001067683
base,True,0.64,0.1,3,187,AP,p_any_adj,any adjudication (diff >= t_adj),4.0,0.02711,0.0005135664309512451,100000,0.02610342828372707,0.028116571716272926
base,True,0.64,0.1,3,187,AP,p_any_adj,any adjudication (diff >= t_adj),5.0,0.01326,0.00036172050536291135,100000,0.012551040831426887,0.013968959168573112
base,True,0.64,0.1,3,187,AP,p_any_adj,any adjudication (diff >= t_adj),6.0,0.00631,0.0002504033526133386,100000,0.00581921844339855,0.0068007815566014495
base,True,0.64,0.1,3,187,SL,p_any_adj,any adjudication (diff >= t_adj),4.0,0.00813,0.0002839701234285044,100000,0.007573428781004575,0.008686571218995425
base,True,0.64,0.1,3,187,SL,p_any_adj,any adjudication (diff >= t_adj),5.0,0.00334,0.0001824512099165144,100000,0.002982402196807189,0.0036975978031928113
base,True,0.64,0.1,3,187,SL,p_any_adj,any adjudication (diff >= t_adj),6.0,0.00154,0.0001240011451560025,100000,0.0012969622195354606,0.0017830377804645393
base,True,0.64,0.15,3,193,AP,p_any_adj,any adjudication (diff >= t_adj),4.0,0.04641,0.0006652526730498721,100000,0.04510612870991848,0.04771387129008152
base,True,0.64,0.15,3,193,AP,p_any_adj,any adjudication (diff >= t_adj),5.0,0.02447,0.0004885818160758748,100000,0.02351239722943666,0.025427602770563336
base,True,0.64,0.15,3,193,AP,p_any_adj,any adjudication (diff >= t_adj),6.0,0.0136,0.0003662654774886653,100000,0.012882132849679404,0.014317867150320594
base,True,0.64,0.15,3,193,SL,p_any_adj,any adjudication (diff >= t_adj),4.0,0.01562,0.0003921226287782943,100000,0.01485145376400918,0.01638854623599082
base,True,0.64,0.15,3,193,SL,p_any_adj,any adjudication (diff >= t_adj),5.0,0.0067,0.0002579749987886423,100000,0.0061943782894742175,0.007205621710525783
base,True,0.64,0.15,3,193,SL,p_any_adj,any adjudication (diff >= t_adj),6.0,0.00288,0.00016946107517657263,100000,0.002547862393252624,0.003212137606747376
base,True,0.64,0.2,3,199,AP,p_any_adj,any adjudication (diff >= t_adj),4.0,0.07448,0.0008302573673265417,100000,0.07285272544930521,0.0761072745506948
base,True,0.64,0.2,3,199,AP,p_any_adj,any adjudication (diff >= t_adj),5.0,0.0416,0.0006314225209794152,100000,0.0403624345900911,0.0428375654099089
base,True,0.64,0.2,3,199,AP,p_any_adj,any adjudication (diff >= t_adj),6.0,0.02428,0.0004867286882853732,100000,0.023326029293193447,0.025233970706806552
base,True,0.64,0.2,3,199,SL,p_any_adj,any adjudication (diff >= t_adj),4.0,0.02716,0.0005140265985335778,100000,0.026152526371831734,0.028167473628168266
base,True,0.64,0.2,3,199,SL,p_any_adj,any adjudication (diff >= t_adj),5.0,0.01239,0.0003498069167412217,100000,0.011704391036236208,0.013075608963763792
base,True,0.64,0.2,3,199,SL,p_any_adj,any adjudication (diff >= t_adj),6.0,0.00583,0.00024074906230346982,100000,0.005358140504851442,0.006301859495148558
base,True,0.64,0.25,3,205,AP,p_any_adj,any adjudication (diff >= t_adj),4.0,0.10972,0.0009883396258371915,100000,0.10778288991358563,0.11165711008641437
base,True,0.64,0.25,3,205,AP,p_any_adj,any adjudication (diff >= t_adj),5.0,0.06812,0.0007967412729362023,100000,0.06655841578773086,0.06968158421226914
base,True,0.64,0.25,3,205,AP,p_any_adj,any adjudication (diff >= t_adj),6.0,0.04195,0.0006339573921013936,100000,0.04070746633394739,0.043192533666052614
base,True,0.64,0.25,3,205,SL,p_any_adj,any adjudication (diff >= t_adj),4.0,0.04472,0.0006536063157589591,100000,0.04343895515093981,0.046001044849060195
base,True,0.64,0.25,3,205,SL,p_any_adj,any adjudication (diff >= t_adj),5.0,0.02225,0.0004664218852069444,100000,0.021335829896182254,0.023164170103817744
base,True,0.64,0.25,3,205,SL,p_any_adj,any adjudication (diff >= t_adj),6.0,0.01132,0.0003345423381277772,100000,0.01066430906079373,0.01197569093920627
base,True,0.64,0.3,3,211,AP,p_any_adj,any adjudication (diff >= t_adj),4.0,0.14811,0.001123269459657833,100000,0.1459084322967712,0.1503115677032288
base,True,0.64,0.3,3,211,AP,p_any_adj,any adjudication (diff >= t_adj),5.0,0.09843,0.0009420272559751124,100000,0.09658366049127,0.10027633950873001
base,True,0.64,0.3,3,211,AP,p_any_adj,any adjudication (diff >= t_adj),6.0,0.06569,0.0007834208568834506,100000,0.06415452332365928,0.06722547667634071
base,True,0.64,0.3,3,211,SL,p_any_adj,any adjudication (diff >= t_adj),4.0,0.06577,0.0007838641916811865,100000,0.06423365440341577,0.06730634559658422
base,True,0.64,0.3,3,211,SL,p_any_adj,any adjudication (diff >= t_adj),5.0,0.03504,0.0005814825741155104,100000,0.03390031508810627,0.03617968491189373
base,True,0.64,0.3,3,211,SL,p_any_adj,any adjudication (diff >= t_adj),6.0,0.01948,0.00043704152663105137,100000,0.0186234143412981,0.020336585658701903
