p_beat_cv,p_view_over,ai,ref,m,apparent,true,diff,mcse_diff
0.05,False,independent,adj_tol1,icc,0.8604757562222053,0.9088541284968737,-0.04837837227466846,0.00031721437146049834
0.05,False,independent,adj_tol1,loa_width,9.605448699092745,7.832601925978931,1.7728467731138138,0.020377974462990445
0.05,False,independent,adj_tol1,mae,1.9714702320278608,1.5959180721994068,0.3755521598284536,0.0023188165765213446
0.05,False,independent,adj_tol2,icc,0.8631110336534321,0.9088541284968737,-0.04574309484344166,0.00029934907636659753
0.05,False,independent,adj_tol2,loa_width,9.5009485990965,7.832601925978931,1.668346673117569,0.0199063371141456
0.05,False,independent,adj_tol2,mae,1.9496025782021684,1.5959180721994068,0.3536845060027614,0.002205373044453248
0.05,False,independent,adj_tol3,icc,0.8638738096960271,0.9088541284968737,-0.044980318800846505,0.00029163994466509225
0.05,False,independent,adj_tol3,loa_width,9.472817778292544,7.832601925978931,1.640215852313613,0.019474476425688454
0.05,False,independent,adj_tol3,mae,1.9427783926080442,1.5959180721994068,0.3468603204086374,0.00213367894693415
0.05,False,independent,mean2,icc,0.8640228439020923,0.9088541284968737,-0.04483128459478142,0.0002883461146906931
0.05,False,independent,mean2,loa_width,9.466332155933534,7.832601925978931,1.6337302299546033,0.01940366779754628
0.05,False,independent,mean2,mae,1.9412458009435407,1.5959180721994068,0.3453277287441338,0.0021068468963749737
0.05,False,independent,single,icc,0.855507171441033,0.9088541284968737,-0.053346957055840735,0.0003485312853813587
0.05,False,independent,single,loa_width,9.810507041606172,7.832601925978931,1.9779051156272414,0.020585060891828353
0.05,False,independent,single,mae,2.012977011287853,1.5959180721994068,0.4170589390884461,0.0025116101644000223
0.05,False,inherited,adj_tol1,icc,0.8553144486314452,0.9031102920022798,-0.04779584337083459,0.0003164368454695358
0.05,False,inherited,adj_tol1,loa_width,9.568763038243635,7.8821076467258955,1.6866553915177411,0.02040636638383336
0.05,False,inherited,adj_tol1,mae,1.9618082346685388,1.6081180824757917,0.3536901521927472,0.002291628804491527
0.05,False,inherited,adj_tol2,icc,0.8580489403953638,0.9031102920022798,-0.04506135160691593,0.0002965579405739169
0.05,False,inherited,adj_tol2,loa_width,9.464108285132138,7.8821076467258955,1.5820006384062433,0.019920635473617068
0.05,False,inherited,adj_tol2,mae,1.9398027409606946,1.6081180824757917,0.3316846584849028,0.002169091880103237
0.05,False,inherited,adj_tol3,icc,0.8588449905983193,0.9031102920022798,-0.04426530140396047,0.0002884922427170377
0.05,False,inherited,adj_tol3,loa_width,9.435432548882439,7.8821076467258955,1.5533249021565445,0.01948640331927068
0.05,False,inherited,adj_tol3,mae,1.9329302308309788,1.6081180824757917,0.32481214835518724,0.002095177005020097
0.05,False,inherited,mean2,icc,0.8590031522320151,0.9031102920022798,-0.04410713977026475,0.00028523103148390337
0.05,False,inherited,mean2,loa_width,9.428633676085468,7.8821076467258955,1.5465260293595757,0.01941051318286475
0.05,False,inherited,mean2,mae,1.9313801341749501,1.6081180824757917,0.3232620516991585,0.0020686007763887813
0.05,False,inherited,single,icc,0.8501710185775507,0.9031102920022798,-0.05293927342472901,0.00034798590234108774
0.05,False,inherited,single,loa_width,9.773376607393047,7.8821076467258955,1.891268960667153,0.02059020822540207
0.05,False,inherited,single,mae,2.0032350494815265,1.6081180824757917,0.3951169670057346,0.0024743892363654325
0.05,True,independent,adj_tol1,icc,0.8531152251546223,0.9082230434126158,-0.05510781825799364,0.0003429890109835994
0.05,True,independent,adj_tol1,loa_width,9.922793348694857,7.829115727745204,2.093677620949652,0.02101689854062926
0.05,True,independent,adj_tol1,mae,2.026681213492455,1.5951554972721202,0.4315257162203344,0.0024562897693949154
0.05,True,independent,adj_tol2,icc,0.8558430408819713,0.9082230434126158,-0.05238000253064462,0.0003191882508178549
0.05,True,independent,adj_tol2,loa_width,9.812780656200502,7.829115727745204,1.983664928455299,0.020388780217580886
0.05,True,independent,adj_tol2,mae,2.0036201321012017,1.5951554972721202,0.40846463482908124,0.0023144043972303137
0.05,True,independent,adj_tol3,icc,0.8570030194024928,0.9082230434126158,-0.051220024010123114,0.00031006713406211576
0.05,True,independent,adj_tol3,loa_width,9.769853944671675,7.829115727745204,1.9407382169264717,0.019819583555909154
0.05,True,independent,adj_tol3,mae,1.9942712638263231,1.5951554972721202,0.39911576655420256,0.002228931036266916
0.05,True,independent,mean2,icc,0.8575917878724026,0.9082230434126158,-0.05063125554021338,0.0003063470713054562
0.05,True,independent,mean2,loa_width,9.752141891852789,7.829115727745204,1.923026164107585,0.019616992064930346
0.05,True,independent,mean2,mae,1.9909232279043239,1.5951554972721202,0.3957677306322034,0.00219386380827169
0.05,True,independent,single,icc,0.8483728699814685,0.9082230434126158,-0.05985017343114737,0.00036577587414711996
0.05,True,independent,single,loa_width,10.122149919957291,7.829115727745204,2.2930341922120867,0.02098482134489308
0.05,True,independent,single,mae,2.0659049352070795,1.5951554972721202,0.47074943793495916,0.0026046489449980145
0.05,True,inherited,adj_tol1,icc,0.849305550237158,0.9045978908561226,-0.055292340618964424,0.0003463718705362375
0.05,True,inherited,adj_tol1,loa_width,9.903095661072037,7.853290262259499,2.0498053988125355,0.021080304358461165
0.05,True,inherited,adj_tol1,mae,2.021325798505571,1.6013726491566858,0.41995314934888517,0.0024571355189654492
0.05,True,inherited,adj_tol2,icc,0.8521261963960912,0.9045978908561226,-0.05247169446003133,0.0003219394543077935
0.05,True,inherited,adj_tol2,loa_width,9.792156694891236,7.853290262259499,1.9388664326317362,0.020446627801354547
0.05,True,inherited,adj_tol2,mae,1.998007781295505,1.6013726491566858,0.39663513213881935,0.002315989354621242
0.05,True,inherited,adj_tol3,icc,0.8533190583464507,0.9045978908561226,-0.05127883250967186,0.0003125791160170184
0.05,True,inherited,adj_tol3,loa_width,9.748971286622776,7.853290262259499,1.895681024363277,0.019872211031523743
0.05,True,inherited,adj_tol3,mae,1.9886601567109363,1.6013726491566858,0.3872875075542504,0.0022300208741778036
0.05,True,inherited,mean2,icc,0.8539016917561253,0.9045978908561226,-0.05069619909999743,0.0003085166673741463
0.05,True,inherited,mean2,loa_width,9.732366871043823,7.853290262259499,1.8790766087843231,0.019669411050555204
0.05,True,inherited,mean2,mae,1.985410393082344,1.6013726491566858,0.384037743925658,0.0021946581671681313
0.05,True,inherited,single,icc,0.8444491759578527,0.9045978908561226,-0.060148714898269895,0.00037002078213459704
0.05,True,inherited,single,loa_width,10.102838119636226,7.853290262259499,2.249547857376726,0.02105081609076768
0.05,True,inherited,single,mae,2.0605344788404314,1.6013726491566858,0.4591618296837455,0.0026065183723047542
0.1,False,independent,adj_tol1,icc,0.8556131998756983,0.908603093424638,-0.05298989354893982,0.00032775614508919273
0.1,False,independent,adj_tol1,loa_width,9.884586143192312,7.829263391367293,2.0553227518250177,0.020484121540639673
0.1,False,independent,adj_tol1,mae,2.018582699078729,1.5941852113475536,0.42439748773117525,0.002359479326960088
0.1,False,independent,adj_tol2,icc,0.8585662086093878,0.908603093424638,-0.050036884815250225,0.0003113485083951666
0.1,False,independent,adj_tol2,loa_width,9.764707816817946,7.829263391367293,1.9354444254506533,0.020092775754985533
0.1,False,independent,adj_tol2,mae,1.993477923462995,1.5941852113475536,0.3992927121154412,0.0022361281993893527
0.1,False,independent,adj_tol3,icc,0.8597787116060738,0.908603093424638,-0.048824381818564175,0.0003012780819110776
0.1,False,independent,adj_tol3,loa_width,9.717165707484611,7.829263391367293,1.8879023161173158,0.019729709739721477
0.1,False,independent,adj_tol3,mae,1.9837048894454576,1.5941852113475536,0.38951967809790417,0.002181946116770401
0.1,False,independent,mean2,icc,0.8602410632030946,0.908603093424638,-0.04836203022154356,0.00029873638344008656
0.1,False,independent,mean2,loa_width,9.695207634595002,7.829263391367293,1.8659442432277098,0.019636436393290796
0.1,False,independent,mean2,mae,1.9794755013399268,1.5941852113475536,0.3852902899923732,0.0021475184712421787
0.1,False,independent,single,icc,0.850666094735149,0.908603093424638,-0.05793699868948907,0.0003578624340027352
0.1,False,independent,single,loa_width,10.084102359055008,7.829263391367293,2.2548389676877143,0.02069397659391759
0.1,False,independent,single,mae,2.0598739878629355,1.5941852113475536,0.4656887765153816,0.0025363986116222516
0.1,False,inherited,adj_tol1,icc,0.8511457832747679,0.904632082871896,-0.05348629959712826,0.0003313858955706018
0.1,False,inherited,adj_tol1,loa_width,9.869066097381808,7.858168944510688,2.0108971528711193,0.02055361298123294
0.1,False,inherited,adj_tol1,mae,2.01470549767658,1.6004531404917688,0.41425235718481124,0.0023604591473395634
0.1,False,inherited,adj_tol2,icc,0.8541807114251017,0.904632082871896,-0.05045137144679434,0.00031423930732000485
0.1,False,inherited,adj_tol2,loa_width,9.749103933398395,7.858168944510688,1.8909349888877056,0.02015187791264081
0.1,False,inherited,adj_tol2,mae,1.9894987794103718,1.6004531404917688,0.3890456389186029,0.0022374614055845556
0.1,False,inherited,adj_tol3,icc,0.8554363485925971,0.904632082871896,-0.04919573427929885,0.0003039151256607987
0.1,False,inherited,adj_tol3,loa_width,9.70117132681623,7.858168944510688,1.843002382305542,0.01978722412725213
0.1,False,inherited,adj_tol3,mae,1.9795893316293531,1.6004531404917688,0.3791361911375841,0.0021890406905906027
0.1,False,inherited,mean2,icc,0.8559279127208521,0.904632082871896,-0.048704170151043946,0.0003011770502366155
0.1,False,inherited,mean2,loa_width,9.678465556642124,7.858168944510688,1.8202966121314335,0.019691137158016042
0.1,False,inherited,mean2,mae,1.9752551141177355,1.6004531404917688,0.3748019736259664,0.0021527747192986745
0.1,False,inherited,single,icc,0.8460781930976115,0.904632082871896,-0.058553889774284565,0.0003609813831995424
0.1,False,inherited,single,loa_width,10.068194775921512,7.858168944510688,2.2100258314108236,0.020747374572660557
0.1,False,inherited,single,mae,2.055920598683017,1.6004531404917688,0.45546745819124806,0.002534517788403002
0.1,True,independent,adj_tol1,icc,0.8474227562498616,0.9088718961936321,-0.06144913994377033,0.00036281747068554694
0.1,True,independent,adj_tol1,loa_width,10.217682795231806,7.8218032540716536,2.395879541160151,0.021428505420486882
0.1,True,independent,adj_tol1,mae,2.085258391582679,1.5932196679775235,0.4920387236051558,0.0025895719757692164
0.1,True,independent,adj_tol2,icc,0.8508334485736762,0.9088718961936321,-0.05803844761995591,0.0003395916312511157
0.1,True,independent,adj_tol2,loa_width,10.080533400677458,7.8218032540716536,2.2587301466058034,0.02088194206895532
0.1,True,independent,adj_tol2,mae,2.05692867519432,1.5932196679775235,0.4637090072167971,0.0024559034956108646
0.1,True,independent,adj_tol3,icc,0.8523483036189027,0.9088718961936321,-0.056523592574729394,0.0003274534602996071
0.1,True,independent,adj_tol3,loa_width,10.023106601429166,7.8218032540716536,2.2013033473575123,0.020377542304381963
0.1,True,independent,adj_tol3,mae,2.04437693061875,1.5932196679775235,0.45115726264122635,0.002367009689804813
0.1,True,independent,mean2,icc,0.8533346911822728,0.9088718961936321,-0.05553720501135933,0.0003228855299527873
0.1,True,independent,mean2,loa_width,9.989045411496756,7.8218032540716536,2.167242157425102,0.02023510126228559
0.1,True,independent,mean2,mae,2.038477871799947,1.5932196679775235,0.44525820382242376,0.0023425396422014676
0.1,True,independent,single,icc,0.8427475309031556,0.9088718961936321,-0.06612436529047656,0.00037752800408946777
0.1,True,independent,single,loa_width,10.41852321479743,7.8218032540716536,2.5967199607257756,0.021301869218975096
0.1,True,independent,single,mae,2.1245946876161743,1.5932196679775235,0.5313750196386511,0.002685127107575202
0.1,True,inherited,adj_tol1,icc,0.8452447549620327,0.9053511512607622,-0.060106396298729534,0.00035735147337165096
0.1,True,inherited,adj_tol1,loa_width,10.206763946562251,7.83287085341405,2.373893093148202,0.021480723739380793
0.1,True,inherited,adj_tol1,mae,2.0761530554400407,1.6058745843262157,0.47027847111382526,0.0025336192377676215
0.1,True,inherited,adj_tol2,icc,0.8487312362193066,0.9053511512607622,-0.05661991504145564,0.00033354842672447344
0.1,True,inherited,adj_tol2,loa_width,10.069081268715346,7.83287085341405,2.236210415301295,0.02093357693666199
0.1,True,inherited,adj_tol2,mae,2.047538624844633,1.6058745843262157,0.44166404051841757,0.0024025842471998194
0.1,True,inherited,adj_tol3,icc,0.8502571523750386,0.9053511512607622,-0.05509399888572369,0.00032204485488152815
0.1,True,inherited,adj_tol3,loa_width,10.01140068047995,7.83287085341405,2.1785298270658986,0.020425081731068245
0.1,True,inherited,adj_tol3,mae,2.035002774921943,1.6058745843262157,0.4291281905957273,0.0023143642736727925
0.1,True,inherited,mean2,icc,0.8512451772038161,0.9053511512607622,-0.054105974056946164,0.0003177874997251673
0.1,True,inherited,mean2,loa_width,9.978338893939846,7.83287085341405,2.1454680405257966,0.02028142035574989
0.1,True,inherited,mean2,mae,2.02905845860311,1.6058745843262157,0.4231838742768945,0.0022892846749743767
0.1,True,inherited,single,icc,0.8404557562655646,0.9053511512607622,-0.06489539499519778,0.0003735704084854188
0.1,True,inherited,single,loa_width,10.408000681560662,7.83287085341405,2.5751298281466117,0.02134274438120987
0.1,True,inherited,single,mae,2.1156336818885704,1.6058745843262157,0.5097590975623543,0.0026344474652285096
0.15,False,independent,adj_tol1,icc,0.844583948110104,0.9087045392148263,-0.06412059110472247,0.00037120707361120255
0.15,False,independent,adj_tol1,loa_width,10.382186753759068,7.8140641402425235,2.568122613516545,0.021020388337409258
0.15,False,independent,adj_tol1,mae,2.117330818991568,1.5926547126268116,0.5246761063647568,0.0026376312858045685
0.15,False,independent,adj_tol2,icc,0.8480391066830009,0.9087045392148263,-0.06066543253182538,0.00035651586914993416
0.15,False,independent,adj_tol2,loa_width,10.24270190004476,7.8140641402425235,2.428637759802239,0.020631912062189516
0.15,False,independent,adj_tol2,mae,2.0884253302553435,1.5926547126268116,0.49577061762853203,0.0025189459522437715
0.15,False,independent,adj_tol3,icc,0.8498457669649203,0.9087045392148263,-0.058858772249906,0.000345644889344765
0.15,False,independent,adj_tol3,loa_width,10.170066490230113,7.8140641402425235,2.356002349987589,0.02017445963162897
0.15,False,independent,adj_tol3,mae,2.072757773391747,1.5926547126268116,0.4801030607649353,0.002428540981211854
0.15,False,independent,mean2,icc,0.8515387529625827,0.9087045392148263,-0.057165786252243604,0.00034066800651121266
0.15,False,independent,mean2,loa_width,10.096142718355495,7.8140641402425235,2.2820785781129715,0.019949075941789324
0.15,False,independent,mean2,mae,2.060003599468774,1.5926547126268116,0.46734888684196274,0.0023972317163248923
0.15,False,independent,single,icc,0.8398746980069041,0.9087045392148263,-0.06882984120792233,0.0003913103757062427
0.15,False,independent,single,loa_width,10.56874578365771,7.8140641402425235,2.7546816434151866,0.02094188790413993
0.15,False,independent,single,mae,2.1564544651081405,1.5926547126268116,0.563799752481329,0.002736784646263981
0.15,False,inherited,adj_tol1,icc,0.8437056809504969,0.905827658830887,-0.06212197788039015,0.0003656331842780678
0.15,False,inherited,adj_tol1,loa_width,10.380690391268388,7.819755313530102,2.5609350777382858,0.02104953093687351
0.15,False,inherited,adj_tol1,mae,2.108529382555427,1.6078644188397364,0.5006649637156907,0.0025812292098658304
0.15,False,inherited,adj_tol2,icc,0.8472047063249272,0.905827658830887,-0.058622952505959836,0.0003508592910828163
0.15,False,inherited,adj_tol2,loa_width,10.241467608749547,7.819755313530102,2.421712295219444,0.020661514251469518
0.15,False,inherited,adj_tol2,mae,2.0795237046882034,1.6078644188397364,0.4716592858484668,0.0024623231095640867
0.15,False,inherited,adj_tol3,icc,0.8490461175110572,0.905827658830887,-0.05678154131982988,0.0003403133674748406
0.15,False,inherited,adj_tol3,loa_width,10.16868791929921,7.819755313530102,2.3489326057691047,0.020202341560535318
0.15,False,inherited,adj_tol3,mae,2.063687924533894,1.6078644188397364,0.4558235056941575,0.002371602252791036
0.15,False,inherited,mean2,icc,0.8507641610214207,0.905827658830887,-0.055063497809466386,0.0003351372242249214
0.15,False,inherited,mean2,loa_width,10.094150053224212,7.819755313530102,2.2743947396941087,0.019968732817511804
0.15,False,inherited,mean2,mae,2.0506875492152266,1.6078644188397364,0.4428231303754901,0.0023318481362570496
0.15,False,inherited,single,icc,0.8389403450850843,0.905827658830887,-0.0668873137458026,0.0003865389363277713
0.15,False,inherited,single,loa_width,10.566589850606789,7.819755313530102,2.746834537076685,0.020959837474842265
0.15,False,inherited,single,mae,2.14790134718214,1.6078644188397364,0.5400369283424036,0.002682765872069847
0.15,True,independent,adj_tol1,icc,0.8367517036353568,0.9085627826170874,-0.07181107898173063,0.0004097959431470141
0.15,True,independent,adj_tol1,loa_width,10.659326413611785,7.825099256376752,2.8342271572350324,0.02210230783421146
0.15,True,independent,adj_tol1,mae,2.1787776019950016,1.5952333992200933,0.5835442027749079,0.0028785217759409888
0.15,True,independent,adj_tol2,icc,0.8403386478792007,0.9085627826170874,-0.06822413473788677,0.000395325294216431
0.15,True,independent,adj_tol2,loa_width,10.509768978037794,7.825099256376752,2.684669721661044,0.021575002561948897
0.15,True,independent,adj_tol2,mae,2.1485456769912123,1.5952333992200933,0.5533122777711191,0.0027768334007673466
0.15,True,independent,adj_tol3,icc,0.8424019026160877,0.9085627826170874,-0.06616088000099966,0.00038603794645597825
0.15,True,independent,adj_tol3,loa_width,10.425679909998244,7.825099256376752,2.600580653621492,0.021261937756923005
0.15,True,independent,adj_tol3,mae,2.131019744968895,1.5952333992200933,0.5357863457488012,0.002717143503797371
0.15,True,independent,mean2,icc,0.844505418613628,0.9085627826170874,-0.06405736400345932,0.00037803059566733166
0.15,True,independent,mean2,loa_width,10.34278975741466,7.825099256376752,2.5176905010379103,0.021004876110784526
0.15,True,independent,mean2,mae,2.1167931773945066,1.5952333992200933,0.5215597781744133,0.0026877680659235354
0.15,True,independent,single,icc,0.8313089594106381,0.9085627826170874,-0.07725382320644937,0.0004340468531290931
0.15,True,independent,single,loa_width,10.877256239291722,7.825099256376752,3.052156982914969,0.02221147388100822
0.15,True,independent,single,mae,2.222850355608531,1.5952333992200933,0.6276169563884371,0.0030000493154038986
0.15,True,inherited,adj_tol1,icc,0.8386096692406176,0.9044029574584188,-0.06579328821780114,0.00039237594172356326
0.15,True,inherited,adj_tol1,loa_width,10.65871166655149,7.826070209577162,2.8326414569743266,0.022116667379237953
0.15,True,inherited,adj_tol1,mae,2.159409264193728,1.6298825079022863,0.5295267562914415,0.0027295823191203017
0.15,True,inherited,adj_tol2,icc,0.8422453067266328,0.9044029574584188,-0.06215765073178601,0.000375891794354998
0.15,True,inherited,adj_tol2,loa_width,10.509035798361264,7.826070209577162,2.6829655887841017,0.021588735325886746
0.15,True,inherited,adj_tol2,mae,2.1289091328628484,1.6298825079022863,0.49902662496056177,0.002602055684935667
0.15,True,inherited,adj_tol3,icc,0.8443197183934976,0.9044029574584188,-0.06008323906492126,0.00036594602683495664
0.15,True,inherited,adj_tol3,loa_width,10.424806198640907,7.826070209577162,2.598735989063744,0.02127617694153134
0.15,True,inherited,adj_tol3,mae,2.1115506491209124,1.6298825079022863,0.48166814121862644,0.002534147986099768
0.15,True,inherited,mean2,icc,0.846464413915145,0.9044029574584188,-0.05793854354327374,0.0003548027397342481
0.15,True,inherited,mean2,loa_width,10.34202171423186,7.826070209577162,2.5159515046546983,0.02101925318217352
0.15,True,inherited,mean2,mae,2.096745179350015,1.6298825079022863,0.46686267144772836,0.0024851254508733516
0.15,True,inherited,single,icc,0.8331155473038471,0.9044029574584188,-0.07128741015457175,0.00041502366974054377
0.15,True,inherited,single,loa_width,10.876497877821963,7.826070209577162,3.050427668244801,0.02222673800431523
0.15,True,inherited,single,mae,2.2034376146467265,1.6298825079022863,0.57355510674444,0.0028552433066262395
0.2,False,independent,adj_tol1,icc,0.8279426947583423,0.9085423949552283,-0.08059970019688617,0.0004301417657703541
0.2,False,independent,adj_tol1,loa_width,11.041777209380497,7.8188399035215905,3.222937305858906,0.022546314803998376
0.2,False,independent,adj_tol1,mae,2.253107994069296,1.5928627508355206,0.6602452432337756,0.002994025940205831
0.2,False,independent,adj_tol2,icc,0.831575272400727,0.9085423949552283,-0.07696712255450139,0.000412071131384738
0.2,False,independent,adj_tol2,loa_width,10.894696074125648,7.8188399035215905,3.0758561706040553,0.022162374371414103
0.2,False,independent,adj_tol2,mae,2.222087480933042,1.5928627508355206,0.6292247300975211,0.0028809458478801443
0.2,False,independent,adj_tol3,icc,0.833862920389279,0.9085423949552283,-0.07467947456594926,0.0004053929257547502
0.2,False,independent,adj_tol3,loa_width,10.80003819370113,7.8188399035215905,2.981198290179539,0.02187560302478985
0.2,False,independent,adj_tol3,mae,2.202711236509198,1.5928627508355206,0.6098484856736772,0.002819623724245908
0.2,False,independent,mean2,icc,0.8368602702259498,0.9085423949552283,-0.07168212472927869,0.000393099987785258
0.2,False,independent,mean2,loa_width,10.671160079834749,7.8188399035215905,2.8523201763131603,0.021530299667624223
0.2,False,independent,mean2,mae,2.1812099346461564,1.5928627508355206,0.5883471838106356,0.002749871980539618
0.2,False,independent,single,icc,0.8229869503919031,0.9085423949552283,-0.08555544456332535,0.00044657237667473004
0.2,False,independent,single,loa_width,11.231281340723278,7.8188399035215905,3.4124414372016885,0.02266933533625214
0.2,False,independent,single,mae,2.2938575923718507,1.5928627508355206,0.70099484153633,0.003053976429694512
0.2,False,inherited,adj_tol1,icc,0.8330591619424362,0.9049205996863403,-0.07186143774390397,0.0004044266615328125
0.2,False,inherited,adj_tol1,loa_width,11.041340838221082,7.82098912493421,3.220351713286872,0.02252118123873615
0.2,False,inherited,adj_tol1,mae,2.228373541741637,1.6362190486620876,0.5921544930795493,0.00277884998757116
0.2,False,inherited,adj_tol2,icc,0.8367004095066056,0.9049205996863403,-0.06822019017973469,0.00038634725741515906
0.2,False,inherited,adj_tol2,loa_width,10.89417025422847,7.82098912493421,3.0731811292942597,0.022136835340714638
0.2,False,inherited,adj_tol2,mae,2.196692671976755,1.6362190486620876,0.5604736233146675,0.002663262050272899
0.2,False,inherited,adj_tol3,icc,0.8389915475807653,0.9049205996863403,-0.06592905210557495,0.0003794861069521876
0.2,False,inherited,adj_tol3,loa_width,10.799641127973985,7.82098912493421,2.978652003039775,0.02184905902484545
0.2,False,inherited,adj_tol3,mae,2.1770696557971205,1.6362190486620876,0.5408506071350331,0.0025992056207924203
0.2,False,inherited,mean2,icc,0.841957199130443,0.9049205996863403,-0.06296340055589725,0.0003670256265205649
0.2,False,inherited,mean2,loa_width,10.671249569356625,7.82098912493421,2.850260444422416,0.021504993640815973
0.2,False,inherited,mean2,mae,2.1549931296739553,1.6362190486620876,0.5187740810118672,0.0025349354585967477
0.2,False,inherited,single,icc,0.828000282153585,0.9049205996863403,-0.07692031753275526,0.00042344155867038414
0.2,False,inherited,single,loa_width,11.231559043657487,7.82098912493421,3.4105699187232767,0.022644850758693564
0.2,False,inherited,single,mae,2.2700318948954705,1.6362190486620876,0.633812846233383,0.0028726161233044974
0.2,True,independent,adj_tol1,icc,0.8194360573684686,0.9085840483701825,-0.08914799100171387,0.00047479171507904244
0.2,True,independent,adj_tol1,loa_width,11.337232147170289,7.826612063603278,3.5106200835670114,0.023571924345800417
0.2,True,independent,adj_tol1,mae,2.321568224131088,1.5957440077586147,0.7258242163724733,0.003278784953965527
0.2,True,independent,adj_tol2,icc,0.8232715852508975,0.9085840483701825,-0.08531246311928513,0.00046731505776239875
0.2,True,independent,adj_tol2,loa_width,11.17940029180276,7.826612063603278,3.352788228199483,0.023458783136649355
0.2,True,independent,adj_tol2,mae,2.2894565928043917,1.5957440077586147,0.6937125850457769,0.003220816768350146
0.2,True,independent,adj_tol3,icc,0.8258090804802066,0.9085840483701825,-0.08277496788997592,0.0004571031022833766
0.2,True,independent,adj_tol3,loa_width,11.079022533656248,7.826612063603278,3.2524104700529697,0.023197136390018414
0.2,True,independent,adj_tol3,mae,2.2690436054016887,1.5957440077586147,0.6732995976430738,0.003195575518394889
0.2,True,independent,mean2,icc,0.8296961258144514,0.9085840483701825,-0.07888792255573113,0.0004431112374481771
0.2,True,independent,mean2,loa_width,10.919367868129372,7.826612063603278,3.0927558045260937,0.02280261451049936
0.2,True,independent,mean2,mae,2.243367733482093,1.5957440077586147,0.6476237257234781,0.0031558284459566994
0.2,True,independent,single,icc,0.8143512410650341,0.9085840483701825,-0.09423280730514846,0.0004989638594016121
0.2,True,independent,single,loa_width,11.548031732122364,7.826612063603278,3.7214196685190877,0.02404522637426179
0.2,True,independent,single,mae,2.3648644993576817,1.5957440077586147,0.7691204915990673,0.003429982079146432
0.2,True,inherited,adj_tol1,icc,0.8264864262344593,0.9012637141682676,-0.07477728793380825,0.00043085832824886825
0.2,True,inherited,adj_tol1,loa_width,11.335810942011815,7.82716469708025,3.5086462449315663,0.02355471456047168
0.2,True,inherited,adj_tol1,mae,2.278828010752579,1.6709451992409683,0.6078828115116108,0.0029789210022376318
0.2,True,inherited,adj_tol2,icc,0.8303755387155439,0.9012637141682676,-0.07088817545272366,0.00042041274934984617
0.2,True,inherited,adj_tol2,loa_width,11.177961603920771,7.82716469708025,3.3507969068405217,0.023440689969061984
0.2,True,inherited,adj_tol2,mae,2.2459658475184985,1.6709451992409683,0.57502064827753,0.00286550787178476
0.2,True,inherited,adj_tol3,icc,0.8328910786682625,0.9012637141682676,-0.0683726355000051,0.0004108815667290678
0.2,True,inherited,adj_tol3,loa_width,11.077614091583587,7.82716469708025,3.250449394503338,0.023177890349868065
0.2,True,inherited,adj_tol3,mae,2.22496522919788,1.6709451992409683,0.5540200299569119,0.002833527322965807
0.2,True,inherited,mean2,icc,0.8369172783800453,0.9012637141682676,-0.06434643578822236,0.000395065359975823
0.2,True,inherited,mean2,loa_width,10.917867199414065,7.82716469708025,3.0907025023338166,0.022782675506185204
0.2,True,inherited,mean2,mae,2.1972761893918915,1.6709451992409683,0.5263309901509231,0.0027830208488555243
0.2,True,inherited,single,icc,0.8214045555994048,0.9012637141682676,-0.07985915856886278,0.00045794325025590334
0.2,True,inherited,single,loa_width,11.546530376835847,7.82716469708025,3.719365679755596,0.024027476500833422
0.2,True,inherited,single,mae,2.3220265264595583,1.6709451992409683,0.6510813272185899,0.003121011751602984
0.25,False,independent,adj_tol1,icc,0.8078341754863253,0.9089637467388534,-0.10112957125252804,0.0005081902446762068
0.25,False,independent,adj_tol1,loa_width,11.847809056010616,7.827814964721752,4.019994091288863,0.024004518560041314
0.25,False,independent,adj_tol1,mae,2.4288529724987455,1.5949055645554493,0.8339474079432961,0.00352937055981853
0.25,False,independent,adj_tol2,icc,0.8115595293597447,0.9089637467388534,-0.0974042173791087,0.0004938471111454388
0.25,False,independent,adj_tol2,loa_width,11.694928996624668,7.827814964721752,3.867114031902918,0.023850117727096727
0.25,False,independent,adj_tol2,mae,2.3973185620173565,1.5949055645554493,0.802412997461907,0.003445612392273324
0.25,False,independent,adj_tol3,icc,0.8141673202103031,0.9089637467388534,-0.09479642652855011,0.0004861462957833075
0.25,False,independent,adj_tol3,loa_width,11.588003987773767,7.827814964721752,3.760189023052014,0.023612582874599886
0.25,False,independent,adj_tol3,mae,2.375021965678012,1.5949055645554493,0.7801164011225624,0.003401484656675296
0.25,False,independent,mean2,icc,0.8195141040961712,0.9089637467388534,-0.08944964264268222,0.00046922144692030054
0.25,False,independent,mean2,loa_width,11.357142216442792,7.827814964721752,3.52932725172104,0.02292100845097555
0.25,False,independent,mean2,mae,2.336435042096655,1.5949055645554493,0.7415294775412058,0.0033153437087064335
0.25,False,independent,single,icc,0.8030934274807501,0.9089637467388534,-0.10587031925810333,0.0005196222465858707
0.25,False,independent,single,loa_width,12.029870066724532,7.827814964721752,4.20205510200278,0.024061855727928044
0.25,False,independent,single,mae,2.4684796304026317,1.5949055645554493,0.8735740658471823,0.003542039358713702
0.25,False,inherited,adj_tol1,icc,0.8199142229946614,0.8996182265989194,-0.07970400360425799,0.00044740523012250905
0.25,False,inherited,adj_tol1,loa_width,11.83569278468439,7.838629353167499,3.9970634315168923,0.023904410427303638
0.25,False,inherited,adj_tol1,mae,2.374216240901483,1.7060853952947859,0.6681308456066969,0.0030943115929194603
0.25,False,inherited,adj_tol2,icc,0.8237476320139631,0.8996182265989194,-0.07587059458495636,0.00043409929715741247
0.25,False,inherited,adj_tol2,loa_width,11.6822047354138,7.838629353167499,3.843575382246301,0.023755165745180794
0.25,False,inherited,adj_tol2,mae,2.340804819927868,1.7060853952947859,0.6347194246330823,0.0030128979446556988
0.25,False,inherited,adj_tol3,icc,0.8263248424056073,0.8996182265989194,-0.0732933841933121,0.0004286703873208423
0.25,False,inherited,adj_tol3,loa_width,11.575508088681305,7.838629353167499,3.736878735513806,0.023514850599507447
0.25,False,inherited,adj_tol3,mae,2.3183148169454992,1.7060853952947859,0.6122294216507133,0.0029787053172347457
0.25,False,inherited,mean2,icc,0.8315967693392229,0.8996182265989194,-0.06802145725969655,0.00040956841639686314
0.25,False,inherited,mean2,loa_width,11.345778777033932,7.838629353167499,3.507149423866431,0.02283121575395114
0.25,False,inherited,mean2,mae,2.2775468732471884,1.7060853952947859,0.5714614779524024,0.0028688409593380427
0.25,False,inherited,single,icc,0.8150519570105719,0.8996182265989194,-0.08456626958834756,0.0004713102076133926
0.25,False,inherited,single,loa_width,12.019252081400722,7.838629353167499,4.180622728233224,0.02398721387238004
0.25,False,inherited,single,mae,2.4142007621450783,1.7060853952947859,0.7081153668502925,0.0031876483849941103
0.25,True,independent,adj_tol1,icc,0.7987940966554076,0.9082548418588375,-0.10946074520343005,0.0005364592017280549
0.25,True,independent,adj_tol1,loa_width,12.114054633915865,7.845098535742892,4.268956098172972,0.024591455650000225
0.25,True,independent,adj_tol1,mae,2.4842552324094997,1.598476346272499,0.8857788861370014,0.0036682779575118755
0.25,True,independent,adj_tol2,icc,0.8024515352735746,0.9082548418588375,-0.10580330658526296,0.0005298956871718712
0.25,True,independent,adj_tol2,loa_width,11.96107689210958,7.845098535742892,4.115978356366687,0.024481615408927064
0.25,True,independent,adj_tol2,mae,2.451815254764805,1.598476346272499,0.853338908492306,0.0036205817717087246
0.25,True,independent,adj_tol3,icc,0.8051890353820379,0.9082548418588375,-0.10306580647679965,0.0005156931425976754
0.25,True,independent,adj_tol3,loa_width,11.851724257490346,7.845098535742892,4.006625721747454,0.024118978526064185
0.25,True,independent,adj_tol3,mae,2.428661314697856,1.598476346272499,0.8301849684253573,0.003542043516747038
0.25,True,independent,mean2,icc,0.8112485601863336,0.9082548418588375,-0.0970062816725038,0.0004991151979808568
0.25,True,independent,mean2,loa_width,11.59958794882716,7.845098535742892,3.7544894130842668,0.023698316542588405
0.25,True,independent,mean2,mae,2.3886736908948696,1.598476346272499,0.7901973446223709,0.003518663264883021
0.25,True,independent,single,icc,0.7936395906328639,0.9082548418588375,-0.11461525122597355,0.0005338061616203631
0.25,True,independent,single,loa_width,12.323487637336498,7.845098535742892,4.478389101593607,0.024676948738146336
0.25,True,independent,single,mae,2.5253388758628246,1.598476346272499,0.9268625295903256,0.0037032441972404935
0.25,True,inherited,adj_tol1,icc,0.8128256494983939,0.8964833091893276,-0.08365765969093383,0.00047750152398080543
0.25,True,inherited,adj_tol1,loa_width,12.102844763553787,7.854854099455384,4.2479906640984035,0.024479733340352382
0.25,True,inherited,adj_tol1,mae,2.4130858293674033,1.7311083326176462,0.681977496749757,0.003229759712379554
0.25,True,inherited,adj_tol2,icc,0.8165130240368682,0.8964833091893276,-0.07997028515245952,0.0004657462138689422
0.25,True,inherited,adj_tol2,loa_width,11.949941272342121,7.854854099455384,4.095087172886738,0.02436343430570006
0.25,True,inherited,adj_tol2,mae,2.3799085980727828,1.7311083326176462,0.6488002654551367,0.003179481720939272
0.25,True,inherited,adj_tol3,icc,0.8192166559522404,0.8964833091893276,-0.07726665323708741,0.000451962331300437
0.25,True,inherited,adj_tol3,loa_width,11.840707612917829,7.854854099455384,3.9858535134624447,0.023997220305118777
0.25,True,inherited,adj_tol3,mae,2.356648334050633,1.7311083326176462,0.625540001432987,0.0030848543495872786
0.25,True,inherited,mean2,icc,0.825441162574648,0.8964833091893276,-0.07104214661467986,0.0004332574132992102
0.25,True,inherited,mean2,loa_width,11.588210968919205,7.854854099455384,3.7333568694638206,0.023568944407740676
0.25,True,inherited,mean2,mae,2.3131724164803456,1.7311083326176462,0.5820640838626994,0.003025607729981298
0.25,True,inherited,single,icc,0.8075691848259624,0.8964833091893276,-0.08891412436336525,0.0004750903259207133
0.25,True,inherited,single,loa_width,12.31309178839572,7.854854099455384,4.458237688940335,0.024547909228042633
0.25,True,inherited,single,mae,2.45568167927498,1.7311083326176462,0.7245733466573341,0.003292416558301537
0.3,False,independent,adj_tol1,icc,0.7816485222152219,0.9087384586894152,-0.1270899364741933,0.0005799850477834611
0.3,False,independent,adj_tol1,loa_width,12.84143776898263,7.845630020972759,4.995807748009871,0.025632128386048184
0.3,False,independent,adj_tol1,mae,2.632326359812639,1.598797447771265,1.033528912041374,0.003870832789951302
0.3,False,independent,adj_tol2,icc,0.7853905530164481,0.9087384586894152,-0.12334790567296716,0.000574556647494185
0.3,False,independent,adj_tol2,loa_width,12.690174114921172,7.845630020972759,4.844544093948414,0.025524268736629517
0.3,False,independent,adj_tol2,mae,2.6000845168386415,1.598797447771265,1.0012870690673765,0.0038641255888483632
0.3,False,independent,adj_tol3,icc,0.7880856902855234,0.9087384586894152,-0.12065276840389183,0.0005661878771350223
0.3,False,independent,adj_tol3,loa_width,12.57803272833435,7.845630020972759,4.732402707361594,0.025427977657586174
0.3,False,independent,adj_tol3,mae,2.576246267529685,1.598797447771265,0.9774488197584194,0.0038390089907519094
0.3,False,independent,mean2,icc,0.7961582308969797,0.9087384586894152,-0.11258022779243551,0.0005453226355163693
0.3,False,independent,mean2,loa_width,12.218638618671166,7.845630020972759,4.373008597698408,0.024609618886986026
0.3,False,independent,mean2,mae,2.5194454197452005,1.598797447771265,0.9206479719739354,0.0037695900836104716
0.3,False,independent,single,icc,0.7771191860888919,0.9087384586894152,-0.13161927260052328,0.0005811485237374299
0.3,False,independent,single,loa_width,13.01289185097676,7.845630020972759,5.167261830004003,0.02572568658242739
0.3,False,independent,single,mae,2.6693651139919896,1.598797447771265,1.0705676662207249,0.003948799700152573
0.3,False,inherited,adj_tol1,icc,0.8077989369747103,0.8924084340479784,-0.08460949707326823,0.0004963693220514305
0.3,False,inherited,adj_tol1,loa_width,12.803902842191334,7.946739721865935,4.857163120325399,0.025143935707919347
0.3,False,inherited,adj_tol1,mae,2.540863867003428,1.8212634267607715,0.7196004402426566,0.0033924857589766972
0.3,False,inherited,adj_tol2,icc,0.811576222414155,0.8924084340479784,-0.08083221163382351,0.0004897388368593088
0.3,False,inherited,adj_tol2,loa_width,12.650407614604214,7.946739721865935,4.70366789273828,0.02501799238154381
0.3,False,inherited,adj_tol2,mae,2.508651478910132,1.8212634267607715,0.6873880521493606,0.0033554581785919537
0.3,False,inherited,adj_tol3,icc,0.8141549942281251,0.8924084340479784,-0.07825343981985335,0.00048377187194645485
0.3,False,inherited,adj_tol3,loa_width,12.539011280058652,7.946739721865935,4.592271558192717,0.024905587795632796
0.3,False,inherited,adj_tol3,mae,2.4848139089939254,1.8212634267607715,0.663550482233154,0.0033204848896385016
0.3,False,inherited,mean2,icc,0.8218605505192941,0.8924084340479784,-0.0705478835286845,0.0004578546628618296
0.3,False,inherited,mean2,loa_width,12.187126415908775,7.946739721865935,4.24038669404284,0.024138449378626237
0.3,False,inherited,mean2,mae,2.423782873353946,1.8212634267607715,0.6025194465931755,0.0032047755431799402
0.3,False,inherited,single,icc,0.8030506590278471,0.8924084340479784,-0.08935777502013122,0.000507450332654222
0.3,False,inherited,single,loa_width,12.98144300899926,7.946739721865935,5.034703287133324,0.025239347544089165
0.3,False,inherited,single,mae,2.5816164044642136,1.8212634267607715,0.760352977703442,0.003493252105007431
0.3,True,independent,adj_tol1,icc,0.7728397528128812,0.9084821393227372,-0.13564238650985613,0.0006208511113590098
0.3,True,independent,adj_tol1,loa_width,13.070546841891797,7.833078351019228,5.237468490872569,0.027678231952736068
0.3,True,independent,adj_tol1,mae,2.681648767362457,1.5971381106288685,1.0845106567335887,0.004287927754174841
0.3,True,independent,adj_tol2,icc,0.7767628872499887,0.9084821393227372,-0.13171925207274862,0.0006120661304019076
0.3,True,independent,adj_tol2,loa_width,12.906510886976438,7.833078351019228,5.073432535957208,0.027465837274169746
0.3,True,independent,adj_tol2,mae,2.6465999275457195,1.5971381106288685,1.0494618169168506,0.004195734462527114
0.3,True,independent,adj_tol3,icc,0.7797783360518175,0.9084821393227372,-0.12870380327091993,0.000602854649602331
0.3,True,independent,adj_tol3,loa_width,12.779554887581767,7.833078351019228,4.946476536562537,0.02725481394941573
0.3,True,independent,adj_tol3,mae,2.6210889032668585,1.5971381106288685,1.0239507926379896,0.004141740743619404
0.3,True,independent,mean2,icc,0.7884336322251466,0.9084821393227372,-0.12004850709759066,0.0005774429539236589
0.3,True,independent,mean2,loa_width,12.406131707577702,7.833078351019228,4.573053356558472,0.02616504494348635
0.3,True,independent,mean2,mae,2.5648826362119705,1.5971381106288685,0.9677445255831023,0.00403386771771111
0.3,True,independent,single,icc,0.7680363476190746,0.9084821393227372,-0.14044579170366278,0.000623556248544077
0.3,True,independent,single,loa_width,13.259269481089657,7.833078351019228,5.426191130070428,0.02759494325794391
0.3,True,independent,single,mae,2.7238500377263484,1.5971381106288685,1.12671192709748,0.004271693098146626
0.3,True,inherited,adj_tol1,icc,0.7977357374676957,0.8884363638094603,-0.09070062634176464,0.0005328623599287121
0.3,True,inherited,adj_tol1,loa_width,13.03374424915145,7.881972384453248,5.151771864698205,0.02725507966892165
0.3,True,inherited,adj_tol1,mae,2.5769475979334433,1.8369317429205052,0.7400158550129379,0.003623342818184472
0.3,True,inherited,adj_tol2,icc,0.8016479655180004,0.8884363638094603,-0.0867883982914599,0.0005217996505284342
0.3,True,inherited,adj_tol2,loa_width,12.869799848025988,7.881972384453248,4.98782746357274,0.02704060513872599
0.3,True,inherited,adj_tol2,mae,2.541489744095221,1.8369317429205052,0.7045580011747158,0.003546484485158987
0.3,True,inherited,adj_tol3,icc,0.8046837655063203,0.8884363638094603,-0.08375259830314011,0.000509104170743681
0.3,True,inherited,adj_tol3,loa_width,12.743212664315251,7.881972384453248,4.861240279862003,0.026808897915571825
0.3,True,inherited,adj_tol3,mae,2.5149364631358524,1.8369317429205052,0.6780047202153472,0.0034787290284745824
0.3,True,inherited,mean2,icc,0.8137093721644949,0.8884363638094603,-0.07472699164496538,0.00047928210663146975
0.3,True,inherited,mean2,loa_width,12.369608187882815,7.881972384453248,4.487635803429566,0.025745981830362835
0.3,True,inherited,mean2,mae,2.4498054164075276,1.8369317429205052,0.6128736734870222,0.003326985381247339
0.3,True,inherited,single,icc,0.7930857319849779,0.8884363638094603,-0.0953506318244824,0.0005356154494743572
0.3,True,inherited,single,loa_width,13.224103623973257,7.881972384453248,5.34213123952001,0.027165303481555995
0.3,True,inherited,single,mae,2.6188114801593154,1.8369317429205052,0.7818797372388101,0.0037020012084953073
