panel,column,rhythm,data_mode,axis,W,beat_cv,N,estimator,estimand,quantity,value,mcse,n
a,N=3,sinus,prospective,AP,0.1,0.05,3,rule,,p_window_met_first_N,0.46574,0.00157742,100000
a,N=3,sinus,prospective,AP,0.1,0.1,3,rule,,p_window_met_first_N,0.32175,0.00147725,100000
a,N=3,sinus,prospective,AP,0.1,0.15,3,rule,,p_window_met_first_N,0.21275,0.00129417,100000
a,N=3,sinus,prospective,AP,0.1,0.2,3,rule,,p_window_met_first_N,0.14754,0.00112148,100000
a,N=3,sinus,prospective,AP,0.1,0.25,3,rule,,p_window_met_first_N,0.10436,0.000966794,100000
a,N=3,sinus,prospective,AP,0.1,0.3,3,rule,,p_window_met_first_N,0.07976,0.000856728,100000
a,N=3,AF_rr0.2,prospective,AP,0.1,0.05,3,rule,,p_window_met_first_N,0.37737,0.00153285,100000
a,N=3,AF_rr0.2,prospective,AP,0.1,0.1,3,rule,,p_window_met_first_N,0.27689,0.001415,100000
a,N=3,AF_rr0.2,prospective,AP,0.1,0.15,3,rule,,p_window_met_first_N,0.19402,0.0012505,100000
a,N=3,AF_rr0.2,prospective,AP,0.1,0.2,3,rule,,p_window_met_first_N,0.13761,0.00108937,100000
a,N=3,AF_rr0.2,prospective,AP,0.1,0.25,3,rule,,p_window_met_first_N,0.10237,0.000958595,100000
a,N=3,AF_rr0.2,prospective,AP,0.1,0.3,3,rule,,p_window_met_first_N,0.07706,0.000843337,100000
a,N=3,sinus,prospective,AP,0.15,0.05,3,rule,,p_window_met_first_N,0.70866,0.00143688,100000
a,N=3,sinus,prospective,AP,0.15,0.1,3,rule,,p_window_met_first_N,0.57084,0.00156519,100000
a,N=3,sinus,prospective,AP,0.15,0.15,3,rule,,p_window_met_first_N,0.41789,0.00155967,100000
a,N=3,sinus,prospective,AP,0.15,0.2,3,rule,,p_window_met_first_N,0.30136,0.00145101,100000
a,N=3,sinus,prospective,AP,0.15,0.25,3,rule,,p_window_met_first_N,0.22466,0.0013198,100000
a,N=3,sinus,prospective,AP,0.15,0.3,3,rule,,p_window_met_first_N,0.17363,0.00119784,100000
a,N=3,AF_rr0.2,prospective,AP,0.15,0.05,3,rule,,p_window_met_first_N,0.6267,0.00152953,100000
a,N=3,AF_rr0.2,prospective,AP,0.15,0.1,3,rule,,p_window_met_first_N,0.50767,0.00158095,100000
a,N=3,AF_rr0.2,prospective,AP,0.15,0.15,3,rule,,p_window_met_first_N,0.37916,0.00153427,100000
a,N=3,AF_rr0.2,prospective,AP,0.15,0.2,3,rule,,p_window_met_first_N,0.2801,0.00142001,100000
a,N=3,AF_rr0.2,prospective,AP,0.15,0.25,3,rule,,p_window_met_first_N,0.21385,0.0012966,100000
a,N=3,AF_rr0.2,prospective,AP,0.15,0.3,3,rule,,p_window_met_first_N,0.16616,0.00117708,100000
a,N=3,sinus,prospective,AP,0.2,0.05,3,rule,,p_window_met_first_N,0.84978,0.00112984,100000
a,N=3,sinus,prospective,AP,0.2,0.1,3,rule,,p_window_met_first_N,0.75102,0.00136744,100000
a,N=3,sinus,prospective,AP,0.2,0.15,3,rule,,p_window_met_first_N,0.60568,0.00154542,100000
a,N=3,sinus,prospective,AP,0.2,0.2,3,rule,,p_window_met_first_N,0.46825,0.00157795,100000
a,N=3,sinus,prospective,AP,0.2,0.25,3,rule,,p_window_met_first_N,0.36312,0.00152074,100000
a,N=3,sinus,prospective,AP,0.2,0.3,3,rule,,p_window_met_first_N,0.28457,0.00142685,100000
a,N=3,AF_rr0.2,prospective,AP,0.2,0.05,3,rule,,p_window_met_first_N,0.79799,0.00126965,100000
a,N=3,AF_rr0.2,prospective,AP,0.2,0.1,3,rule,,p_window_met_first_N,0.70195,0.00144643,100000
a,N=3,AF_rr0.2,prospective,AP,0.2,0.15,3,rule,,p_window_met_first_N,0.56433,0.001568,100000
a,N=3,AF_rr0.2,prospective,AP,0.2,0.2,3,rule,,p_window_met_first_N,0.44354,0.00157103,100000
a,N=3,AF_rr0.2,prospective,AP,0.2,0.25,3,rule,,p_window_met_first_N,0.34646,0.00150474,100000
a,N=3,AF_rr0.2,prospective,AP,0.2,0.3,3,rule,,p_window_met_first_N,0.2737,0.00140992,100000
a,N=3,sinus,prospective,AP,0.25,0.05,3,rule,,p_window_met_first_N,0.9211,0.000852495,100000
a,N=3,sinus,prospective,AP,0.25,0.1,3,rule,,p_window_met_first_N,0.86753,0.00107202,100000
a,N=3,sinus,prospective,AP,0.25,0.15,3,rule,,p_window_met_first_N,0.75477,0.00136049,100000
a,N=3,sinus,prospective,AP,0.25,0.2,3,rule,,p_window_met_first_N,0.62266,0.00153282,100000
a,N=3,sinus,prospective,AP,0.25,0.25,3,rule,,p_window_met_first_N,0.50564,0.00158104,100000
a,N=3,sinus,prospective,AP,0.25,0.3,3,rule,,p_window_met_first_N,0.40669,0.00155336,100000
a,N=3,AF_rr0.2,prospective,AP,0.25,0.05,3,rule,,p_window_met_first_N,0.89304,0.000977341,100000
a,N=3,AF_rr0.2,prospective,AP,0.25,0.1,3,rule,,p_window_met_first_N,0.82966,0.0011888,100000
a,N=3,AF_rr0.2,prospective,AP,0.25,0.15,3,rule,,p_window_met_first_N,0.72297,0.00141522,100000
a,N=3,AF_rr0.2,prospective,AP,0.25,0.2,3,rule,,p_window_met_first_N,0.59682,0.00155121,100000
a,N=3,AF_rr0.2,prospective,AP,0.25,0.25,3,rule,,p_window_met_first_N,0.48526,0.00158045,100000
a,N=3,AF_rr0.2,prospective,AP,0.25,0.3,3,rule,,p_window_met_first_N,0.39801,0.0015479,100000
a,N=5,sinus,prospective,AP,0.1,0.05,5,rule,,p_window_met_first_N,0.22083,0.00131173,100000
a,N=5,sinus,prospective,AP,0.1,0.1,5,rule,,p_window_met_first_N,0.09794,0.000939935,100000
a,N=5,sinus,prospective,AP,0.1,0.15,5,rule,,p_window_met_first_N,0.0406,0.000624112,100000
a,N=5,sinus,prospective,AP,0.1,0.2,5,rule,,p_window_met_first_N,0.01833,0.000424193,100000
a,N=5,sinus,prospective,AP,0.1,0.25,5,rule,,p_window_met_first_N,0.00977,0.000311039,100000
a,N=5,sinus,prospective,AP,0.1,0.3,5,rule,,p_window_met_first_N,0.00566,0.000237233,100000
a,N=5,AF_rr0.2,prospective,AP,0.1,0.05,5,rule,,p_window_met_first_N,0.13464,0.00107941,100000
a,N=5,AF_rr0.2,prospective,AP,0.1,0.1,5,rule,,p_window_met_first_N,0.06848,0.000798689,100000
a,N=5,AF_rr0.2,prospective,AP,0.1,0.15,5,rule,,p_window_met_first_N,0.03142,0.000551659,100000
a,N=5,AF_rr0.2,prospective,AP,0.1,0.2,5,rule,,p_window_met_first_N,0.01647,0.000402477,100000
a,N=5,AF_rr0.2,prospective,AP,0.1,0.25,5,rule,,p_window_met_first_N,0.00838,0.000288267,100000
a,N=5,AF_rr0.2,prospective,AP,0.1,0.3,5,rule,,p_window_met_first_N,0.00511,0.000225475,100000
a,N=5,sinus,prospective,AP,0.15,0.05,5,rule,,p_window_met_first_N,0.49566,0.00158108,100000
a,N=5,sinus,prospective,AP,0.15,0.1,5,rule,,p_window_met_first_N,0.29809,0.00144649,100000
a,N=5,sinus,prospective,AP,0.15,0.15,5,rule,,p_window_met_first_N,0.15158,0.00113403,100000
a,N=5,sinus,prospective,AP,0.15,0.2,5,rule,,p_window_met_first_N,0.07795,0.000847784,100000
a,N=5,sinus,prospective,AP,0.15,0.25,5,rule,,p_window_met_first_N,0.04291,0.000640849,100000
a,N=5,sinus,prospective,AP,0.15,0.3,5,rule,,p_window_met_first_N,0.02516,0.000495247,100000
a,N=5,AF_rr0.2,prospective,AP,0.15,0.05,5,rule,,p_window_met_first_N,0.37678,0.00153237,100000
a,N=5,AF_rr0.2,prospective,AP,0.15,0.1,5,rule,,p_window_met_first_N,0.23261,0.00133605,100000
a,N=5,AF_rr0.2,prospective,AP,0.15,0.15,5,rule,,p_window_met_first_N,0.12612,0.00104983,100000
a,N=5,AF_rr0.2,prospective,AP,0.15,0.2,5,rule,,p_window_met_first_N,0.0704,0.000808974,100000
a,N=5,AF_rr0.2,prospective,AP,0.15,0.25,5,rule,,p_window_met_first_N,0.03893,0.000611674,100000
a,N=5,AF_rr0.2,prospective,AP,0.15,0.3,5,rule,,p_window_met_first_N,0.02361,0.000480131,100000
a,N=5,sinus,prospective,AP,0.2,0.05,5,rule,,p_window_met_first_N,0.70868,0.00143685,100000
a,N=5,sinus,prospective,AP,0.2,0.1,5,rule,,p_window_met_first_N,0.53611,0.00157701,100000
a,N=5,sinus,prospective,AP,0.2,0.15,5,rule,,p_window_met_first_N,0.32939,0.00148624,100000
a,N=5,sinus,prospective,AP,0.2,0.2,5,rule,,p_window_met_first_N,0.19217,0.00124596,100000
a,N=5,sinus,prospective,AP,0.2,0.25,5,rule,,p_window_met_first_N,0.11148,0.00099525,100000
a,N=5,sinus,prospective,AP,0.2,0.3,5,rule,,p_window_met_first_N,0.06921,0.000802621,100000
a,N=5,AF_rr0.2,prospective,AP,0.2,0.05,5,rule,,p_window_met_first_N,0.61498,0.00153876,100000
a,N=5,AF_rr0.2,prospective,AP,0.2,0.1,5,rule,,p_window_met_first_N,0.45394,0.00157442,100000
a,N=5,AF_rr0.2,prospective,AP,0.2,0.15,5,rule,,p_window_met_first_N,0.28902,0.00143348,100000
a,N=5,AF_rr0.2,prospective,AP,0.2,0.2,5,rule,,p_window_met_first_N,0.17129,0.00119143,100000
a,N=5,AF_rr0.2,prospective,AP,0.2,0.25,5,rule,,p_window_met_first_N,0.10299,0.000961161,100000
a,N=5,AF_rr0.2,prospective,AP,0.2,0.3,5,rule,,p_window_met_first_N,0.06369,0.000772228,100000
a,N=5,sinus,prospective,AP,0.25,0.05,5,rule,,p_window_met_first_N,0.83516,0.00117332,100000
a,N=5,sinus,prospective,AP,0.25,0.1,5,rule,,p_window_met_first_N,0.72027,0.00141944,100000
a,N=5,sinus,prospective,AP,0.25,0.15,5,rule,,p_window_met_first_N,0.52668,0.00157889,100000
a,N=5,sinus,prospective,AP,0.25,0.2,5,rule,,p_window_met_first_N,0.34425,0.00150247,100000
a,N=5,sinus,prospective,AP,0.25,0.25,5,rule,,p_window_met_first_N,0.21981,0.00130956,100000
a,N=5,sinus,prospective,AP,0.25,0.3,5,rule,,p_window_met_first_N,0.1438,0.0011096,100000
a,N=5,AF_rr0.2,prospective,AP,0.25,0.05,5,rule,,p_window_met_first_N,0.7785,0.00131316,100000
a,N=5,AF_rr0.2,prospective,AP,0.25,0.1,5,rule,,p_window_met_first_N,0.65007,0.00150824,100000
a,N=5,AF_rr0.2,prospective,AP,0.25,0.15,5,rule,,p_window_met_first_N,0.47245,0.00157874,100000
a,N=5,AF_rr0.2,prospective,AP,0.25,0.2,5,rule,,p_window_met_first_N,0.31225,0.00146543,100000
a,N=5,AF_rr0.2,prospective,AP,0.25,0.25,5,rule,,p_window_met_first_N,0.20475,0.00127604,100000
a,N=5,AF_rr0.2,prospective,AP,0.25,0.3,5,rule,,p_window_met_first_N,0.13386,0.00107676,100000
b,N=3,sinus,prospective,AP,0,0.05,3,rule,,beats_acquired_mean,3,0,100000
b,N=3,sinus,prospective,AP,0,0.1,3,rule,,beats_acquired_mean,3,0,100000
b,N=3,sinus,prospective,AP,0,0.15,3,rule,,beats_acquired_mean,3,0,100000
b,N=3,sinus,prospective,AP,0,0.2,3,rule,,beats_acquired_mean,3,0,100000
b,N=3,sinus,prospective,AP,0,0.25,3,rule,,beats_acquired_mean,3,0,100000
b,N=3,sinus,prospective,AP,0,0.3,3,rule,,beats_acquired_mean,3,0,100000
b,N=3,sinus,prospective,AP,0.1,0.05,3,rule,,beats_acquired_mean,3.88022,0.00339957,100000
b,N=3,sinus,prospective,AP,0.1,0.1,3,rule,,beats_acquired_mean,4.22079,0.00373162,100000
b,N=3,sinus,prospective,AP,0.1,0.15,3,rule,,beats_acquired_mean,4.63978,0.00419535,100000
b,N=3,sinus,prospective,AP,0.1,0.2,3,rule,,beats_acquired_mean,5.0653,0.00470854,100000
b,N=3,sinus,prospective,AP,0.1,0.25,3,rule,,beats_acquired_mean,5.49448,0.00523948,100000
b,N=3,sinus,prospective,AP,0.1,0.3,3,rule,,beats_acquired_mean,5.9055,0.0057583,100000
b,N=3,AF_rr0.2,prospective,AP,0.1,0.05,3,rule,,beats_acquired_mean,4.06892,0.00356736,100000
b,N=3,AF_rr0.2,prospective,AP,0.1,0.1,3,rule,,beats_acquired_mean,4.37267,0.00391055,100000
b,N=3,AF_rr0.2,prospective,AP,0.1,0.15,3,rule,,beats_acquired_mean,4.74026,0.0042976,100000
b,N=3,AF_rr0.2,prospective,AP,0.1,0.2,3,rule,,beats_acquired_mean,5.14806,0.00479604,100000
b,N=3,AF_rr0.2,prospective,AP,0.1,0.25,3,rule,,beats_acquired_mean,5.55934,0.0053425,100000
b,N=3,AF_rr0.2,prospective,AP,0.1,0.3,3,rule,,beats_acquired_mean,5.95746,0.00583923,100000
b,N=3,sinus,prospective,AP,0.15,0.05,3,rule,,beats_acquired_mean,3.40026,0.0023088,100000
b,N=3,sinus,prospective,AP,0.15,0.1,3,rule,,beats_acquired_mean,3.60697,0.00264806,100000
b,N=3,sinus,prospective,AP,0.15,0.15,3,rule,,beats_acquired_mean,3.9011,0.00306328,100000
b,N=3,sinus,prospective,AP,0.15,0.2,3,rule,,beats_acquired_mean,4.22935,0.00351463,100000
b,N=3,sinus,prospective,AP,0.15,0.25,3,rule,,beats_acquired_mean,4.54956,0.00393515,100000
b,N=3,sinus,prospective,AP,0.15,0.3,3,rule,,beats_acquired_mean,4.85491,0.00436541,100000
b,N=3,AF_rr0.2,prospective,AP,0.15,0.05,3,rule,,beats_acquired_mean,3.51671,0.00250149,100000
b,N=3,AF_rr0.2,prospective,AP,0.15,0.1,3,rule,,beats_acquired_mean,3.71515,0.00280806,100000
b,N=3,AF_rr0.2,prospective,AP,0.15,0.15,3,rule,,beats_acquired_mean,3.99483,0.00319746,100000
b,N=3,AF_rr0.2,prospective,AP,0.15,0.2,3,rule,,beats_acquired_mean,4.30327,0.00360476,100000
b,N=3,AF_rr0.2,prospective,AP,0.15,0.25,3,rule,,beats_acquired_mean,4.60259,0.0040122,100000
b,N=3,AF_rr0.2,prospective,AP,0.15,0.3,3,rule,,beats_acquired_mean,4.90625,0.00441749,100000
b,N=3,sinus,prospective,AP,0.2,0.05,3,rule,,beats_acquired_mean,3.1896,0.00160398,100000
b,N=3,sinus,prospective,AP,0.2,0.1,3,rule,,beats_acquired_mean,3.31453,0.00193914,100000
b,N=3,sinus,prospective,AP,0.2,0.15,3,rule,,beats_acquired_mean,3.51768,0.00234195,100000
b,N=3,sinus,prospective,AP,0.2,0.2,3,rule,,beats_acquired_mean,3.76624,0.00275906,100000
b,N=3,sinus,prospective,AP,0.2,0.25,3,rule,,beats_acquired_mean,4.02494,0.00316245,100000
b,N=3,sinus,prospective,AP,0.2,0.3,3,rule,,beats_acquired_mean,4.27524,0.00352136,100000
b,N=3,AF_rr0.2,prospective,AP,0.2,0.05,3,rule,,beats_acquired_mean,3.25363,0.00178585,100000
b,N=3,AF_rr0.2,prospective,AP,0.2,0.1,3,rule,,beats_acquired_mean,3.37948,0.00208518,100000
b,N=3,AF_rr0.2,prospective,AP,0.2,0.15,3,rule,,beats_acquired_mean,3.58631,0.00246507,100000
b,N=3,AF_rr0.2,prospective,AP,0.2,0.2,3,rule,,beats_acquired_mean,3.8223,0.00285761,100000
b,N=3,AF_rr0.2,prospective,AP,0.2,0.25,3,rule,,beats_acquired_mean,4.07046,0.00321653,100000
b,N=3,AF_rr0.2,prospective,AP,0.2,0.3,3,rule,,beats_acquired_mean,4.31499,0.00357654,100000
b,N=3,sinus,prospective,AP,0.25,0.05,3,rule,,beats_acquired_mean,3.09514,0.00112031,100000
b,N=3,sinus,prospective,AP,0.25,0.1,3,rule,,beats_acquired_mean,3.15676,0.00138314,100000
b,N=3,sinus,prospective,AP,0.25,0.15,3,rule,,beats_acquired_mean,3.29557,0.00180624,100000
b,N=3,sinus,prospective,AP,0.25,0.2,3,rule,,beats_acquired_mean,3.48297,0.00223086,100000
b,N=3,sinus,prospective,AP,0.25,0.25,3,rule,,beats_acquired_mean,3.68334,0.00258227,100000
b,N=3,sinus,prospective,AP,0.25,0.3,3,rule,,beats_acquired_mean,3.89711,0.0029284,100000
b,N=3,AF_rr0.2,prospective,AP,0.25,0.05,3,rule,,beats_acquired_mean,3.1279,0.00127665,100000
b,N=3,AF_rr0.2,prospective,AP,0.25,0.1,3,rule,,beats_acquired_mean,3.20269,0.00154729,100000
b,N=3,AF_rr0.2,prospective,AP,0.25,0.15,3,rule,,beats_acquired_mean,3.33841,0.00190885,100000
b,N=3,AF_rr0.2,prospective,AP,0.25,0.2,3,rule,,beats_acquired_mean,3.52427,0.0023072,100000
b,N=3,AF_rr0.2,prospective,AP,0.25,0.25,3,rule,,beats_acquired_mean,3.72469,0.00265262,100000
b,N=3,AF_rr0.2,prospective,AP,0.25,0.3,3,rule,,beats_acquired_mean,3.92462,0.00298795,100000
b,N=5,sinus,prospective,AP,0,0.05,5,rule,,beats_acquired_mean,5,0,100000
b,N=5,sinus,prospective,AP,0,0.1,5,rule,,beats_acquired_mean,5,0,100000
b,N=5,sinus,prospective,AP,0,0.15,5,rule,,beats_acquired_mean,5,0,100000
b,N=5,sinus,prospective,AP,0,0.2,5,rule,,beats_acquired_mean,5,0,100000
b,N=5,sinus,prospective,AP,0,0.25,5,rule,,beats_acquired_mean,5,0,100000
b,N=5,sinus,prospective,AP,0,0.3,5,rule,,beats_acquired_mean,5,0,100000
b,N=5,sinus,prospective,AP,0.1,0.05,5,rule,,beats_acquired_mean,7.06125,0.00635578,100000
b,N=5,sinus,prospective,AP,0.1,0.1,5,rule,,beats_acquired_mean,7.85626,0.00667675,100000
b,N=5,sinus,prospective,AP,0.1,0.15,5,rule,,beats_acquired_mean,8.8574,0.00732765,100000
b,N=5,sinus,prospective,AP,0.1,0.2,5,rule,,beats_acquired_mean,9.92262,0.00814735,100000
b,N=5,sinus,prospective,AP,0.1,0.25,5,rule,,beats_acquired_mean,10.983,0.00908021,100000
b,N=5,sinus,prospective,AP,0.1,0.3,5,rule,,beats_acquired_mean,12.0504,0.010104,100000
b,N=5,AF_rr0.2,prospective,AP,0.1,0.05,5,rule,,beats_acquired_mean,7.51909,0.00648126,100000
b,N=5,AF_rr0.2,prospective,AP,0.1,0.1,5,rule,,beats_acquired_mean,8.22852,0.00689178,100000
b,N=5,AF_rr0.2,prospective,AP,0.1,0.15,5,rule,,beats_acquired_mean,9.16249,0.0075759,100000
b,N=5,AF_rr0.2,prospective,AP,0.1,0.2,5,rule,,beats_acquired_mean,10.157,0.00840591,100000
b,N=5,AF_rr0.2,prospective,AP,0.1,0.25,5,rule,,beats_acquired_mean,11.1763,0.00924337,100000
b,N=5,AF_rr0.2,prospective,AP,0.1,0.3,5,rule,,beats_acquired_mean,12.173,0.0101774,100000
b,N=5,sinus,prospective,AP,0.15,0.05,5,rule,,beats_acquired_mean,5.94685,0.00422275,100000
b,N=5,sinus,prospective,AP,0.15,0.1,5,rule,,beats_acquired_mean,6.42575,0.00462371,100000
b,N=5,sinus,prospective,AP,0.15,0.15,5,rule,,beats_acquired_mean,7.11719,0.00523212,100000
b,N=5,sinus,prospective,AP,0.15,0.2,5,rule,,beats_acquired_mean,7.88751,0.00594879,100000
b,N=5,sinus,prospective,AP,0.15,0.25,5,rule,,beats_acquired_mean,8.65696,0.00666257,100000
b,N=5,sinus,prospective,AP,0.15,0.3,5,rule,,beats_acquired_mean,9.41769,0.00742613,100000
b,N=5,AF_rr0.2,prospective,AP,0.15,0.05,5,rule,,beats_acquired_mean,6.2078,0.00444698,100000
b,N=5,AF_rr0.2,prospective,AP,0.15,0.1,5,rule,,beats_acquired_mean,6.66804,0.00480242,100000
b,N=5,AF_rr0.2,prospective,AP,0.15,0.15,5,rule,,beats_acquired_mean,7.32189,0.00539491,100000
b,N=5,AF_rr0.2,prospective,AP,0.15,0.2,5,rule,,beats_acquired_mean,8.0295,0.00606698,100000
b,N=5,AF_rr0.2,prospective,AP,0.15,0.25,5,rule,,beats_acquired_mean,8.78834,0.00682042,100000
b,N=5,AF_rr0.2,prospective,AP,0.15,0.3,5,rule,,beats_acquired_mean,9.51478,0.00751092,100000
b,N=5,sinus,prospective,AP,0.2,0.05,5,rule,,beats_acquired_mean,5.45596,0.00285673,100000
b,N=5,sinus,prospective,AP,0.2,0.1,5,rule,,beats_acquired_mean,5.74193,0.00333368,100000
b,N=5,sinus,prospective,AP,0.2,0.15,5,rule,,beats_acquired_mean,6.21547,0.00392035,100000
b,N=5,sinus,prospective,AP,0.2,0.2,5,rule,,beats_acquired_mean,6.79081,0.0046014,100000
b,N=5,sinus,prospective,AP,0.2,0.25,5,rule,,beats_acquired_mean,7.40043,0.00525733,100000
b,N=5,sinus,prospective,AP,0.2,0.3,5,rule,,beats_acquired_mean,7.98796,0.00587763,100000
b,N=5,AF_rr0.2,prospective,AP,0.2,0.05,5,rule,,beats_acquired_mean,5.60241,0.00313525,100000
b,N=5,AF_rr0.2,prospective,AP,0.2,0.1,5,rule,,beats_acquired_mean,5.90086,0.00354982,100000
b,N=5,AF_rr0.2,prospective,AP,0.2,0.15,5,rule,,beats_acquired_mean,6.36073,0.0041149,100000
b,N=5,AF_rr0.2,prospective,AP,0.2,0.2,5,rule,,beats_acquired_mean,6.9081,0.00470937,100000
b,N=5,AF_rr0.2,prospective,AP,0.2,0.25,5,rule,,beats_acquired_mean,7.49507,0.00535552,100000
b,N=5,AF_rr0.2,prospective,AP,0.2,0.3,5,rule,,beats_acquired_mean,8.08749,0.00599282,100000
b,N=5,sinus,prospective,AP,0.25,0.05,5,rule,,beats_acquired_mean,5.2331,0.00198954,100000
b,N=5,sinus,prospective,AP,0.25,0.1,5,rule,,beats_acquired_mean,5.39026,0.00240013,100000
b,N=5,sinus,prospective,AP,0.25,0.15,5,rule,,beats_acquired_mean,5.70198,0.00299121,100000
b,N=5,sinus,prospective,AP,0.25,0.2,5,rule,,beats_acquired_mean,6.13284,0.0036276,100000
b,N=5,sinus,prospective,AP,0.25,0.25,5,rule,,beats_acquired_mean,6.60934,0.00426606,100000
b,N=5,sinus,prospective,AP,0.25,0.3,5,rule,,beats_acquired_mean,7.10245,0.00485464,100000
b,N=5,AF_rr0.2,prospective,AP,0.25,0.05,5,rule,,beats_acquired_mean,5.3078,0.00218679,100000
b,N=5,AF_rr0.2,prospective,AP,0.25,0.1,5,rule,,beats_acquired_mean,5.49013,0.0026019,100000
b,N=5,AF_rr0.2,prospective,AP,0.25,0.15,5,rule,,beats_acquired_mean,5.80901,0.00314503,100000
b,N=5,AF_rr0.2,prospective,AP,0.25,0.2,5,rule,,beats_acquired_mean,6.22993,0.00376223,100000
b,N=5,AF_rr0.2,prospective,AP,0.25,0.25,5,rule,,beats_acquired_mean,6.69089,0.00436351,100000
b,N=5,AF_rr0.2,prospective,AP,0.25,0.3,5,rule,,beats_acquired_mean,7.17027,0.00492652,100000
d,N=3,sinus,retrospective,AP,0,0.05,3,rule,,p_limited,0.22473,0.00131995,100000
d,N=3,sinus,retrospective,AP,0,0.1,3,rule,,p_limited,0.2234,0.00131717,100000
d,N=3,sinus,retrospective,AP,0,0.15,3,rule,,p_limited,0.2244,0.00131926,100000
d,N=3,sinus,retrospective,AP,0,0.2,3,rule,,p_limited,0.22359,0.00131756,100000
d,N=3,sinus,retrospective,AP,0,0.25,3,rule,,p_limited,0.22422,0.00131888,100000
d,N=3,sinus,retrospective,AP,0,0.3,3,rule,,p_limited,0.22352,0.00131742,100000
d,N=3,sinus,retrospective,AP,0.1,0.05,3,rule,,p_limited,0.39004,0.00154243,100000
d,N=3,sinus,retrospective,AP,0.1,0.1,3,rule,,p_limited,0.4516,0.00157371,100000
d,N=3,sinus,retrospective,AP,0.1,0.15,3,rule,,p_limited,0.5246,0.00157922,100000
d,N=3,sinus,retrospective,AP,0.1,0.2,3,rule,,p_limited,0.59179,0.00155427,100000
d,N=3,sinus,retrospective,AP,0.1,0.25,3,rule,,p_limited,0.64927,0.00150903,100000
d,N=3,sinus,retrospective,AP,0.1,0.3,3,rule,,p_limited,0.69734,0.00145278,100000
d,N=3,AF_rr0.2,retrospective,AP,0.1,0.05,3,rule,,p_limited,0.42833,0.00156481,100000
d,N=3,AF_rr0.2,retrospective,AP,0.1,0.1,3,rule,,p_limited,0.48117,0.00158002,100000
d,N=3,AF_rr0.2,retrospective,AP,0.1,0.15,3,rule,,p_limited,0.54265,0.00157538,100000
d,N=3,AF_rr0.2,retrospective,AP,0.1,0.2,3,rule,,p_limited,0.60435,0.00154632,100000
d,N=3,AF_rr0.2,retrospective,AP,0.1,0.25,3,rule,,p_limited,0.65874,0.00149934,100000
d,N=3,AF_rr0.2,retrospective,AP,0.1,0.3,3,rule,,p_limited,0.703,0.00144496,100000
d,N=3,sinus,retrospective,AP,0.15,0.05,3,rule,,p_limited,0.30039,0.00144968,100000
d,N=3,sinus,retrospective,AP,0.15,0.1,3,rule,,p_limited,0.34265,0.0015008,100000
d,N=3,sinus,retrospective,AP,0.15,0.15,3,rule,,p_limited,0.40168,0.00155027,100000
d,N=3,sinus,retrospective,AP,0.15,0.2,3,rule,,p_limited,0.45767,0.00157546,100000
d,N=3,sinus,retrospective,AP,0.15,0.25,3,rule,,p_limited,0.51269,0.00158063,100000
d,N=3,sinus,retrospective,AP,0.15,0.3,3,rule,,p_limited,0.56385,0.00156819,100000
d,N=3,AF_rr0.2,retrospective,AP,0.15,0.05,3,rule,,p_limited,0.32282,0.00147854,100000
d,N=3,AF_rr0.2,retrospective,AP,0.15,0.1,3,rule,,p_limited,0.36414,0.00152165,100000
d,N=3,AF_rr0.2,retrospective,AP,0.15,0.15,3,rule,,p_limited,0.41822,0.00155985,100000
d,N=3,AF_rr0.2,retrospective,AP,0.15,0.2,3,rule,,p_limited,0.4709,0.00157846,100000
d,N=3,AF_rr0.2,retrospective,AP,0.15,0.25,3,rule,,p_limited,0.52364,0.00157937,100000
d,N=3,AF_rr0.2,retrospective,AP,0.15,0.3,3,rule,,p_limited,0.57034,0.00156541,100000
d,N=3,sinus,retrospective,AP,0.2,0.05,3,rule,,p_limited,0.25925,0.00138578,100000
d,N=3,sinus,retrospective,AP,0.2,0.1,3,rule,,p_limited,0.28536,0.00142804,100000
d,N=3,sinus,retrospective,AP,0.2,0.15,3,rule,,p_limited,0.32762,0.0014842,100000
d,N=3,sinus,retrospective,AP,0.2,0.2,3,rule,,p_limited,0.37689,0.00153246,100000
d,N=3,sinus,retrospective,AP,0.2,0.25,3,rule,,p_limited,0.42224,0.0015619,100000
d,N=3,sinus,retrospective,AP,0.2,0.3,3,rule,,p_limited,0.46803,0.0015779,100000
d,N=3,AF_rr0.2,retrospective,AP,0.2,0.05,3,rule,,p_limited,0.27213,0.00140739,100000
d,N=3,AF_rr0.2,retrospective,AP,0.2,0.1,3,rule,,p_limited,0.29726,0.00144533,100000
d,N=3,AF_rr0.2,retrospective,AP,0.2,0.15,3,rule,,p_limited,0.33953,0.0014975,100000
d,N=3,AF_rr0.2,retrospective,AP,0.2,0.2,3,rule,,p_limited,0.38438,0.00153828,100000
d,N=3,AF_rr0.2,retrospective,AP,0.2,0.25,3,rule,,p_limited,0.42999,0.00156556,100000
d,N=3,AF_rr0.2,retrospective,AP,0.2,0.3,3,rule,,p_limited,0.47418,0.00157903,100000
d,N=3,sinus,retrospective,AP,0.25,0.05,3,rule,,p_limited,0.24353,0.00135729,100000
d,N=3,sinus,retrospective,AP,0.25,0.1,3,rule,,p_limited,0.25315,0.00137501,100000
d,N=3,sinus,retrospective,AP,0.25,0.15,3,rule,,p_limited,0.28046,0.00142057,100000
d,N=3,sinus,retrospective,AP,0.25,0.2,3,rule,,p_limited,0.3178,0.00147242,100000
d,N=3,sinus,retrospective,AP,0.25,0.25,3,rule,,p_limited,0.35874,0.00151673,100000
d,N=3,sinus,retrospective,AP,0.25,0.3,3,rule,,p_limited,0.39838,0.00154814,100000
d,N=3,AF_rr0.2,retrospective,AP,0.25,0.05,3,rule,,p_limited,0.2503,0.00136985,100000
d,N=3,AF_rr0.2,retrospective,AP,0.25,0.1,3,rule,,p_limited,0.26245,0.00139129,100000
d,N=3,AF_rr0.2,retrospective,AP,0.25,0.15,3,rule,,p_limited,0.292,0.00143783,100000
d,N=3,AF_rr0.2,retrospective,AP,0.25,0.2,3,rule,,p_limited,0.32941,0.00148627,100000
d,N=3,AF_rr0.2,retrospective,AP,0.25,0.25,3,rule,,p_limited,0.36505,0.00152246,100000
d,N=3,AF_rr0.2,retrospective,AP,0.25,0.3,3,rule,,p_limited,0.40469,0.00155215,100000
d,N=5,sinus,retrospective,AP,0,0.05,5,rule,,p_limited,0.61955,0.00153528,100000
d,N=5,sinus,retrospective,AP,0,0.1,5,rule,,p_limited,0.62137,0.00153385,100000
d,N=5,sinus,retrospective,AP,0,0.15,5,rule,,p_limited,0.62278,0.00153273,100000
d,N=5,sinus,retrospective,AP,0,0.2,5,rule,,p_limited,0.62046,0.00153457,100000
d,N=5,sinus,retrospective,AP,0,0.25,5,rule,,p_limited,0.62001,0.00153492,100000
d,N=5,sinus,retrospective,AP,0,0.3,5,rule,,p_limited,0.62528,0.0015307,100000
d,N=5,sinus,retrospective,AP,0.1,0.05,5,rule,,p_limited,0.82549,0.00120023,100000
d,N=5,sinus,retrospective,AP,0.1,0.1,5,rule,,p_limited,0.88549,0.00100696,100000
d,N=5,sinus,retrospective,AP,0.1,0.15,5,rule,,p_limited,0.9289,0.000812679,100000
d,N=5,sinus,retrospective,AP,0.1,0.2,5,rule,,p_limited,0.95668,0.000643765,100000
d,N=5,sinus,retrospective,AP,0.1,0.25,5,rule,,p_limited,0.97319,0.000510796,100000
d,N=5,sinus,retrospective,AP,0.1,0.3,5,rule,,p_limited,0.98244,0.000415351,100000
d,N=5,AF_rr0.2,retrospective,AP,0.1,0.05,5,rule,,p_limited,0.86297,0.00108744,100000
d,N=5,AF_rr0.2,retrospective,AP,0.1,0.1,5,rule,,p_limited,0.90405,0.000931362,100000
d,N=5,AF_rr0.2,retrospective,AP,0.1,0.15,5,rule,,p_limited,0.93797,0.000762773,100000
d,N=5,AF_rr0.2,retrospective,AP,0.1,0.2,5,rule,,p_limited,0.96134,0.000609634,100000
d,N=5,AF_rr0.2,retrospective,AP,0.1,0.25,5,rule,,p_limited,0.97499,0.000493807,100000
d,N=5,AF_rr0.2,retrospective,AP,0.1,0.3,5,rule,,p_limited,0.984,0.000396787,100000
d,N=5,sinus,retrospective,AP,0.15,0.05,5,rule,,p_limited,0.73689,0.00139242,100000
d,N=5,sinus,retrospective,AP,0.15,0.1,5,rule,,p_limited,0.78701,0.0012947,100000
d,N=5,sinus,retrospective,AP,0.15,0.15,5,rule,,p_limited,0.84709,0.00113811,100000
d,N=5,sinus,retrospective,AP,0.15,0.2,5,rule,,p_limited,0.89347,0.000975609,100000
d,N=5,sinus,retrospective,AP,0.15,0.25,5,rule,,p_limited,0.92585,0.000828564,100000
d,N=5,sinus,retrospective,AP,0.15,0.3,5,rule,,p_limited,0.94749,0.000705356,100000
d,N=5,AF_rr0.2,retrospective,AP,0.15,0.05,5,rule,,p_limited,0.76406,0.00134266,100000
d,N=5,AF_rr0.2,retrospective,AP,0.15,0.1,5,rule,,p_limited,0.81091,0.00123828,100000
d,N=5,AF_rr0.2,retrospective,AP,0.15,0.15,5,rule,,p_limited,0.86067,0.00109507,100000
d,N=5,AF_rr0.2,retrospective,AP,0.15,0.2,5,rule,,p_limited,0.89996,0.000948852,100000
d,N=5,AF_rr0.2,retrospective,AP,0.15,0.25,5,rule,,p_limited,0.93091,0.000801976,100000
d,N=5,AF_rr0.2,retrospective,AP,0.15,0.3,5,rule,,p_limited,0.94929,0.000693819,100000
d,N=5,sinus,retrospective,AP,0.2,0.05,5,rule,,p_limited,0.68325,0.00147112,100000
d,N=5,sinus,retrospective,AP,0.2,0.1,5,rule,,p_limited,0.71664,0.00142502,100000
d,N=5,sinus,retrospective,AP,0.2,0.15,5,rule,,p_limited,0.77387,0.00132286,100000
d,N=5,sinus,retrospective,AP,0.2,0.2,5,rule,,p_limited,0.82769,0.00119423,100000
d,N=5,sinus,retrospective,AP,0.2,0.25,5,rule,,p_limited,0.86967,0.00106463,100000
d,N=5,sinus,retrospective,AP,0.2,0.3,5,rule,,p_limited,0.90039,0.000947037,100000
d,N=5,AF_rr0.2,retrospective,AP,0.2,0.05,5,rule,,p_limited,0.7037,0.00144397,100000
d,N=5,AF_rr0.2,retrospective,AP,0.2,0.1,5,rule,,p_limited,0.7379,0.0013907,100000
d,N=5,AF_rr0.2,retrospective,AP,0.2,0.15,5,rule,,p_limited,0.78946,0.00128924,100000
d,N=5,AF_rr0.2,retrospective,AP,0.2,0.2,5,rule,,p_limited,0.83314,0.00117906,100000
d,N=5,AF_rr0.2,retrospective,AP,0.2,0.25,5,rule,,p_limited,0.87569,0.00104335,100000
d,N=5,AF_rr0.2,retrospective,AP,0.2,0.3,5,rule,,p_limited,0.90543,0.000925346,100000
d,N=5,sinus,retrospective,AP,0.25,0.05,5,rule,,p_limited,0.65236,0.00150594,100000
d,N=5,sinus,retrospective,AP,0.25,0.1,5,rule,,p_limited,0.67772,0.00147789,100000
d,N=5,sinus,retrospective,AP,0.25,0.15,5,rule,,p_limited,0.71597,0.00142603,100000
d,N=5,sinus,retrospective,AP,0.25,0.2,5,rule,,p_limited,0.76636,0.0013381,100000
d,N=5,sinus,retrospective,AP,0.25,0.25,5,rule,,p_limited,0.8114,0.00123705,100000
d,N=5,sinus,retrospective,AP,0.25,0.3,5,rule,,p_limited,0.85018,0.0011286,100000
d,N=5,AF_rr0.2,retrospective,AP,0.25,0.05,5,rule,,p_limited,0.66467,0.00149293,100000
d,N=5,AF_rr0.2,retrospective,AP,0.25,0.1,5,rule,,p_limited,0.69033,0.0014621,100000
d,N=5,AF_rr0.2,retrospective,AP,0.25,0.15,5,rule,,p_limited,0.72777,0.00140755,100000
d,N=5,AF_rr0.2,retrospective,AP,0.25,0.2,5,rule,,p_limited,0.77648,0.00131742,100000
d,N=5,AF_rr0.2,retrospective,AP,0.25,0.25,5,rule,,p_limited,0.82004,0.0012148,100000
d,N=5,AF_rr0.2,retrospective,AP,0.25,0.3,5,rule,,p_limited,0.85511,0.00111309,100000
c,sinus,sinus,prospective,AP,0,0.15,1,A1,T1,rmse_mm,2.52595,0.00791701,100000
c,sinus,sinus,prospective,AP,0,0.15,3,A1,T1,rmse_mm,1.94244,0.00627396,100000
c,sinus,sinus,prospective,AP,0,0.15,5,A1,T1,rmse_mm,1.79908,0.00596741,100000
c,sinus,sinus,prospective,AP,0,0.15,7,A1,T1,rmse_mm,1.71858,0.00608717,100000
c,sinus,sinus,prospective,AP,0,0.15,10,A1,T1,rmse_mm,1.68645,0.0058576,100000
c,sinus,sinus,prospective,AP,0,0.15,13,A1,T1,rmse_mm,1.64494,0.005569,100000
c,sinus,sinus,prospective,AP,0.15,0.15,1,A1,T1,rmse_mm,2.54177,0.00817728,100000
c,sinus,sinus,prospective,AP,0.15,0.15,3,A1,T1,rmse_mm,2.04082,0.00654564,100000
c,sinus,sinus,prospective,AP,0.15,0.15,5,A1,T1,rmse_mm,1.89188,0.00618684,100000
c,sinus,sinus,prospective,AP,0.15,0.15,7,A1,T1,rmse_mm,1.81743,0.00583557,100000
c,sinus,sinus,prospective,AP,0.15,0.15,10,A1,T1,rmse_mm,1.75247,0.00604346,100000
c,sinus,sinus,prospective,AP,0.15,0.15,13,A1,T1,rmse_mm,1.70764,0.00542356,100000
c,sinus,sinus,prospective,AP,0,0.15,1,A6,T1,rmse_mm,2.52595,0.00791701,100000
c,sinus,sinus,prospective,AP,0,0.15,3,A6,T1,rmse_mm,2.54109,0.00797931,100000
c,sinus,sinus,prospective,AP,0,0.15,5,A6,T1,rmse_mm,2.53615,0.00822004,100000
c,sinus,sinus,prospective,AP,0,0.15,7,A6,T1,rmse_mm,2.52141,0.00851679,100000
c,sinus,sinus,prospective,AP,0,0.15,10,A6,T1,rmse_mm,2.54101,0.00813729,100000
c,sinus,sinus,prospective,AP,0,0.15,13,A6,T1,rmse_mm,2.51652,0.00792604,100000
c,sinus,sinus,prospective,AP,0.15,0.15,1,A6,T1,rmse_mm,2.54177,0.00817728,100000
c,sinus,sinus,prospective,AP,0.15,0.15,3,A6,T1,rmse_mm,2.45674,0.00791351,100000
c,sinus,sinus,prospective,AP,0.15,0.15,5,A6,T1,rmse_mm,2.46341,0.00798141,100000
c,sinus,sinus,prospective,AP,0.15,0.15,7,A6,T1,rmse_mm,2.48601,0.00816969,100000
c,sinus,sinus,prospective,AP,0.15,0.15,10,A6,T1,rmse_mm,2.49057,0.00797569,100000
c,sinus,sinus,prospective,AP,0.15,0.15,13,A6,T1,rmse_mm,2.48704,0.00765381,100000
c,AF_rr0.2,AF_rr0.2,prospective,AP,0,0.15,1,A1,T1,rmse_mm,2.63936,0.00863311,100000
c,AF_rr0.2,AF_rr0.2,prospective,AP,0,0.15,3,A1,T1,rmse_mm,1.9825,0.00636201,100000
c,AF_rr0.2,AF_rr0.2,prospective,AP,0,0.15,5,A1,T1,rmse_mm,1.81839,0.00596217,100000
c,AF_rr0.2,AF_rr0.2,prospective,AP,0,0.15,7,A1,T1,rmse_mm,1.7439,0.0056514,100000
c,AF_rr0.2,AF_rr0.2,prospective,AP,0,0.15,10,A1,T1,rmse_mm,1.69737,0.00587213,100000
c,AF_rr0.2,AF_rr0.2,prospective,AP,0,0.15,13,A1,T1,rmse_mm,1.6646,0.00576293,100000
c,AF_rr0.2,AF_rr0.2,prospective,AP,0.15,0.15,1,A1,T1,rmse_mm,2.63638,0.00880203,100000
c,AF_rr0.2,AF_rr0.2,prospective,AP,0.15,0.15,3,A1,T1,rmse_mm,2.10391,0.00682016,100000
c,AF_rr0.2,AF_rr0.2,prospective,AP,0.15,0.15,5,A1,T1,rmse_mm,1.94166,0.00654787,100000
c,AF_rr0.2,AF_rr0.2,prospective,AP,0.15,0.15,7,A1,T1,rmse_mm,1.86565,0.00613337,100000
c,AF_rr0.2,AF_rr0.2,prospective,AP,0.15,0.15,10,A1,T1,rmse_mm,1.78556,0.00560809,100000
c,AF_rr0.2,AF_rr0.2,prospective,AP,0.15,0.15,13,A1,T1,rmse_mm,1.74111,0.00578935,100000
c,AF_rr0.2,AF_rr0.2,prospective,AP,0,0.15,1,A6,T1,rmse_mm,2.63936,0.00863311,100000
c,AF_rr0.2,AF_rr0.2,prospective,AP,0,0.15,3,A6,T1,rmse_mm,2.6278,0.00866259,100000
c,AF_rr0.2,AF_rr0.2,prospective,AP,0,0.15,5,A6,T1,rmse_mm,2.61188,0.00847277,100000
c,AF_rr0.2,AF_rr0.2,prospective,AP,0,0.15,7,A6,T1,rmse_mm,2.62422,0.00840635,100000
c,AF_rr0.2,AF_rr0.2,prospective,AP,0,0.15,10,A6,T1,rmse_mm,2.61741,0.00855132,100000
c,AF_rr0.2,AF_rr0.2,prospective,AP,0,0.15,13,A6,T1,rmse_mm,2.62773,0.00867988,100000
c,AF_rr0.2,AF_rr0.2,prospective,AP,0.15,0.15,1,A6,T1,rmse_mm,2.63638,0.00880203,100000
c,AF_rr0.2,AF_rr0.2,prospective,AP,0.15,0.15,3,A6,T1,rmse_mm,2.53879,0.00847155,100000
c,AF_rr0.2,AF_rr0.2,prospective,AP,0.15,0.15,5,A6,T1,rmse_mm,2.56986,0.00886813,100000
c,AF_rr0.2,AF_rr0.2,prospective,AP,0.15,0.15,7,A6,T1,rmse_mm,2.56829,0.00863598,100000
c,AF_rr0.2,AF_rr0.2,prospective,AP,0.15,0.15,10,A6,T1,rmse_mm,2.58869,0.00871679,100000
c,AF_rr0.2,AF_rr0.2,prospective,AP,0.15,0.15,13,A6,T1,rmse_mm,2.5769,0.00890614,100000
