u,axis,cutoff_mm,estimator,sensitivity,sensitivity_mcse,panel,metric,specificity,specificity_mcse,nri_vs_A1,nri_vs_A1_mcse
base,AP,7.0,A1,0.9072030989506716,0.0010158692065126,a,sensitivity,,,,
base,AP,10.0,A1,0.8390649226732397,0.0016383747497776,a,sensitivity,,,,
base,AP,13.0,A1,0.7868605235683075,0.0025465849546581,a,sensitivity,,,,
base,AP,7.0,A2,0.8472222222222222,0.0012596432405242,a,sensitivity,,,,
base,AP,10.0,A2,0.730330378086113,0.0019786355266959,a,sensitivity,,,,
base,AP,13.0,A2,0.6435559336452573,0.0029782845395931,a,sensitivity,,,,
base,AP,7.0,A3,0.9492865548690792,0.0007682083423431,a,sensitivity,,,,
base,AP,10.0,A3,0.9050013914841172,0.0013072942538425,a,sensitivity,,,,
base,AP,13.0,A3,0.8708093267855072,0.0020857125746381,a,sensitivity,,,,
base,AP,7.0,A4,0.9471658330881632,0.000783229867712,a,sensitivity,,,,
base,AP,10.0,A4,0.8988192263348308,0.0013445448127534,a,sensitivity,,,,
base,AP,13.0,A4,0.8596728664784811,0.0021598061802239,a,sensitivity,,,,
base,AP,7.0,A5,0.8454815141708346,0.0012654968747413,a,sensitivity,,,,
base,AP,10.0,A5,0.734584343815847,0.0019686758299543,a,sensitivity,,,,
base,AP,13.0,A5,0.6562004562855265,0.0029535767104324,a,sensitivity,,,,
base,AP,7.0,A6,0.8828209277238404,0.0011261082350269,a,sensitivity,,,,
base,AP,10.0,A6,0.8113545103963742,0.0017442898238368,a,sensitivity,,,,
base,AP,13.0,A6,0.7598314063647964,0.0026564036637583,a,sensitivity,,,,
base,AP,7.0,A7,0.944407668922232,0.0008022431026946,a,sensitivity,,,,
base,AP,10.0,A7,0.90273526020753,0.0013211375133636,a,sensitivity,,,,
base,AP,13.0,A7,0.8709639998453269,0.0020846487577264,a,sensitivity,,,,
base,AP,7.0,A1,,,b,specificity,0.7940186712983066,0.0029794583764682,,
base,AP,10.0,A1,,,b,specificity,0.8849760534470962,0.0014312250012038,,
base,AP,13.0,A1,,,b,specificity,0.9353241883489122,0.0009032930416432,,
base,AP,7.0,A2,,,b,specificity,0.9034954407294832,0.0021754291119277,,
base,AP,10.0,A2,,,b,specificity,0.954904012556848,0.0009308867136468,,
base,AP,13.0,A2,,,b,specificity,0.9761663901590256,0.0005601875804983,,
base,AP,7.0,A3,,,b,specificity,0.6960486322188449,0.0033886747041905,,
base,AP,10.0,A3,,,b,specificity,0.8249084396506621,0.0017048395117345,,
base,AP,13.0,A3,,,b,specificity,0.8964782368254225,0.0011188254678419,,
base,AP,7.0,A4,,,b,specificity,0.7022904906643509,0.0033687034781155,,
base,AP,10.0,A4,,,b,specificity,0.8340242282770556,0.0016690129406804,,
base,AP,13.0,A4,,,b,specificity,0.9062436774167444,0.0010705314122773,,
base,AP,7.0,A5,,,b,specificity,0.8923143725575337,0.002283735763715,,
base,AP,10.0,A5,,,b,specificity,0.9463516722340726,0.001010770117289,,
base,AP,13.0,A5,,,b,specificity,0.9719041260335316,0.0006068895004523,,
base,AP,7.0,A6,,,b,specificity,0.7830004342162397,0.0030368159473715,,
base,AP,10.0,A6,,,b,specificity,0.8688775304865779,0.0015141394167192,,
base,AP,13.0,A6,,,b,specificity,0.9208918383037268,0.0009912691634509,,
base,AP,7.0,A7,,,b,specificity,0.7504342162396873,0.0031882830646215,,
base,AP,10.0,A7,,,b,specificity,0.8585744757918461,0.0015631509088011,,
base,AP,13.0,A7,,,b,specificity,0.9224025141963068,0.0009825636699048,,
base,AP,7.0,A1,,,c,nri_vs_A1,,,0.0,0.0
base,AP,10.0,A1,,,c,nri_vs_A1,,,0.0,0.0
base,AP,13.0,A1,,,c,nri_vs_A1,,,0.0,0.0
base,AP,7.0,A2,,,c,nri_vs_A1,,,0.0494958927027271,0.0028668597151908
base,AP,10.0,A2,,,c,nri_vs_A1,,,-0.0388065854773751,0.0021232943622745
base,AP,13.0,A2,,,c,nri_vs_A1,,,-0.1024623881129367,0.0027525947853713
base,AP,7.0,A3,,,c,nri_vs_A1,,,-0.0558865831610541,0.0023001598124623
base,AP,10.0,A3,,,c,nri_vs_A1,,,0.0058688550144432,0.0015363682841434
base,AP,13.0,A3,,,c,nri_vs_A1,,,0.0451028516937099,0.0018647388828062
base,AP,7.0,A4,,,c,nri_vs_A1,,,-0.0517654464964642,0.0022343566095861
base,AP,10.0,A4,,,c,nri_vs_A1,,,0.0088024784915504,0.0014456518948395
base,AP,13.0,A4,,,c,nri_vs_A1,,,0.0437318319780056,0.0017295543701932
base,AP,7.0,A5,,,c,nri_vs_A1,,,0.0365741164793898,0.0026565794775772
base,AP,10.0,A5,,,c,nri_vs_A1,,,-0.0431049600704164,0.0019615327633128
base,AP,13.0,A5,,,c,nri_vs_A1,,,-0.0940801295981616,0.0025207029242064
base,AP,7.0,A6,,,c,nri_vs_A1,,,-0.0354004083088983,0.0028855222622151
base,AP,10.0,A6,,,c,nri_vs_A1,,,-0.0438089352373839,0.0019575274647917
base,AP,13.0,A6,,,c,nri_vs_A1,,,-0.0414614672486964,0.0024276936531751
base,AP,7.0,A7,,,c,nri_vs_A1,,,-0.0063798850870589,0.0029137347847993
base,AP,10.0,A7,,,c,nri_vs_A1,,,0.03726875987904,0.0019215222037198
base,AP,13.0,A7,,,c,nri_vs_A1,,,0.0711818021244142,0.0023087623495125
low,AP,7.0,A1,0.921582848783606,0.0009425446913441,d,sensitivity,,,,
low,AP,10.0,A1,0.8641671173065754,0.0015332920829381,d,sensitivity,,,,
low,AP,13.0,A1,0.8218156392028901,0.0023850221360521,d,sensitivity,,,,
low,AP,7.0,A2,0.9224433599272254,0.0009377964340348,d,sensitivity,,,,
low,AP,10.0,A2,0.8570970778505478,0.0015662429460028,d,sensitivity,,,,
low,AP,13.0,A2,0.8076758730528687,0.0024564383069663,d,sensitivity,,,,
low,AP,7.0,A3,0.9705951049208944,0.0005923223154707,d,sensitivity,,,,
low,AP,10.0,A3,0.9423982054517416,0.0010426986186059,d,sensitivity,,,,
low,AP,13.0,A3,0.9214932214582604,0.0016763707423762,d,sensitivity,,,,
low,AP,7.0,A4,0.9686405153232448,0.000611075684989,d,sensitivity,,,,
low,AP,10.0,A4,0.9366099861803762,0.0010904691439678,d,sensitivity,,,,
low,AP,13.0,A4,0.9109660878685468,0.0017750036684024,d,sensitivity,,,,
low,AP,7.0,A5,0.9172188279838224,0.0009661209402089,d,sensitivity,,,,
low,AP,10.0,A5,0.8492859861002624,0.0016011328326197,d,sensitivity,,,,
low,AP,13.0,A5,0.7963329837237307,0.0025100254464465,d,sensitivity,,,,
low,AP,7.0,A6,0.8985580291836208,0.0010585494066833,d,sensitivity,,,,
low,AP,10.0,A6,0.8346852530593443,0.0016624199218269,d,sensitivity,,,,
low,AP,13.0,A6,0.7915938313327895,0.0025314940272896,d,sensitivity,,,,
low,AP,7.0,A7,0.9477055085006209,0.0007805377354305,d,sensitivity,,,,
low,AP,10.0,A7,0.9051252778946104,0.001311454330089,d,sensitivity,,,,
low,AP,13.0,A7,0.8759274365847026,0.0020546713449256,d,sensitivity,,,,
low,AP,7.0,A1,,,e,specificity,0.7706535141800247,0.0030782315240246,,
low,AP,10.0,A1,,,e,specificity,0.865710690819037,0.0015237509089451,,
low,AP,13.0,A1,,,e,specificity,0.9231048924680502,0.0009777012734382,,
low,AP,7.0,A2,,,e,specificity,0.8242105827480835,0.002787026584741,,
low,AP,10.0,A2,,,e,specificity,0.9079507099918116,0.0012919574936617,,
low,AP,13.0,A2,,,e,specificity,0.9487994397834548,0.0008088274211089,,
low,AP,7.0,A3,,,e,specificity,0.625314962740578,0.0035441185489076,,
low,AP,10.0,A3,,,e,specificity,0.7734816560484112,0.0018706113521521,,
low,AP,13.0,A3,,,e,specificity,0.8626122789770662,0.0012633191455092,,
low,AP,7.0,A4,,,e,specificity,0.6325524044389642,0.0035299748832121,,
low,AP,10.0,A4,,,e,specificity,0.7855644984122546,0.00183419766269,,
low,AP,13.0,A4,,,e,specificity,0.8767658267907402,0.0012062537740239,,
low,AP,7.0,A5,,,e,specificity,0.8202970031630301,0.00281118144228,,
low,AP,10.0,A5,,,e,specificity,0.9053344251163348,0.0013083002461109,,
low,AP,13.0,A5,,,e,specificity,0.9481126358457788,0.0008139394008987,,
low,AP,7.0,A6,,,e,specificity,0.7547311424435748,0.0031502353043904,,
low,AP,10.0,A6,,,e,specificity,0.8496335204010306,0.0015973430725094,,
low,AP,13.0,A6,,,e,specificity,0.908116406534064,0.0010600370552433,,
low,AP,7.0,A7,,,e,specificity,0.766847155953466,0.0030959962018087,,
low,AP,10.0,A7,,,e,specificity,0.8702841964410537,0.0015015294730517,,
low,AP,13.0,A7,,,e,specificity,0.9274950509716255,0.0009516361392996,,
low,AP,7.0,A1,,,f,nri_vs_A1,,,0.0,0.0
low,AP,10.0,A1,,,f,nri_vs_A1,,,0.0,0.0
low,AP,13.0,A1,,,f,nri_vs_A1,,,0.0,0.0
low,AP,7.0,A2,,,f,nri_vs_A1,,,0.054417579711678,0.0026971362894508
low,AP,10.0,A2,,,f,nri_vs_A1,,,0.0351699797167471,0.0018246105219885
low,AP,13.0,A2,,,f,nri_vs_A1,,,0.0115547811653832,0.0022450345681428
low,AP,7.0,A3,,,f,nri_vs_A1,,,-0.0963262953021583,0.0026892828898702
low,AP,10.0,A3,,,f,nri_vs_A1,,,-0.0139979466254595,0.0017653195193245
low,AP,13.0,A3,,,f,nri_vs_A1,,,0.0391849687643863,0.0020618999298351
low,AP,7.0,A4,,,f,nri_vs_A1,,,-0.0910434432014215,0.0026329630860858
low,AP,10.0,A4,,,f,nri_vs_A1,,,-0.0077033235329815,0.0016787417574505
low,AP,13.0,A4,,,f,nri_vs_A1,,,0.0428113829883468,0.0019363567300566
low,AP,7.0,A5,,,f,nri_vs_A1,,,0.0452794681832217,0.0024381604617631
low,AP,10.0,A5,,,f,nri_vs_A1,,,0.0247426030909848,0.0016861992301055
low,AP,13.0,A5,,,f,nri_vs_A1,,,-0.0004749121014306,0.0020773915662282
low,AP,7.0,A6,,,f,nri_vs_A1,,,-0.0389471913364351,0.0029032655924954
low,AP,10.0,A6,,,f,nri_vs_A1,,,-0.0455590346652375,0.0019852724754093
low,AP,13.0,A6,,,f,nri_vs_A1,,,-0.0452102938040866,0.0023576099062909
low,AP,7.0,A7,,,f,nri_vs_A1,,,0.022316301490456,0.002729671350799
low,AP,10.0,A7,,,f,nri_vs_A1,,,0.0455316662100517,0.0017848893329224
low,AP,13.0,A7,,,f,nri_vs_A1,,,0.0585019558853879,0.0021594370174065
