scenario,K,beat_cv,view_over,window,S_median_mm,axis,estimand,estimator,bias_min,bias_min_mcse,bias_min_combo,bias_max,bias_max_mcse,bias_max_combo,bias_range,bias_range_mcse,maxabs_bias,maxabs_bias_mcse,maxabs_bias_combo,maxabs_argmax_clear,rmse_min,rmse_max,rmse_max_mcse,rmse_max_combo,mean_abs_bias,infl_min,infl_max,infl_max_mcse,infl_min_combo,infl_max_combo
base,3,0.15,True,0.0,10.0,AP,T1,A1,-1.9274649101480417,0.008176023676060925,20/20,0.01615579299059838,0.006027636584871373,2.4/40,1.94362070313864,0.010157744136903067,1.9274649101480417,0.008176023676060925,20/20,False,1.9005831972452774,3.2329342524023925,0.010046358738420635,20/40,0.7544677131505813,,,,,
base,3,0.15,True,0.0,10.0,AP,T1,A2,-3.1609321231952983,0.008079344150049612,20/40,-0.27504934153958793,0.005217798391316469,2.4/8,2.8858827816557104,0.009617755556644472,3.1609321231952983,0.008079344150049612,20/40,True,1.672772226008007,4.064358104441602,0.01027955698322295,20/40,1.567856524803292,,,,,
base,3,0.15,True,0.0,10.0,AP,T1,A3,-0.7675215473108369,0.007319215296873411,20/40,0.9197770079649943,0.006349697209956212,2.4/8,1.6872985552758313,0.009689662905391055,0.9197770079649943,0.006349697209956212,2.4/8,True,1.9619603533642458,2.438468168927459,0.008379379941642368,20/40,0.47172056430623144,,,,,
base,3,0.15,True,0.0,10.0,AP,T1,A4,-0.9722003195820829,0.007314102595149571,20/40,0.762640753204349,0.005912899852230857,2.4/8,1.7348410727864318,0.009405236915404385,0.9722003195820829,0.007314102595149571,20/40,True,1.9060272534097162,2.5089299796000892,0.008617641532844802,20/40,0.4084283695984398,,,,,
base,3,0.15,True,0.0,10.0,AP,T1,A5,-2.958441317124612,0.008816590623436137,20/40,-0.31359317218714416,0.0053777489764584045,2.4/8,2.644848144937468,0.010327267512515661,2.958441317124612,0.008816590623436137,20/40,True,1.7292571129934045,4.065159814413941,0.012161927830094964,20/40,1.476564482450029,,,,,
base,3,0.15,True,0.0,10.0,AP,T1,A6,-1.9391922807056134,0.009387019381199343,20/40,0.021267347535744174,0.008025724343647268,2.4/40,1.9604596282413576,0.012350238220505079,1.9391922807056134,0.009387019381199343,20/40,False,2.5162565857928816,3.5457004768757026,0.010241203966620864,20/40,0.7566764692286077,,,,,
base,3,0.15,True,0.0,10.0,AP,T1,A7,0.16383288385566744,0.007382018207271734,10/40,0.19222120831246678,0.0073578956895203225,2.4/40,0.02838832445679934,0.010422707027943994,0.19222120831246678,0.0073578956895203225,2.4/40,False,1.6093030693896224,2.373937498840923,0.008372203481039136,20/40,0.1791379911419181,,,,,
base,3,0.15,True,0.0,10.0,SL,T1,A1,-1.2367762918775258,0.005819459330172315,20/40,0.009007702170718737,0.004506281164862804,2.4/20,1.2457839940482445,0.007360209020967195,1.2367762918775258,0.005819459330172315,20/40,False,1.4250325700867987,2.2177931293941375,0.006986201224090634,20/8,0.48384307883200234,,,,,
base,3,0.15,True,0.0,10.0,SL,T1,A2,-2.0259499562314414,0.005659855414756165,20/40,-0.17684728982518494,0.0039056522975088885,2.4/8,1.8491026664062564,0.006876633128572524,2.0259499562314414,0.005659855414756165,20/40,True,1.2476665005931233,2.7033012267938865,0.007033902620051539,20/40,1.0037888834697886,,,,,
base,3,0.15,True,0.0,10.0,SL,T1,A3,-0.43790143098241796,0.00522527688285545,20/40,0.685049626941148,0.004579170014256012,2.4/8,1.122951057923566,0.006947828187424108,0.685049626941148,0.004579170014256012,2.4/8,True,1.4466433370135112,1.7094099011028059,0.005596369607983011,20/40,0.34637412003621654,,,,,
base,3,0.15,True,0.0,10.0,SL,T1,A4,-0.5248314743573465,0.005210352892077683,20/40,0.6248478046267343,0.004386330444780525,2.4/8,1.1496792789840806,0.00681084958215866,0.6248478046267343,0.004386330444780525,2.4/8,True,1.4200445302370555,1.729219088113786,0.005606042403952523,20/40,0.31875314267342214,,,,,
base,3,0.15,True,0.0,10.0,SL,T1,A5,-1.9069828545675351,0.0061090264697159094,20/40,-0.19706273625756535,0.0040264133162194425,2.4/8,1.7099201183099697,0.007316570822504137,1.9069828545675351,0.0061090264697159094,20/40,True,1.2884168305793164,2.7145104030338696,0.008128614898958981,20/40,0.9502276137244312,,,,,
base,3,0.15,True,0.0,10.0,SL,T1,A6,-1.2401698544035695,0.006821441951293883,20/40,0.01487277565690364,0.005983590457707837,2.4/20,1.2550426300604731,0.00907388698741859,1.2401698544035695,0.006821441951293883,20/40,False,1.8876904097331857,2.491852142147455,0.007167797997681531,20/8,0.4846414996443138,,,,,
base,3,0.15,True,0.0,10.0,SL,T1,A7,0.1112065190722944,0.006662367638571916,10/40,0.1237582023840097,0.006569641833370185,2.4/40,0.0125516833117153,0.009356673360241763,0.1237582023840097,0.006569641833370185,2.4/40,False,1.2311817836249883,2.1555093606246976,0.008621504836902742,20/40,0.1149570382063726,,,,,
base,3,0.15,True,0.0,10.0,AP,T1,A3-A1,,,,,,,,,,,,,,,,,,0.30813428268037807,2.47821628263764,0.00786409808535513,2.4/40,20/8
base,3,0.15,True,0.0,10.0,SL,T1,A3-A1,,,,,,,,,,,,,,,,,,0.24566901079098585,1.6777763348405215,0.005306484086785953,2.4/40,20/8
K 2,2,0.15,True,0.0,10.0,AP,T1,A1,-1.9198317808912735,0.008135686824986454,20/20,0.010754298381997414,0.006001094216168986,2.4/40,1.930586079273271,0.010109526789399938,1.9198317808912735,0.008135686824986454,20/20,False,1.8977336011504837,3.223103261245422,0.010046085175398681,20/8,0.7541875907709313,,,,,
K 2,2,0.15,True,0.0,10.0,AP,T1,A2,-2.8339697144878397,0.008355491661700243,20/40,-0.20502247902748946,0.005473723451249981,2.4/8,2.6289472354603505,0.00998878818123131,2.8339697144878397,0.008355491661700243,20/40,True,1.7430344509890092,3.8746275458768435,0.010435595858458855,20/40,1.363992245256706,,,,,
K 2,2,0.15,True,0.0,10.0,AP,T1,A3,-1.2188426427235761,0.007629159021150643,20/40,0.5680174017635293,0.006192767683113823,2.4/8,1.7868600444871054,0.009826211830966356,1.2188426427235761,0.007629159021150643,20/40,True,1.923828425022863,2.702947635573883,0.00882806256645043,20/40,0.37803307300288697,,,,,
K 2,2,0.15,True,0.0,10.0,AP,T1,A4,-1.3524762523398883,0.007668536514373357,20/40,0.46773271204795436,0.005954500997773649,2.4/8,1.8202089643878427,0.0097088894527008,1.3524762523398883,0.007668536514373357,20/40,True,1.8881148416945923,2.7766487775588087,0.009124952872122564,20/40,0.41269896926571237,,,,,
K 2,2,0.15,True,0.0,10.0,AP,T1,A5,-2.8339697144878397,0.008355491661700243,20/40,-0.20502247902748946,0.005473723451249981,2.4/8,2.6289472354603505,0.00998878818123131,2.8339697144878397,0.008355491661700243,20/40,True,1.7430344509890092,3.8746275458768435,0.010435595858458855,20/40,1.363992245256706,,,,,
K 2,2,0.15,True,0.0,10.0,AP,T1,A6,-1.9183331616115928,0.009427249873843057,20/8,0.015942737128768085,0.00801036833171032,2.4/8,1.934275898740361,0.012370894914820896,1.9183331616115928,0.009427249873843057,20/8,False,2.5088081166949645,3.545027117567077,0.01045605973990922,20/8,0.7545580508733467,,,,,
K 2,2,0.15,True,0.0,10.0,AP,T1,A7,0.16692248476321042,0.005307568034278627,10/8,0.18352422014802272,0.005542502309194252,20/8,0.0166017353848123,0.007673956625230554,0.18352422014802272,0.005542502309194252,20/8,False,1.6757348605934028,2.3890178912524167,0.009617684933332009,20/40,0.17594810008682712,,,,,
K 2,2,0.15,True,0.0,10.0,SL,T1,A1,-1.2323151229617604,0.005794088914800744,20/20,0.00794664811550784,0.0045167415753754915,2.4/20,1.2402617710772683,0.007346592462587151,1.2323151229617604,0.005794088914800744,20/20,False,1.428334062512815,2.208757609657829,0.006824454012133006,20/8,0.4836801269884175,,,,,
K 2,2,0.15,True,0.0,10.0,SL,T1,A2,-1.8133276473286601,0.005878372726033476,20/40,-0.12927778278250956,0.004099409618510081,2.4/8,1.6840498645461506,0.007166618807115892,1.8133276473286601,0.005878372726033476,20/40,True,1.3027708401692288,2.596853710149652,0.0071664048560543024,20/40,0.872211934062404,,,,,
K 2,2,0.15,True,0.0,10.0,SL,T1,A3,-0.7446830305237442,0.005431656691697489,20/40,0.43010071059983057,0.004523647042120608,2.4/8,1.1747837411235746,0.0070686828319106694,0.7446830305237442,0.005431656691697489,20/40,True,1.4326040492832062,1.872114514313113,0.005930884371312007,20/40,0.252192319965799,,,,,
K 2,2,0.15,True,0.0,10.0,SL,T1,A4,-0.8040433780040112,0.005445629406914999,20/40,0.3912275890346963,0.004423061959679645,2.4/8,1.1952709670387074,0.007015579572396177,0.8040433780040112,0.005445629406914999,20/40,True,1.4092214548394462,1.9005115265575747,0.0060708852344069815,20/40,0.26462461702337753,,,,,
K 2,2,0.15,True,0.0,10.0,SL,T1,A5,-1.8133276473286601,0.005878372726033476,20/40,-0.12927778278250956,0.004099409618510081,2.4/8,1.6840498645461506,0.007166618807115892,1.8133276473286601,0.005878372726033476,20/40,True,1.3027708401692288,2.596853710149652,0.0071664048560543024,20/40,0.872211934062404,,,,,
K 2,2,0.15,True,0.0,10.0,SL,T1,A6,-1.2349450230007204,0.006802733351414973,20/20,0.011575590059914438,0.005985577542905709,2.4/20,1.2465206130606348,0.009061143392121699,1.2349450230007204,0.006802733351414973,20/20,False,1.8872092750821787,2.481010245200931,0.007068924271988827,20/8,0.48606175265084445,,,,,
K 2,2,0.15,True,0.0,10.0,SL,T1,A7,0.10219542916072381,0.006544008451178328,10/40,0.12447153140051137,0.006455574195883364,4.8/40,0.022276102239787557,0.009192305739456695,0.12447153140051137,0.006455574195883364,4.8/40,False,1.2803695057227207,2.1296882937010104,0.009567932569367521,20/40,0.11350743690523814,,,,,
K 2,2,0.15,True,0.0,10.0,AP,T1,A3-A1,,,,,,,,,,,,,,,,,,0.1627903695312745,1.8711743779897638,0.007121779373033576,2.4/40,20/8
K 2,2,0.15,True,0.0,10.0,SL,T1,A3-A1,,,,,,,,,,,,,,,,,,0.13639477087442511,1.2510147757556858,0.004799504846148649,2.4/40,20/8
K 4,4,0.15,True,0.0,10.0,AP,T1,A1,-1.9332603487930395,0.008262071687564617,20/8,0.016133265015841888,0.006024912601617665,2.4/40,1.9493936138088814,0.010225526902198644,1.9332603487930395,0.008262071687564617,20/8,False,1.9046691637162372,3.2501707911173683,0.010131762568009869,20/8,0.7540938529617516,,,,,
K 4,4,0.15,True,0.0,10.0,AP,T1,A2,-3.4478676768259633,0.007940313309992838,20/40,-0.33549272008997505,0.005040629718338886,2.4/8,3.112374956735988,0.009405132822998864,3.4478676768259633,0.007940313309992838,20/40,True,1.628902929282629,4.265276780516213,0.010095905816426526,20/40,1.7501291808550012,,,,,
K 4,4,0.15,True,0.0,10.0,AP,T1,A3,-0.46273282250329584,0.007186529882068701,20/40,1.1747284418395503,0.006460369608288196,2.4/8,1.6374612643428461,0.00966346662546936,1.1747284418395503,0.006460369608288196,2.4/8,True,2.007312772107563,2.356604065866959,0.0092742747882684,2.4/8,0.6161171450778824,,,,,
K 4,4,0.15,True,0.0,10.0,AP,T1,A4,-0.7225776058995936,0.007073953954593654,20/40,0.9701395538563133,0.005905189767191478,2.4/8,1.692717159755907,0.009214775674874246,0.9701395538563133,0.005905189767191478,2.4/8,True,1.9147564469005152,2.3507766399413956,0.008163116671250508,20/40,0.4922416982995843,,,,,
K 4,4,0.15,True,0.0,10.0,AP,T1,A5,-3.26605494799776,0.008387784335918174,20/40,-0.37414610703651263,0.005077004321542823,2.4/8,2.8919088409612472,0.009804636604527411,3.26605494799776,0.008387784335918174,20/40,True,1.6485013865733165,4.207438315056089,0.011218959586824947,20/40,1.6679090004808597,,,,,
K 4,4,0.15,True,0.0,10.0,AP,T1,A6,-1.9413010391771286,0.009494245816731486,20/8,0.015500431158511283,0.007971654938728687,2.4/20,1.9568014703356398,0.012397095873255187,1.9413010391771286,0.009494245816731486,20/8,False,2.5208936832598443,3.5752804011516224,0.01048769160991189,20/8,0.7552558891690481,,,,,
K 4,4,0.15,True,0.0,10.0,AP,T1,A7,0.16368060698421605,0.0050390992392742315,20/8,0.18902266215641444,0.005246577921020356,4.8/20,0.025342055172198397,0.007274551602991927,0.18902266215641444,0.005246577921020356,4.8/20,False,1.566210930917509,2.4643691145525515,0.008147253815519397,20/40,0.17813968074964717,,,,,
K 4,4,0.15,True,0.0,10.0,SL,T1,A1,-1.2443822224351975,0.005825726905987495,20/40,0.011059844774031848,0.0045315167647823175,2.4/20,1.2554420672092292,0.007380632640407584,1.2443822224351975,0.005825726905987495,20/40,False,1.4229342837938508,2.2231424998711717,0.006883163036866192,20/40,0.4824895779081572,,,,,
K 4,4,0.15,True,0.0,10.0,SL,T1,A2,-2.22067589754133,0.005625068315623666,20/40,-0.21635805625411428,0.0038030876058877416,2.4/8,2.004317841287216,0.0067900566193140255,2.22067589754133,0.005625068315623666,20/40,True,1.2219426659366701,2.845260823908902,0.007050744459567412,20/40,1.12247714898405,,,,,
K 4,4,0.15,True,0.0,10.0,SL,T1,A3,-0.24057627969126447,0.005116592838838091,20/40,0.8631584596499028,0.004624935460832836,2.4/8,1.1037347393411672,0.006897068239137428,0.8631584596499028,0.004624935460832836,2.4/8,True,1.4670324222669398,1.6982414251584137,0.005992491673505257,2.4/8,0.46836542666985675,,,,,
K 4,4,0.15,True,0.0,10.0,SL,T1,A4,-0.35440598741052803,0.005081130119814787,20/40,0.7869029295753756,0.004366953467714465,2.4/8,1.1413089169859036,0.006699863124249064,0.7869029295753756,0.004366953467714465,2.4/8,True,1.4306355564902944,1.645407583390219,0.005544022867266473,20/40,0.4029174829535587,,,,,
K 4,4,0.15,True,0.0,10.0,SL,T1,A5,-2.1131445438593697,0.005884869620562951,20/40,-0.23768006545899603,0.0038376459641898354,2.4/8,1.8754644784003736,0.007025611503455572,2.1131445438593697,0.005884869620562951,20/40,True,1.2366202895943037,2.815761757793909,0.007708954195368306,20/40,1.074387861841087,,,,,
K 4,4,0.15,True,0.0,10.0,SL,T1,A6,-1.2433872833585276,0.00684125656314279,20/40,0.013146260106181232,0.006015990518328716,2.4/20,1.2565335434647087,0.009110155502479927,1.2433872833585276,0.00684125656314279,20/40,False,1.8841305567112419,2.495244330702059,0.007241764081130741,20/40,0.48179763379795215,,,,,
K 4,4,0.15,True,0.0,10.0,SL,T1,A7,0.09819452270553494,0.007178017621804187,20/40,0.12463896221159369,0.006958392169427348,4.8/40,0.02644443950605875,0.009997157524140514,0.12463896221159369,0.006958392169427348,4.8/40,False,1.2048048112330274,2.2720000744378366,0.008234380497613977,20/40,0.1149981665667299,,,,,
K 4,4,0.15,True,0.0,10.0,AP,T1,A3-A1,,,,,,,,,,,,,,,,,,0.43384100956429633,2.840554057704478,0.00825497911722511,2.4/40,20/8
K 4,4,0.15,True,0.0,10.0,SL,T1,A3-A1,,,,,,,,,,,,,,,,,,0.3392616541961103,1.9282146741392838,0.005569985576919622,2.4/40,20/8
beat CV 5%,3,0.05,True,0.0,10.0,AP,T1,A1,-2.0186363291670224,0.007776256097333647,20/20,-0.09326767048530762,0.005156805876913208,2.4/20,1.9253686586817147,0.009330745186933642,2.0186363291670224,0.007776256097333647,20/20,False,1.6333820590809622,3.1814851953774506,0.010066169034467425,20/20,0.8490880042923797,,,,,
beat CV 5%,3,0.05,True,0.0,10.0,AP,T1,A2,-3.2354708120419162,0.007911954561085736,20/40,-0.38766463094074766,0.004874306675653983,2.4/8,2.8478061811011686,0.009292894626810872,3.2354708120419162,0.007911954561085736,20/40,True,1.5893856247145803,4.090001378266117,0.010060855186729065,20/40,1.6592963831512992,,,,,
beat CV 5%,3,0.05,True,0.0,10.0,AP,T1,A3,-0.9717354181149879,0.006763926874676432,20/40,0.525974899019579,0.005645596356939926,2.4/8,1.4977103171345667,0.008810417980519621,0.9717354181149879,0.006763926874676432,20/40,True,1.6924444523829323,2.349317911375418,0.008007033302798252,20/40,0.3386816170035986,,,,,
beat CV 5%,3,0.05,True,0.0,10.0,AP,T1,A4,-1.1458147582257978,0.006799558483077796,20/40,0.4207846291910013,0.005262781113633523,2.4/8,1.5665993874167992,0.008598305682796636,1.1458147582257978,0.006799558483077796,20/40,True,1.6514768157450586,2.4364410074229177,0.008264702341370639,20/40,0.332203568475963,,,,,
beat CV 5%,3,0.05,True,0.0,10.0,AP,T1,A5,-2.9856393067580957,0.008617798621549393,20/40,-0.40523307990229984,0.004909842167915336,2.4/8,2.580406226855796,0.009918316550474591,2.9856393067580957,0.008617798621549393,20/40,True,1.6046322799572952,4.042352423003683,0.011925543429571053,20/40,1.523620318403138,,,,,
beat CV 5%,3,0.05,True,0.0,10.0,AP,T1,A6,-2.024787491940683,0.008294368274843185,20/20,-0.09277812771263538,0.005988093979792529,2.4/40,1.9320093642280478,0.010230044701248995,2.024787491940683,0.008294368274843185,20/20,False,1.8868277122306425,3.313510238228769,0.010103697829965431,20/20,0.8490281078964753,,,,,
beat CV 5%,3,0.05,True,0.0,10.0,AP,T1,A7,0.06072377918676959,0.004717195767733534,10/8,0.0771971944063171,0.0071489451194421474,10/40,0.01647341521954751,0.008565007427429288,0.0771971944063171,0.0071489451194421474,10/40,False,1.4845907359274693,2.299231013814568,0.008253773634423485,20/40,0.06976818835045628,,,,,
beat CV 5%,3,0.05,True,0.0,10.0,SL,T1,A1,-1.2885706800071128,0.0055394743084648534,20/8,-0.06122601682956022,0.004033783752997506,2.4/20,1.2273446631775526,0.006852531428610073,1.2885706800071128,0.0055394743084648534,20/8,False,1.2770565728737753,2.1835540225438947,0.006981858676227896,20/20,0.5430200811039093,,,,,
beat CV 5%,3,0.05,True,0.0,10.0,SL,T1,A2,-2.07065232533331,0.005634986413841216,20/40,-0.24958577836941698,0.0037271777987697686,2.4/8,1.821066546963893,0.0067561028875985415,2.07065232533331,0.005634986413841216,20/40,True,1.2047674477981842,2.731826584495046,0.007187222314822795,20/40,1.0621788213520251,,,,,
beat CV 5%,3,0.05,True,0.0,10.0,SL,T1,A3,-0.5605858703763986,0.0049333157662633815,20/40,0.4546390505356139,0.004175357231487634,2.4/8,1.0152249209120126,0.006463065252664477,0.5605858703763986,0.0049333157662633815,20/40,True,1.3052542578150264,1.657707038480413,0.005440024316456297,20/40,0.242611246311235,,,,,
beat CV 5%,3,0.05,True,0.0,10.0,SL,T1,A4,-0.6343875359399437,0.004955907271115483,20/40,0.4206697731414184,0.004037204095611561,2.4/8,1.055057309081362,0.0063921853688326405,0.6343875359399437,0.004955907271115483,20/40,True,1.2885637137756711,1.6907172066104388,0.005748445234551556,20/40,0.23569355000578984,,,,,
beat CV 5%,3,0.05,True,0.0,10.0,SL,T1,A5,-1.929005617203481,0.006048793318863044,20/40,-0.25988742552259503,0.0037841998361647354,2.4/8,1.669118191680886,0.007134989068972104,1.929005617203481,0.006048793318863044,20/40,True,1.224558693480751,2.716581702201167,0.008339700494158218,20/40,0.9849762870856407,,,,,
beat CV 5%,3,0.05,True,0.0,10.0,SL,T1,A6,-1.2899801658950047,0.006172383147580139,20/8,-0.057890183792762874,0.004888881018975149,2.4/20,1.232089982102242,0.00787397430388408,1.2899801658950047,0.006172383147580139,20/8,False,1.5470756717082368,2.3450834972260495,0.007071028738835822,20/20,0.54220054913411,,,,,
beat CV 5%,3,0.05,True,0.0,10.0,SL,T1,A7,0.03550562527716134,0.006518650220492859,4.8/40,0.05054054493938655,0.006478829127272818,2.4/40,0.015034919662225206,0.00919064891928368,0.05054054493938655,0.006478829127272818,2.4/40,False,1.165895208063079,2.1211381504524915,0.008579718796760227,20/40,0.04410341341614956,,,,,
beat CV 5%,3,0.05,True,0.0,10.0,AP,T1,A3-A1,,,,,,,,,,,,,,,,,,0.19836636357339194,2.2397190755402625,0.007119048860663749,2.4/40,20/8
beat CV 5%,3,0.05,True,0.0,10.0,SL,T1,A3-A1,,,,,,,,,,,,,,,,,,0.18103575945354966,1.5384007553349806,0.004831040820532847,2.4/40,20/8
beat CV 30%,3,0.3,True,0.0,10.0,AP,T1,A1,-1.6335613892526157,0.009567872310553565,20/20,0.36769742533439714,0.008464518119320716,2.4/40,2.001258814587013,0.012774672110992372,1.6335613892526157,0.009567872310553565,20/20,False,2.642818815324216,3.438437046592848,0.010525842809525893,20/20,0.6447551018671073,,,,,
beat CV 30%,3,0.3,True,0.0,10.0,AP,T1,A2,-2.906543623176412,0.008422256178578212,20/40,0.05832163798390249,0.006241608547681647,2.4/8,2.9648652611603143,0.010482942163347629,2.906543623176412,0.008422256178578212,20/40,True,1.9523203215069391,3.942253773260698,0.010246759542298572,20/40,1.2797595021929895,,,,,
beat CV 30%,3,0.3,True,0.0,10.0,AP,T1,A3,-0.15970374480894897,0.00896185659465213,20/40,1.9377988147387333,0.008646303733667772,2.4/8,2.0975025595476824,0.012452848745485794,1.9377988147387333,0.008646303733667772,2.4/8,True,2.712512577941366,3.3512454868777235,0.012734892166830086,2.4/8,1.1206232278180888,,,,,
beat CV 30%,3,0.3,True,0.0,10.0,AP,T1,A4,-0.43604724298429215,0.00885502780325287,20/40,1.6444585116260022,0.00821402671853979,2.4/8,2.0805057546102943,0.012078151859008351,1.6444585116260022,0.00821402671853979,2.4/8,True,2.622241938973885,3.0742803742522944,0.011718108359538522,2.4/8,0.8888792400922895,,,,,
beat CV 30%,3,0.3,True,0.0,10.0,AP,T1,A5,-2.8312746574073953,0.009289645020141714,20/40,-0.04350780496451336,0.006626589924390487,2.4/8,2.787766852442882,0.01141092452986511,2.8312746574073953,0.009289645020141714,20/40,True,2.0746301506300404,4.079924061572364,0.012175099356899867,20/40,1.2901593157611666,,,,,
beat CV 30%,3,0.3,True,0.0,10.0,AP,T1,A6,-1.6544388856891348,0.01257183225716746,20/40,0.3703703582154535,0.012974119783687075,2.4/20,2.0248092439045884,0.018065955564647462,1.6544388856891348,0.01257183225716746,20/40,False,3.9549875496293687,4.338890516496794,0.014090039254200359,20/8,0.6499865051369847,,,,,
beat CV 30%,3,0.3,True,0.0,10.0,AP,T1,A7,0.5249453497088827,0.008332576949406284,20/40,0.5490758649507372,0.008223425387348488,4.8/40,0.0241305152418545,0.01170711594369273,0.5490758649507372,0.008223425387348488,4.8/40,False,2.02772997935919,2.68676051223775,0.009157820311500009,20/40,0.5353140897231357,,,,,
beat CV 30%,3,0.3,True,0.0,10.0,SL,T1,A1,-1.0529455479884815,0.006633350607956174,20/40,0.23402541615891215,0.00594811598272262,2.4/20,1.2869709641473936,0.008909625358677705,1.0529455479884815,0.006633350607956174,20/40,False,1.8528304941252483,2.354154195167742,0.007256234372136332,20/8,0.41411735341911554,,,,,
beat CV 30%,3,0.3,True,0.0,10.0,SL,T1,A2,-1.863385090835706,0.005870308195635427,20/40,0.03805339731363701,0.004489404544942173,2.4/8,1.901438488149343,0.0073902145760385,1.863385090835706,0.005870308195635427,20/40,True,1.4121273895075388,2.6302511985369246,0.00721831000968875,20/40,0.8174658366900635,,,,,
beat CV 30%,3,0.3,True,0.0,10.0,SL,T1,A3,-0.05022557853479426,0.006188987880526395,20/40,1.3102586329576125,0.005964293970419573,2.4/8,1.3604842114924067,0.008595136622002343,1.3102586329576125,0.005964293970419573,2.4/8,True,1.8840699487758858,2.2965239752712607,0.008372796279336061,2.4/8,0.7650633034459006,,,,,
beat CV 30%,3,0.3,True,0.0,10.0,SL,T1,A4,-0.1897159308608126,0.006096813130153323,20/40,1.171118916288199,0.005701055964537734,2.4/8,1.3608348471490115,0.008347045552457542,1.171118916288199,0.005701055964537734,2.4/8,True,1.8296022154749492,2.1498118348190527,0.0077128050482065625,2.4/8,0.6573679873454548,,,,,
beat CV 30%,3,0.3,True,0.0,10.0,SL,T1,A5,-1.817654725132405,0.006397575259063755,20/40,-0.02471231067927245,0.004725840501584738,2.4/8,1.7929424144531325,0.007953775056022351,1.817654725132405,0.006397575259063755,20/40,True,1.4868152763508464,2.7196920212342848,0.00829985917083219,20/40,0.8197854795731429,,,,,
beat CV 30%,3,0.3,True,0.0,10.0,SL,T1,A6,-1.0535982345193025,0.008741776707478464,20/40,0.23709919533298293,0.008930602274037948,2.4/20,1.2906974298522853,0.012496972312542938,1.0535982345193025,0.008741776707478464,20/40,False,2.7294049670018787,2.9611706698132485,0.009476694945937655,20/8,0.4140775363891051,,,,,
beat CV 30%,3,0.3,True,0.0,10.0,SL,T1,A7,0.33694297720308414,0.004842807515381043,10/20,0.3517462741517488,0.004572166119436873,10/8,0.014803296948664668,0.00666014171431491,0.3517462741517488,0.004572166119436873,10/8,False,1.473525613649103,2.2960830304766224,0.008667329316397507,20/40,0.34183870198176614,,,,,
beat CV 30%,3,0.3,True,0.0,10.0,AP,T1,A3-A1,,,,,,,,,,,,,,,,,,0.6211986772615574,3.0870889651316404,0.010072646079854778,2.4/40,20/8
beat CV 30%,3,0.3,True,0.0,10.0,SL,T1,A3-A1,,,,,,,,,,,,,,,,,,0.4377753863210686,2.0508734457331976,0.006727445491646144,2.4/40,20/8
window 0.15,3,0.15,True,0.15,10.0,AP,T1,A1,-1.8627862389087844,0.008429271422235323,20/20,0.06562974696112504,0.006390327752226184,2.4/20,1.9284159858699095,0.010577755219827375,1.8627862389087844,0.008429271422235323,20/20,False,2.0135001782377198,3.2519475995505425,0.01017871081769352,20/20,0.721627092677207,,,,,
window 0.15,3,0.15,True,0.15,10.0,AP,T1,A2,-3.0497051758897458,0.008076411522274039,20/40,-0.2260015538839374,0.005301301598764606,2.4/8,2.8237036220058083,0.009660860299071974,3.0497051758897458,0.008076411522274039,20/40,True,1.6915757336476929,3.977873645446486,0.010345925892566131,20/40,1.4982757588502766,,,,,
window 0.15,3,0.15,True,0.15,10.0,AP,T1,A3,-0.6457398147467579,0.007508199095284238,20/40,1.0990277210129749,0.006508711566875204,2.4/8,1.7447675357597328,0.009936618132705017,1.0990277210129749,0.006508711566875204,2.4/8,True,2.0648190426711053,2.4605342714008738,0.008568452268720498,20/40,0.5506379398035716,,,,,
window 0.15,3,0.15,True,0.15,10.0,AP,T1,A4,-0.8573099637862295,0.007489897365462348,20/40,0.9219077558993476,0.0061375175098446555,2.4/8,1.779217719685577,0.009683371506288993,0.9219077558993476,0.0061375175098446555,2.4/8,True,1.9921001440952166,2.5188847790164175,0.008847336324243102,20/40,0.4693359200468741,,,,,
window 0.15,3,0.15,True,0.15,10.0,AP,T1,A5,-2.8816072104563935,0.008801617145811865,20/40,-0.26727736074390684,0.005519146977875275,2.4/8,2.6143298497124867,0.01038890984390755,2.8816072104563935,0.008801617145811865,20/40,True,1.7656457920324347,4.006298676463706,0.012022797174278222,20/40,1.4297977873374303,,,,,
window 0.15,3,0.15,True,0.15,10.0,AP,T1,A6,-1.9202593352297035,0.009291694698072377,20/20,0.024296733111478317,0.007770905623518263,2.4/20,1.9445560683411818,0.012112909005346903,1.9202593352297035,0.009291694698072377,20/20,False,2.450971711970024,3.51010948763213,0.01043650946859104,20/20,0.7488967603624408,,,,,
window 0.15,3,0.15,True,0.15,10.0,AP,T1,A7,0.22979864241356474,0.005154626027890264,2.4/8,0.49283222483623484,0.007908445639983988,10/40,0.2630335824226701,0.009440004339405015,0.49283222483623484,0.007908445639983988,10/40,False,1.6461463466611974,2.5796295616039173,0.009933078370123947,20/40,0.32769876207198806,,,,,
window 0.15,3,0.15,True,0.15,10.0,SL,T1,A1,-1.1108405783120658,0.0059831077781769835,20/20,0.11568496426622084,0.004772091104542596,2.4/20,1.2265255425782866,0.0076531321820112646,1.1108405783120658,0.0059831077781769835,20/20,False,1.5043200243721657,2.1940120467705255,0.006978757183322761,20/20,0.42389013189134506,,,,,
window 0.15,3,0.15,True,0.15,10.0,SL,T1,A2,-1.8713609510715108,0.00570722877843617,20/40,-0.07606561931624974,0.003972855890178363,2.4/8,1.7952953317552611,0.006953851037629072,1.8713609510715108,0.00570722877843617,20/40,True,1.2586217014141035,2.599847162753215,0.007198786872575458,20/40,0.8799377321616414,,,,,
window 0.15,3,0.15,True,0.15,10.0,SL,T1,A3,-0.2655361171393893,0.00533189704940458,20/40,0.8871794000027602,0.004683083469801935,2.4/8,1.1527155171421495,0.007096505966359881,0.8871794000027602,0.004683083469801935,2.4/8,True,1.523698274291375,1.7263233865738152,0.005811316576221236,2.4/8,0.4788109224843886,,,,,
window 0.15,3,0.15,True,0.15,10.0,SL,T1,A4,-0.3584821465151225,0.00533685830183074,20/40,0.8138692441492448,0.004498503297274334,2.4/8,1.1723513906643672,0.006979870231559305,0.8138692441492448,0.004498503297274334,2.4/8,True,1.4966856005976683,1.7253076887023733,0.005690672491041407,20/40,0.4150371752551338,,,,,
window 0.15,3,0.15,True,0.15,10.0,SL,T1,A5,-1.7727951910597386,0.006121271999180428,20/40,-0.09507432926694084,0.004143717180166105,2.4/8,1.6777208617927977,0.007391911996036891,1.7727951910597386,0.006121271999180428,20/40,True,1.31379647001119,2.6248356916707536,0.00826771404805844,20/40,0.8408216444586324,,,,,
window 0.15,3,0.15,True,0.15,10.0,SL,T1,A6,-1.2114988205440536,0.006696663166587222,20/20,0.039921908506985994,0.005792829066497028,2.4/20,1.2514207290510395,0.008854499769065377,1.2114988205440536,0.006696663166587222,20/20,False,1.828109560100354,2.4424280694259917,0.007138420208957012,20/8,0.47233300900814407,,,,,
window 0.15,3,0.15,True,0.15,10.0,SL,T1,A7,0.22073081315963608,0.003923095919561583,4.8/8,0.4824351440642294,0.007684785446905188,20/40,0.26170433090459333,0.008628244836526517,0.4824351440642294,0.007684785446905188,20/40,False,1.2600693872182573,2.4775547115649106,0.010342614232557341,20/40,0.3253155623386021,,,,,
window 0.15,3,0.15,True,0.15,10.0,AP,T1,A3-A1,,,,,,,,,,,,,,,,,,0.3730783526190762,2.555011949033989,0.008094693474450698,2.4/40,20/8
window 0.15,3,0.15,True,0.15,10.0,SL,T1,A3-A1,,,,,,,,,,,,,,,,,,0.2995538309933963,1.7344530870260282,0.005479644049322925,2.4/40,20/8
median span 13 mm,3,0.15,True,0.0,13.0,AP,T1,A1,-2.5072067147584174,0.010353144119206528,20/8,0.014734609928689106,0.007390021284576064,2.4/40,2.5219413246871065,0.012720063197152284,2.5072067147584174,0.010353144119206528,20/8,False,2.321769121180771,4.1293471059041895,0.01316036467312636,20/40,0.9822757581249343,,,,,
median span 13 mm,3,0.15,True,0.0,13.0,AP,T1,A2,-4.115348930936779,0.010271170150989623,20/40,-0.3612946332878415,0.006382611580332056,2.4/8,3.7540542976489375,0.012092752658347439,4.115348930936779,0.010271170150989623,20/40,True,2.0504307188615023,5.242679177051008,0.013193568148272898,20/40,2.0416027575134312,,,,,
median span 13 mm,3,0.15,True,0.0,13.0,AP,T1,A3,-1.035180474614848,0.009238193832725347,20/40,1.1287665901348984,0.007907471332546125,2.4/8,2.1639470647497463,0.012160276648417316,1.1287665901348984,0.007907471332546125,2.4/8,True,2.431536461780172,3.0993444145333378,0.011577661091906504,20/40,0.584831565215028,,,,,
median span 13 mm,3,0.15,True,0.0,13.0,AP,T1,A4,-1.337987098756404,0.00921429054012983,20/40,0.8759289129911707,0.007319525957248489,2.4/8,2.2139160117475747,0.011767693503688838,1.337987098756404,0.00921429054012983,20/40,True,2.3449302443809237,3.2063124596771644,0.011931955873071476,20/40,0.49380389230408855,,,,,
median span 13 mm,3,0.15,True,0.0,13.0,AP,T1,A5,-3.8470111173245307,0.011276095204974903,20/40,-0.41134409636157404,0.00656825854517613,2.4/8,3.4356670209629567,0.01304961085197322,3.8470111173245307,0.011276095204974903,20/40,True,2.117395299706488,5.2454170180893405,0.015756202364448493,20/40,1.9201183780708622,,,,,
median span 13 mm,3,0.15,True,0.0,13.0,AP,T1,A6,-2.5068728303598986,0.01175693280848784,20/8,0.01607919486575652,0.009823721842726264,2.4/40,2.522952025225655,0.015320932736180095,2.5068728303598986,0.01175693280848784,20/8,False,3.0931459580765353,4.506207098279419,0.013692344982557255,20/40,0.9830374302564149,,,,,
median span 13 mm,3,0.15,True,0.0,13.0,AP,T1,A7,0.21845125505503388,0.006132896979834528,4.8/8,0.24004071707065094,0.00620173775380514,10/8,0.021589462015617067,0.008722039700221245,0.24004071707065094,0.00620173775380514,10/8,False,1.951646964729047,2.6388876551597997,0.008961949735184015,20/40,0.23001111110801029,,,,,
median span 13 mm,3,0.15,True,0.0,13.0,SL,T1,A1,-1.6124986692699976,0.0071314960915031,20/40,0.015226308252502981,0.005308893578808667,2.4/40,1.6277249775225007,0.008890589830502805,1.6124986692699976,0.0071314960915031,20/40,False,1.6683999798809477,2.772350041115553,0.009180161458358274,20/40,0.6276736675878384,,,,,
median span 13 mm,3,0.15,True,0.0,13.0,SL,T1,A2,-2.6361380352259327,0.007044847976466778,20/40,-0.23434147498414165,0.004591841879255816,2.4/8,2.4017965602417912,0.008409214877479088,2.6361380352259327,0.007044847976466778,20/40,True,1.4708487435133015,3.451400065485691,0.009229609972513568,20/40,1.3035916618622496,,,,,
median span 13 mm,3,0.15,True,0.0,13.0,SL,T1,A3,-0.6192341937896562,0.006341569580263683,20/40,0.7969098109148562,0.005500084361839532,2.4/8,1.4161440047045124,0.008394428671963177,0.7969098109148562,0.005500084361839532,2.4/8,True,1.7292962719956617,2.098799953636876,0.007622562270743144,20/40,0.4129662055612379,,,,,
median span 13 mm,3,0.15,True,0.0,13.0,SL,T1,A4,-0.7684442308667027,0.006322002606120119,20/40,0.6930391097428799,0.005203190129161953,2.4/8,1.4614833406095826,0.008187851028932925,0.7684442308667027,0.006322002606120119,20/40,True,1.6849768530367777,2.1417838974589207,0.0077672096824167106,20/40,0.36439653036689706,,,,,
median span 13 mm,3,0.15,True,0.0,13.0,SL,T1,A5,-2.4754650305038313,0.007654981157968426,20/40,-0.26012483280590354,0.004728009914849253,2.4/8,2.2153401976979277,0.008997378189437435,2.4754650305038313,0.007654981157968426,20/40,True,1.517580426223213,3.462331897926016,0.010795213834618981,20/40,1.2299621267575318,,,,,
median span 13 mm,3,0.15,True,0.0,13.0,SL,T1,A6,-1.6141653202091768,0.00824334230413801,20/40,0.018661971343133268,0.007056811965055894,2.4/40,1.63282729155231,0.010851326529662048,1.6141653202091768,0.00824334230413801,20/40,False,2.215510022548885,3.0660611478887354,0.009554618175842185,20/40,0.6284413238198606,,,,,
median span 13 mm,3,0.15,True,0.0,13.0,SL,T1,A7,0.13415458379160916,0.007162075587843809,20/40,0.16749013119466824,0.007001152483120142,2.4/40,0.03333554740305908,0.010015561033606034,0.16749013119466824,0.007001152483120142,2.4/40,False,1.4295787203644688,2.268805595379295,0.00849817182961587,20/40,0.14830688897817987,,,,,
median span 13 mm,3,0.15,True,0.0,13.0,AP,T1,A3-A1,,,,,,,,,,,,,,,,,,0.37085677738128897,3.172139526924228,0.01010592146301759,2.4/40,20/8
median span 13 mm,3,0.15,True,0.0,13.0,SL,T1,A3-A1,,,,,,,,,,,,,,,,,,0.2804179172709742,2.1037153876061008,0.006750662615643898,2.4/40,20/8
overestimation off,3,0.15,False,0.0,10.0,AP,T1,A1,-2.0193632140375133,0.008091229766241168,20/8,-0.08995022138208439,0.005767960194556031,2.4/8,1.9294129926554289,0.009936667647460588,2.0193632140375133,0.008091229766241168,20/8,False,1.8261352910781115,3.2595340518576417,0.010134621890018385,20/8,0.8441410804223803,,,,,
overestimation off,3,0.15,False,0.0,10.0,AP,T1,A2,-3.3681324425231387,0.00806087080442527,20/40,-0.4960811105805863,0.0049166043056791085,2.4/8,2.8720513319425525,0.00944196145005147,3.3681324425231387,0.00806087080442527,20/40,True,1.63198409463426,4.223980940452067,0.010321426581849919,20/40,1.787791112914505,,,,,
overestimation off,3,0.15,False,0.0,10.0,AP,T1,A3,-1.0191153838195222,0.006871462239428535,20/40,0.5740248453108047,0.005497922138271562,2.4/8,1.5931402291303267,0.008800235289262938,1.0191153838195222,0.006871462239428535,20/40,True,1.7667923917131483,2.4000517243037756,0.007922843065734715,20/40,0.35547848073894955,,,,,
overestimation off,3,0.15,False,0.0,10.0,AP,T1,A4,-1.060377133794175,0.0069564842467475735,20/40,0.5635332772790543,0.0054881571524729895,2.4/8,1.6239104110732292,0.008860730331382825,1.060377133794175,0.0069564842467475735,20/40,True,1.7773220499661124,2.442052124899301,0.008225777612629555,20/40,0.3551152690072597,,,,,
overestimation off,3,0.15,False,0.0,10.0,AP,T1,A5,-3.145185636929239,0.008880963443690744,20/40,-0.501060590233022,0.005122345621754168,2.4/8,2.644125046696217,0.010252313707494297,3.145185636929239,0.008880963443690744,20/40,True,1.6955465029100223,4.2165465713130015,0.012355361245379459,20/40,1.6763833176542728,,,,,
overestimation off,3,0.15,False,0.0,10.0,AP,T1,A6,-2.019598662557215,0.00929827950010246,20/8,-0.08715072321978273,0.0077776974176809715,2.4/20,1.9324479393374323,0.012122317385014588,2.019598662557215,0.00929827950010246,20/8,False,2.4567184730447695,3.567140656885259,0.010477475690723178,20/8,0.8451891696989188,,,,,
overestimation off,3,0.15,False,0.0,10.0,AP,T1,A7,0.17112332155450258,0.007578243998403493,2.4/40,0.19282740640436838,0.007787204786563088,20/40,0.0217040848498658,0.010866017692200285,0.19282740640436838,0.007787204786563088,20/40,False,1.6086530200421993,2.470056195087342,0.008877197349784045,20/40,0.1772381997626137,,,,,
overestimation off,3,0.15,False,0.0,10.0,SL,T1,A1,-1.2938945977172704,0.005776243581719001,20/8,-0.05806440429140148,0.004382999655035385,2.4/40,1.2358301934258689,0.007250908625226927,1.2938945977172704,0.005776243581719001,20/8,False,1.384733907920114,2.2384434003447615,0.007246752877416763,20/8,0.5388784836508959,,,,,
overestimation off,3,0.15,False,0.0,10.0,SL,T1,A2,-2.1475256830785647,0.005632569441994501,20/40,-0.3203343901178418,0.0037519816103235705,2.4/8,1.8271912929607228,0.0067678064779584605,2.1475256830785647,0.005632569441994501,20/40,True,1.2289575438341191,2.7900571115180712,0.0071016482559928895,20/40,1.1423945603139827,,,,,
overestimation off,3,0.15,False,0.0,10.0,SL,T1,A3,-0.5845413508854951,0.004933103918140358,20/40,0.46668720904450317,0.004115978720435949,2.4/8,1.0512285599299982,0.006424701945946855,0.5845413508854951,0.004933103918140358,20/40,True,1.3313846158934952,1.6658978606439077,0.0053298633610978285,20/40,0.24994957311019184,,,,,
overestimation off,3,0.15,False,0.0,10.0,SL,T1,A4,-0.6003597333328954,0.004970204384509428,20/40,0.46387495191451994,0.004112960138905939,2.4/8,1.0642346852474154,0.006451307830822051,0.6003597333328954,0.004970204384509428,20/40,True,1.3379255213592685,1.682468504565716,0.00547410619730197,20/40,0.25025503079258005,,,,,
overestimation off,3,0.15,False,0.0,10.0,SL,T1,A5,-2.0196921666626273,0.006110709874787556,20/40,-0.3225013269123827,0.003892600577656713,2.4/8,1.6971908397502447,0.007245213208111927,2.0196921666626273,0.006110709874787556,20/40,True,1.272488066442404,2.795209585109106,0.008286073424289567,20/40,1.0781117838451166,,,,,
overestimation off,3,0.15,False,0.0,10.0,SL,T1,A6,-1.2962626765779042,0.006736271100721387,20/20,-0.057656373386232265,0.0058367413805891265,2.4/20,1.2386063031916719,0.008913186763795293,1.2962626765779042,0.006736271100721387,20/20,False,1.846630765537674,2.4999390192979933,0.007454478746369376,20/8,0.5389147693891913,,,,,
overestimation off,3,0.15,False,0.0,10.0,SL,T1,A7,0.10868178985760889,0.004111788750191059,20/8,0.12585015079625406,0.0070631605635752565,20/40,0.01716836093864517,0.00817282349454841,0.12585015079625406,0.0070631605635752565,20/40,False,1.2382489221165065,2.23709903377181,0.008739959489420066,20/40,0.11441851769093765,,,,,
overestimation off,3,0.15,False,0.0,10.0,AP,T1,A3-A1,,,,,,,,,,,,,,,,,,0.2024696088956181,2.192025476330362,0.0070845379429857434,2.4/40,20/8
overestimation off,3,0.15,False,0.0,10.0,SL,T1,A3-A1,,,,,,,,,,,,,,,,,,0.18175986890293036,1.4962789249707096,0.004829496867450845,2.4/40,20/8
