cell,p_beat_cv,p_view_over,p_ai_shared_lambda,ref,metric,value,mcse,n,mci_lo,mci_hi
0,0.05,False,0.0,R_img,ref_ba_bias_vs_T1,-0.31291102057996145,0.002014724587746253,2000,-0.31685980824185894,-0.30896223291806396
0,0.05,False,0.0,R_img,ref_mae_vs_T1,0.9599674427930672,0.00136606616055703,2000,0.9572900022967572,0.9626448832893773
0,0.05,False,0.0,adj_tol1,p_adjudicated,0.44822750000000006,0.002797693052334823,2000,0.4427441223343737,0.4537108776656264
0,0.05,False,0.0,adj_tol1,ref_ba_bias_vs_T1,-0.1241182838600092,0.008997345949930288,2000,-0.14175275801741838,-0.10648380970260003
0,0.05,False,0.0,adj_tol1,ref_mae_vs_T1,1.1338154625701795,0.0027703877952981347,2000,1.1283856022253558,1.1392453229150032
0,0.05,False,0.0,adj_tol2,p_adjudicated,0.12941500000000003,0.002181649876949277,2000,0.12513904478057503,0.13369095521942503
0,0.05,False,0.0,adj_tol2,ref_ba_bias_vs_T1,-0.12205913212695647,0.008857643502043237,2000,-0.13941979451579514,-0.1046984697381178
0,0.05,False,0.0,adj_tol2,ref_mae_vs_T1,1.0930437423653645,0.002522741420174,2000,1.0880992600005146,1.0979882247302144
0,0.05,False,0.0,adj_tol3,p_adjudicated,0.022947500000000003,0.0008236969164565871,2000,0.021333083696834083,0.024561916303165923
0,0.05,False,0.0,adj_tol3,ref_ba_bias_vs_T1,-0.12031175497387153,0.008663944240388587,2000,-0.1372927737830405,-0.10333073616470255
0,0.05,False,0.0,adj_tol3,ref_mae_vs_T1,1.0786981928385393,0.0023332303055513207,2000,1.0741251454359497,1.0832712402411289
0,0.05,False,0.0,mean2,ref_ba_bias_vs_T1,-0.11991548259252989,0.008612266307218668,2000,-0.13679521451309143,-0.10303575067196837
0,0.05,False,0.0,mean2,ref_mae_vs_T1,1.0753827362205246,0.002266867264684369,2000,1.0709397579889648,1.0798257144520844
0,0.05,False,0.0,single,ref_ba_bias_vs_T1,-0.12043293848885224,0.008677540832030855,2000,-0.13744060612816275,-0.10342527084954171
0,0.05,False,0.0,single,ref_mae_vs_T1,1.2049707587251999,0.0029303104319445914,2000,1.199227455769764,1.2107140616806358
1,0.05,False,0.5,R_img,ref_ba_bias_vs_T1,-0.3129633401900954,0.002022637975191717,2000,-0.31692763780650407,-0.30899904257368677
1,0.05,False,0.5,R_img,ref_mae_vs_T1,0.9599558407044009,0.0013689151527705038,2000,0.9572728162859162,0.9626388651228855
1,0.05,False,0.5,adj_tol1,p_adjudicated,0.44771500000000003,0.0028435422018367883,2000,0.4421417596519192,0.45328824034808085
1,0.05,False,0.5,adj_tol1,ref_ba_bias_vs_T1,-0.10701234003543122,0.008981130119975237,2000,-0.12461503174989837,-0.08940964832096408
1,0.05,False,0.5,adj_tol1,ref_mae_vs_T1,1.130268081928161,0.0027738510882150606,2000,1.1248314336538987,1.1357047302024232
1,0.05,False,0.5,adj_tol2,p_adjudicated,0.130415,0.0022210341924297273,2000,0.12606185294006866,0.13476814705993134
1,0.05,False,0.5,adj_tol2,ref_ba_bias_vs_T1,-0.10683857282272137,0.008852396470109982,2000,-0.12418895121786401,-0.08948819442757873
1,0.05,False,0.5,adj_tol2,ref_mae_vs_T1,1.0889596447660557,0.002443540563585843,2000,1.0841703932288878,1.0937488963032236
1,0.05,False,0.5,adj_tol3,p_adjudicated,0.023600000000000003,0.000829013649957531,2000,0.02197516309057464,0.025224836909425365
1,0.05,False,0.5,adj_tol3,ref_ba_bias_vs_T1,-0.1084437619503286,0.008641502794503899,2000,-0.12538079633345564,-0.09150672756720155
1,0.05,False,0.5,adj_tol3,ref_mae_vs_T1,1.0755182694974532,0.0022632679276936487,2000,1.071082345836819,1.0799541931580874
1,0.05,False,0.5,mean2,ref_ba_bias_vs_T1,-0.10875714904730098,0.008582528062642609,2000,-0.12557859507907024,-0.09193570301553172
1,0.05,False,0.5,mean2,ref_mae_vs_T1,1.072531403469154,0.0022009881329277106,2000,1.0682175459641885,1.0768452609741195
1,0.05,False,0.5,single,ref_ba_bias_vs_T1,-0.10779742998563248,0.008652897041742208,2000,-0.1247567966831537,-0.09083806328811125
1,0.05,False,0.5,single,ref_mae_vs_T1,1.2035923625798035,0.0029027003283223097,2000,1.1979031744335036,1.2092815507261034
2,0.05,False,1.0,R_img,ref_ba_bias_vs_T1,-0.30988980005915995,0.0019575584200467737,2000,-0.3137265440903485,-0.3060530560279714
2,0.05,False,1.0,R_img,ref_mae_vs_T1,0.9597172291617584,0.001377197318590716,2000,0.957017971996424,0.9624164863270928
2,0.05,False,1.0,adj_tol1,p_adjudicated,0.45058,0.0028502159857777074,2000,0.44499367927565114,0.4561663207243488
2,0.05,False,1.0,adj_tol1,ref_ba_bias_vs_T1,-0.10063809797733515,0.009018309615243582,2000,-0.11831366016406643,-0.08296253579060388
2,0.05,False,1.0,adj_tol1,ref_mae_vs_T1,1.1335520465854052,0.002775879336486872,2000,1.128111423017547,1.1389926701532633
2,0.05,False,1.0,adj_tol2,p_adjudicated,0.13097250000000002,0.0022341086572996646,2000,0.12659372745960434,0.1353512725403957
2,0.05,False,1.0,adj_tol2,ref_ba_bias_vs_T1,-0.10078897705088792,0.008867354980378382,2000,-0.11816867358765026,-0.08340928051412558
2,0.05,False,1.0,adj_tol2,ref_mae_vs_T1,1.0922127142486722,0.0025019858375772554,2000,1.0873089120785109,1.0971165164188335
2,0.05,False,1.0,adj_tol3,p_adjudicated,0.0235775,0.0008804087440804565,2000,0.021851930556317095,0.025303069443682907
2,0.05,False,1.0,adj_tol3,ref_ba_bias_vs_T1,-0.10349821351422177,0.008667073824072608,2000,-0.12048536619474641,-0.08651106083369713
2,0.05,False,1.0,adj_tol3,ref_mae_vs_T1,1.07807033558062,0.00229902437452931,2000,1.07356433057142,1.08257634058982
2,0.05,False,1.0,mean2,ref_ba_bias_vs_T1,-0.10427143032197496,0.008600014069985956,2000,-0.12112714829864091,-0.08741571234530901
2,0.05,False,1.0,mean2,ref_mae_vs_T1,1.074944679512605,0.0022314905131459823,2000,1.0705710384404974,1.0793183205847126
2,0.05,False,1.0,single,ref_ba_bias_vs_T1,-0.1018959612273128,0.008599756606423021,2000,-0.1187511745846641,-0.0850407478699615
2,0.05,False,1.0,single,ref_mae_vs_T1,1.2043191432507163,0.002921467773245339,2000,1.1985931715879954,1.2100451149134372
3,0.05,True,0.0,R_img,ref_ba_bias_vs_T1,-0.08344481525229824,0.0022376580792191902,2000,-0.087830544531877,-0.07905908597271949
3,0.05,True,0.0,R_img,ref_mae_vs_T1,1.041901816113347,0.0015908970209866226,2000,1.038783715224506,1.045019917002188
3,0.05,True,0.0,adj_tol1,p_adjudicated,0.45674000000000003,0.0028056544777510044,2000,0.4512410182271693,0.4622389817728308
3,0.05,True,0.0,adj_tol1,ref_ba_bias_vs_T1,0.09306498702786295,0.008955459891154148,2000,0.0755126080377569,0.110617366017969
3,0.05,True,0.0,adj_tol1,ref_mae_vs_T1,1.2123798989951637,0.002765069680746896,2000,1.2069604619634082,1.2177993360269193
3,0.05,True,0.0,adj_tol2,p_adjudicated,0.14004250000000001,0.0021570945448247405,2000,0.13581467234754713,0.1442703276524529
3,0.05,True,0.0,adj_tol2,ref_ba_bias_vs_T1,0.0932638806280841,0.008778154457993645,2000,0.07605901390397705,0.11046874735219116
3,0.05,True,0.0,adj_tol2,ref_mae_vs_T1,1.1705146776181805,0.0024914613135800477,2000,1.1656315031361708,1.1753978521001902
3,0.05,True,0.0,adj_tol3,p_adjudicated,0.030965000000000003,0.0008155240200102058,2000,0.02936660227964472,0.03256339772035528
3,0.05,True,0.0,adj_tol3,ref_ba_bias_vs_T1,0.09310320460510205,0.008598218099348251,2000,0.07625100666623105,0.10995540254397304
3,0.05,True,0.0,adj_tol3,ref_mae_vs_T1,1.154883884416878,0.0023222692752680775,2000,1.1503323202390465,1.1594354485947096
3,0.05,True,0.0,mean2,ref_ba_bias_vs_T1,0.09444927885908111,0.008554699064953113,2000,0.07768237666093934,0.11121618105722288
3,0.05,True,0.0,mean2,ref_mae_vs_T1,1.1488861321872788,0.0022584611427181904,2000,1.1444596296521523,1.1533126347224052
3,0.05,True,0.0,single,ref_ba_bias_vs_T1,0.09382701539176012,0.008628216137533425,2000,0.07691602237797557,0.11073800840554468
3,0.05,True,0.0,single,ref_mae_vs_T1,1.2811886954251532,0.0028926621791247175,2000,1.2755191816899072,1.2868582091603993
4,0.05,True,0.5,R_img,ref_ba_bias_vs_T1,-0.08620471954472861,0.002300532242360231,2000,-0.09071367992059394,-0.08169575916886328
4,0.05,True,0.5,R_img,ref_mae_vs_T1,1.0405218076896448,0.0015560554269394066,2000,1.0374719950708389,1.0435716203084506
4,0.05,True,0.5,adj_tol1,p_adjudicated,0.45653,0.002859336453178646,2000,0.45092580348788214,0.46213419651211785
4,0.05,True,0.5,adj_tol1,ref_ba_bias_vs_T1,0.08954017684324637,0.008976863532019225,2000,0.07194584748757585,0.1071345061989169
4,0.05,True,0.5,adj_tol1,ref_mae_vs_T1,1.210957975660172,0.002720822252763676,2000,1.2056252619943564,1.2162906893259877
4,0.05,True,0.5,adj_tol2,p_adjudicated,0.14148500000000003,0.0022409614770608696,2000,0.1370927961795739,0.14587720382042615
4,0.05,True,0.5,adj_tol2,ref_ba_bias_vs_T1,0.0879954196962743,0.008808368719136503,2000,0.07073133410804064,0.10525950528450795
4,0.05,True,0.5,adj_tol2,ref_mae_vs_T1,1.170049197184989,0.002450635905041664,2000,1.1652460390339998,1.174852355335978
4,0.05,True,0.5,adj_tol3,p_adjudicated,0.032150000000000005,0.0008745119413523086,2000,0.030435988077379367,0.03386401192262064
4,0.05,True,0.5,adj_tol3,ref_ba_bias_vs_T1,0.08849998250459157,0.00863044540965207,2000,0.07158462019770825,0.10541534481147488
4,0.05,True,0.5,adj_tol3,ref_mae_vs_T1,1.155013771983987,0.0022933074894645254,2000,1.150518971863706,1.159508572104268
4,0.05,True,0.5,mean2,ref_ba_bias_vs_T1,0.0891179785587512,0.008576441641542348,2000,0.0723084616932273,0.1059274954242751
4,0.05,True,0.5,mean2,ref_mae_vs_T1,1.1488309509013932,0.0022485724801307814,2000,1.1444238297889462,1.1532380720138402
4,0.05,True,0.5,single,ref_ba_bias_vs_T1,0.0886622734289468,0.008585028751069439,2000,0.07183592613788573,0.10548862072000786
4,0.05,True,0.5,single,ref_mae_vs_T1,1.282052776519401,0.0029026806371251486,2000,1.2763636269671386,1.2877419260716634
5,0.05,True,1.0,R_img,ref_ba_bias_vs_T1,-0.08147219972147655,0.002248126532919654,2000,-0.08587844679344389,-0.07706595264950922
5,0.05,True,1.0,R_img,ref_mae_vs_T1,1.0412412766253607,0.0015801312574836766,2000,1.038144276245418,1.0443382770053034
5,0.05,True,1.0,adj_tol1,p_adjudicated,0.45757749999999997,0.002743460002126263,2000,0.45220041716039255,0.4629545828396074
5,0.05,True,1.0,adj_tol1,ref_ba_bias_vs_T1,0.09157680964912435,0.00880314326924942,2000,0.07432296575455317,0.10883065354369552
5,0.05,True,1.0,adj_tol1,ref_mae_vs_T1,1.2097095977262755,0.0026770410403446914,2000,1.2044626936606773,1.2149565017918738
5,0.05,True,1.0,adj_tol2,p_adjudicated,0.14149,0.0021298845400812313,2000,0.13731550297728423,0.14566449702271578
5,0.05,True,1.0,adj_tol2,ref_ba_bias_vs_T1,0.09158983692693413,0.008641251597309347,2000,0.07465329488126532,0.10852637897260295
5,0.05,True,1.0,adj_tol2,ref_mae_vs_T1,1.1678623127651127,0.002406966650439899,2000,1.16314474478105,1.1725798807491754
5,0.05,True,1.0,adj_tol3,p_adjudicated,0.031375,0.0008146695837978626,2000,0.029778276943861207,0.032971723056138796
5,0.05,True,1.0,adj_tol3,ref_ba_bias_vs_T1,0.08812198843084795,0.008443735356040188,2000,0.071572571107482,0.10467140575421391
5,0.05,True,1.0,adj_tol3,ref_mae_vs_T1,1.151436203249099,0.002230817596975056,2000,1.1470638810684615,1.1558085254297366
5,0.05,True,1.0,mean2,ref_ba_bias_vs_T1,0.08932323546650622,0.008409323700198307,2000,0.07284126374977075,0.1058052071832417
5,0.05,True,1.0,mean2,ref_mae_vs_T1,1.1463118052346668,0.0021977602866658326,2000,1.142004274192172,1.1506193362771615
5,0.05,True,1.0,single,ref_ba_bias_vs_T1,0.08752199616273529,0.008490755253267097,2000,0.0708804215335209,0.10416357079194968
5,0.05,True,1.0,single,ref_mae_vs_T1,1.2798219830560311,0.0028197292889036566,2000,1.2742954151600343,1.285348550952028
6,0.15,False,0.0,R_img,ref_ba_bias_vs_T1,0.035739103064792783,0.002591116074142483,2000,0.030660608839652187,0.04081759728993338
6,0.15,False,0.0,R_img,ref_mae_vs_T1,1.1895355549964501,0.0017703007563388562,2000,1.1860658292448532,1.1930052807480471
6,0.15,False,0.0,adj_tol1,p_adjudicated,0.5099775,0.0020452010709427304,2000,0.5059689795281908,0.5139860204718092
6,0.15,False,0.0,adj_tol1,ref_ba_bias_vs_T1,0.2633686878031501,0.008806336637688834,2000,0.24610858502139893,0.28062879058490126
6,0.15,False,0.0,adj_tol1,ref_mae_vs_T1,1.3508449766170147,0.002847709519146989,2000,1.3452635684770293,1.3564263847570002
6,0.15,False,0.0,adj_tol2,p_adjudicated,0.1943475,0.0018374796699946972,2000,0.19074610599607852,0.1979488940039215
6,0.15,False,0.0,adj_tol2,ref_ba_bias_vs_T1,0.2601955045900987,0.008773583357870965,2000,0.24299959705767252,0.27739141212252494
6,0.15,False,0.0,adj_tol2,ref_mae_vs_T1,1.3042832117415804,0.0026916598660254422,2000,1.2990076553039256,1.309558768179235
6,0.15,False,0.0,adj_tol3,p_adjudicated,0.05901000000000001,0.0009171112236246207,2000,0.0572124950176998,0.06080750498230021
6,0.15,False,0.0,adj_tol3,ref_ba_bias_vs_T1,0.2608854045674174,0.00865292843791316,2000,0.24392597633453134,0.2778448328003034
6,0.15,False,0.0,adj_tol3,ref_mae_vs_T1,1.2802945312108578,0.002593284072580929,2000,1.2752117877868259,1.2853772746348897
6,0.15,False,0.0,mean2,ref_ba_bias_vs_T1,0.25929299465813893,0.00859445928218697,2000,0.24244816386558662,0.2761378254506912
6,0.15,False,0.0,mean2,ref_mae_vs_T1,1.2639934678869058,0.0025011696922455644,2000,1.2590912653322135,1.2688956704415981
6,0.15,False,0.0,single,ref_ba_bias_vs_T1,0.258806775817146,0.008715804280661148,2000,0.24172411319600426,0.2758894384382877
6,0.15,False,0.0,single,ref_mae_vs_T1,1.421801293743404,0.002942794134925041,2000,1.4160335231795398,1.427569064307268
7,0.15,False,0.5,R_img,ref_ba_bias_vs_T1,0.041023731777725246,0.002587205428822085,2000,0.035952902276629395,0.0460945612788211
7,0.15,False,0.5,R_img,ref_mae_vs_T1,1.1895342105815587,0.0017867144676148134,2000,1.1860323145467546,1.1930361066163628
7,0.15,False,0.5,adj_tol1,p_adjudicated,0.5077200000000001,0.002093526863301181,2000,0.5036167627148969,0.5118232372851033
7,0.15,False,0.5,adj_tol1,ref_ba_bias_vs_T1,0.26026477568104484,0.008810603713516912,2000,0.24299630958428536,0.2775332417778043
7,0.15,False,0.5,adj_tol1,ref_mae_vs_T1,1.3516416889738603,0.002771328568136921,2000,1.3462099847481404,1.3570733931995802
7,0.15,False,0.5,adj_tol2,p_adjudicated,0.1937125,0.0018924139444486167,2000,0.19000343679578272,0.1974215632042173
7,0.15,False,0.5,adj_tol2,ref_ba_bias_vs_T1,0.2632857237151557,0.008757489297440616,2000,0.24612135996178677,0.28045008746852457
7,0.15,False,0.5,adj_tol2,ref_mae_vs_T1,1.3033053339767686,0.0026540149589340417,2000,1.2981035602017965,1.3085071077517407
7,0.15,False,0.5,adj_tol3,p_adjudicated,0.060145000000000004,0.0009506596995940324,2000,0.05828174121254488,0.062008258787455126
7,0.15,False,0.5,adj_tol3,ref_ba_bias_vs_T1,0.26262436625025326,0.008627655888941871,2000,0.24571447130353918,0.27953426119696734
7,0.15,False,0.5,adj_tol3,ref_mae_vs_T1,1.2802523367237253,0.0025558794486091998,2000,1.2752429050161114,1.2852617684313392
7,0.15,False,0.5,mean2,ref_ba_bias_vs_T1,0.26035324528315734,0.008577858386615697,2000,0.24354095164829248,0.2771655389180222
7,0.15,False,0.5,mean2,ref_mae_vs_T1,1.263714472482745,0.0024796240752646393,2000,1.258854498561693,1.268574446403797
7,0.15,False,0.5,single,ref_ba_bias_vs_T1,0.26048415120877316,0.008647705697177476,2000,0.24353495935971042,0.2774333430578359
7,0.15,False,0.5,single,ref_mae_vs_T1,1.4193320583141857,0.0029293786142995,2000,1.4135905816877887,1.4250735349405828
8,0.15,False,1.0,R_img,ref_ba_bias_vs_T1,0.03550464863227266,0.002539066901006953,2000,0.030528168912707467,0.04048112835183785
8,0.15,False,1.0,R_img,ref_mae_vs_T1,1.1896848473765675,0.001779538616889623,2000,1.1861970157508541,1.193172679002281
8,0.15,False,1.0,adj_tol1,p_adjudicated,0.5112724999999999,0.00205722816326553,2000,0.5072404068602133,0.5153045931397865
8,0.15,False,1.0,adj_tol1,ref_ba_bias_vs_T1,0.26112306624732307,0.00860101364341843,2000,0.24426538914271412,0.277980743351932
8,0.15,False,1.0,adj_tol1,ref_mae_vs_T1,1.3502357417653865,0.0028416489318099283,2000,1.3446662121584005,1.3558052713723725
8,0.15,False,1.0,adj_tol2,p_adjudicated,0.19565000000000002,0.0018814744811215367,2000,0.19196237775008312,0.1993376222499169
8,0.15,False,1.0,adj_tol2,ref_ba_bias_vs_T1,0.26302751729051044,0.008550261760579258,2000,0.24626931204919847,0.2797857225318224
8,0.15,False,1.0,adj_tol2,ref_mae_vs_T1,1.303271825622419,0.002660609985513803,2000,1.2980571258327713,1.3084865254120666
8,0.15,False,1.0,adj_tol3,p_adjudicated,0.0599525,0.0009364326323406591,2000,0.05811712575218707,0.06178787424781293
8,0.15,False,1.0,adj_tol3,ref_ba_bias_vs_T1,0.2639496146754524,0.008449653341749366,2000,0.24738859831314397,0.28051063103776086
8,0.15,False,1.0,adj_tol3,ref_mae_vs_T1,1.280497880823908,0.0025716493407973227,2000,1.2754575406953215,1.2855382209524946
8,0.15,False,1.0,mean2,ref_ba_bias_vs_T1,0.26281235115181667,0.008422665653239451,2000,0.24630422968743088,0.27932047261620246
8,0.15,False,1.0,mean2,ref_mae_vs_T1,1.2647056426718077,0.0025150894043308586,2000,1.2597761579825377,1.2696351273610778
8,0.15,False,1.0,single,ref_ba_bias_vs_T1,0.26137222692815737,0.00853172016376779,2000,0.2446503625490984,0.27809409130721635
8,0.15,False,1.0,single,ref_mae_vs_T1,1.4206194538138976,0.0029062920276229755,2000,1.4149232260662696,1.4263156815615257
9,0.15,True,0.0,R_img,ref_ba_bias_vs_T1,0.2136322772103391,0.002736428139984449,2000,0.2082689765673826,0.21899557785329557
9,0.15,True,0.0,R_img,ref_mae_vs_T1,1.2713048523631085,0.0019776301537619396,2000,1.2674287684564207,1.2751809362697963
9,0.15,True,0.0,adj_tol1,p_adjudicated,0.52358,0.002041344616649026,2000,0.5195790380397741,0.527580961960226
9,0.15,True,0.0,adj_tol1,ref_ba_bias_vs_T1,0.4160050628058285,0.009180368832398946,2000,0.39801187038760455,0.43399825522405244
9,0.15,True,0.0,adj_tol1,ref_mae_vs_T1,1.441047756180684,0.0032074631386996753,2000,1.4347612438975057,1.4473342684638624
9,0.15,True,0.0,adj_tol2,p_adjudicated,0.211635,0.0018662006161905356,2000,0.20797731397548871,0.21529268602451127
9,0.15,True,0.0,adj_tol2,ref_ba_bias_vs_T1,0.41422919156967064,0.009123245311306056,2000,0.39634795919634197,0.4321104239429993
9,0.15,True,0.0,adj_tol2,ref_mae_vs_T1,1.3917955024672715,0.0030654419974057876,2000,1.385787346508268,1.397803658426275
9,0.15,True,0.0,adj_tol3,p_adjudicated,0.0719825,0.0009422964279641927,2000,0.07013563292386159,0.07382936707613842
9,0.15,True,0.0,adj_tol3,ref_ba_bias_vs_T1,0.4131870748902064,0.008943040392689387,2000,0.39565903766998933,0.43071511211042346
9,0.15,True,0.0,adj_tol3,ref_mae_vs_T1,1.3661300736876136,0.0029314390140243616,2000,1.3603845587519303,1.371875588623297
9,0.15,True,0.0,mean2,ref_ba_bias_vs_T1,0.41519509015618755,0.008846337742810479,2000,0.39785658664843776,0.43253359366393734
9,0.15,True,0.0,mean2,ref_mae_vs_T1,1.3471951613806805,0.0028547679773902055,2000,1.341599918916643,1.352790403844718
9,0.15,True,0.0,single,ref_ba_bias_vs_T1,0.41566302448729264,0.00897382571096922,2000,0.3980746491515186,0.4332513998230667
9,0.15,True,0.0,single,ref_mae_vs_T1,1.5089654422938348,0.003250969253446518,2000,1.5025936595919727,1.515337224995697
10,0.15,True,0.5,R_img,ref_ba_bias_vs_T1,0.21166605434320832,0.002770761443418938,2000,0.20623546166151915,0.21709664702489748
10,0.15,True,0.5,R_img,ref_mae_vs_T1,1.2728861308697221,0.0019327850437191184,2000,1.2690979417642942,1.27667431997515
10,0.15,True,0.5,adj_tol1,p_adjudicated,0.51675,0.0020610750265656424,2000,0.5127103671466323,0.5207896328533678
10,0.15,True,0.5,adj_tol1,ref_ba_bias_vs_T1,0.4144272521903137,0.008732601067541751,2000,0.3973116684715703,0.43154283590905707
10,0.15,True,0.5,adj_tol1,ref_mae_vs_T1,1.4332839285345744,0.002993058678274362,2000,1.427417641275269,1.4391502157938798
10,0.15,True,0.5,adj_tol2,p_adjudicated,0.2076175,0.0018814922544158168,2000,0.20392984291506616,0.21130515708493386
10,0.15,True,0.5,adj_tol2,ref_ba_bias_vs_T1,0.41309677256906824,0.008673621489000485,2000,0.3960967867010009,0.4300967584371356
10,0.15,True,0.5,adj_tol2,ref_mae_vs_T1,1.3869050943491879,0.0028532863581023065,2000,1.3813127558056162,1.3924974328927595
10,0.15,True,0.5,adj_tol3,p_adjudicated,0.070325,0.0009549754848101043,2000,0.06845328242888965,0.07219671757111035
10,0.15,True,0.5,adj_tol3,ref_ba_bias_vs_T1,0.4093684721941808,0.00854250779525836,2000,0.3926254644457551,0.42611147994260656
10,0.15,True,0.5,adj_tol3,ref_mae_vs_T1,1.3605849133923877,0.0027463884112848592,2000,1.3552020909762523,1.3659677358085232
10,0.15,True,0.5,mean2,ref_ba_bias_vs_T1,0.4121034341225897,0.008510155102592797,2000,0.3954238364870915,0.4287830317580879
10,0.15,True,0.5,mean2,ref_mae_vs_T1,1.3417664132672011,0.002686373791432197,2000,1.3365012173454505,1.3470316091889518
10,0.15,True,0.5,single,ref_ba_bias_vs_T1,0.4143992116351724,0.008624625541269602,2000,0.3974952560608035,0.4313031672095413
10,0.15,True,0.5,single,ref_mae_vs_T1,1.5016752422680661,0.003098655198138193,2000,1.4956019896313024,1.5077484949048299
11,0.15,True,1.0,R_img,ref_ba_bias_vs_T1,0.21206814573834532,0.0027754081337124513,2000,0.20662844571096173,0.2175078457657289
11,0.15,True,1.0,R_img,ref_mae_vs_T1,1.2704600885500112,0.0019265094103333544,2000,1.2666841994600966,1.274235977639926
11,0.15,True,1.0,adj_tol1,p_adjudicated,0.5212925,0.002052757993423672,2000,0.5172691682321774,0.5253158317678227
11,0.15,True,1.0,adj_tol1,ref_ba_bias_vs_T1,0.41821015753353025,0.008875359461348582,2000,0.40081477250222763,0.43560554256483286
11,0.15,True,1.0,adj_tol1,ref_mae_vs_T1,1.4363920850631589,0.0030706592579220807,2000,1.4303737034613648,1.4424104666649529
11,0.15,True,1.0,adj_tol2,p_adjudicated,0.21066250000000003,0.0018854911390119673,2000,0.20696700524521758,0.21435799475478248
11,0.15,True,1.0,adj_tol2,ref_ba_bias_vs_T1,0.41558847804808713,0.008831225250484994,2000,0.39827959448124556,0.4328973616149287
11,0.15,True,1.0,adj_tol2,ref_mae_vs_T1,1.3877944914221112,0.0029438693753527003,2000,1.3820246134257175,1.393564369418505
11,0.15,True,1.0,adj_tol3,p_adjudicated,0.071975,0.0009655326582550581,2000,0.07008259074899578,0.07386740925100421
11,0.15,True,1.0,adj_tol3,ref_ba_bias_vs_T1,0.4132089480292825,0.008757437945450999,2000,0.39604468492396455,0.4303732111346004
11,0.15,True,1.0,adj_tol3,ref_mae_vs_T1,1.3621153926861072,0.00284919280074592,2000,1.356531077367586,1.3676997080046283
11,0.15,True,1.0,mean2,ref_ba_bias_vs_T1,0.413393840404472,0.008699084437664505,2000,0.39634394807368933,0.4304437327352547
11,0.15,True,1.0,mean2,ref_mae_vs_T1,1.34182142491232,0.002782461873974537,2000,1.3363678998079573,1.3472749500166825
11,0.15,True,1.0,single,ref_ba_bias_vs_T1,0.4141811417082713,0.008797877182806895,2000,0.39693761915354836,0.43142466426299425
11,0.15,True,1.0,single,ref_mae_vs_T1,1.5036341247333798,0.0031214232373613887,2000,1.497516247559388,1.5097520019073716
12,0.3,False,0.0,R_img,ref_ba_bias_vs_T1,0.8085661008747504,0.004047807845685799,2000,0.8006325432182887,0.8164996585312122
12,0.3,False,0.0,R_img,ref_mae_vs_T1,1.8968521788682655,0.003009304163094416,2000,1.8909540510435503,1.9027503066929807
12,0.3,False,0.0,adj_tol1,p_adjudicated,0.5872375,0.0015294149541331035,2000,0.5842399017488374,0.5902350982511625
12,0.3,False,0.0,adj_tol1,ref_ba_bias_vs_T1,1.033630825311453,0.00887889061092078,2000,1.0162285193541103,1.0510331312687957
12,0.3,False,0.0,adj_tol1,ref_mae_vs_T1,2.0280277907780433,0.004040495590081825,2000,2.020108564879324,2.0359470166767624
12,0.3,False,0.0,adj_tol2,p_adjudicated,0.29660000000000003,0.0014603120404995,2000,0.29373784097185446,0.2994621590281456
12,0.3,False,0.0,adj_tol2,ref_ba_bias_vs_T1,1.034047248539912,0.00888695381944325,2000,1.0166291389841406,1.0514653580956832
12,0.3,False,0.0,adj_tol2,ref_mae_vs_T1,1.982585004474616,0.004047801622492771,2000,1.9746514590153885,1.9905185499338436
12,0.3,False,0.0,adj_tol3,p_adjudicated,0.1428825,0.0008968160270468987,2000,0.14112477287236505,0.14464022712763494
12,0.3,False,0.0,adj_tol3,ref_ba_bias_vs_T1,1.0318488483522192,0.00882622642036259,2000,1.0145497623124597,1.0491479343919787
12,0.3,False,0.0,adj_tol3,ref_mae_vs_T1,1.9500738567642457,0.004027759436967255,2000,1.9421795932671295,1.957968120261362
12,0.3,False,0.0,mean2,ref_ba_bias_vs_T1,1.0231841203015322,0.00876613175754013,2000,1.0060028176374969,1.0403654229655674
12,0.3,False,0.0,mean2,ref_mae_vs_T1,1.8829608233889907,0.004014022599242978,2000,1.875093483599288,1.8908281631786934
12,0.3,False,0.0,single,ref_ba_bias_vs_T1,1.026418231309339,0.008939225104290365,2000,1.0088976719170337,1.0439387907016444
12,0.3,False,0.0,single,ref_mae_vs_T1,2.083137467520002,0.004151016305793165,2000,2.0750016249972343,2.09127331004277
13,0.3,False,0.5,R_img,ref_ba_bias_vs_T1,0.7972773351350143,0.003953978049760067,2000,0.7895276805006943,0.8050269897693343
13,0.3,False,0.5,R_img,ref_mae_vs_T1,1.886284288465148,0.0029776109496220415,2000,1.880448278197883,1.892120298732413
13,0.3,False,0.5,adj_tol1,p_adjudicated,0.589795,0.0015690594192797845,2000,0.5867197000243507,0.5928702999756492
13,0.3,False,0.5,adj_tol1,ref_ba_bias_vs_T1,0.9970577771048865,0.009243075636137887,2000,0.9789416816087791,1.0151738726009938
13,0.3,False,0.5,adj_tol1,ref_mae_vs_T1,2.0189675556318263,0.004173531313979361,2000,2.010787584503554,2.0271475267600985
13,0.3,False,0.5,adj_tol2,p_adjudicated,0.3001375,0.0015413783508552476,2000,0.29711645392194436,0.30315854607805565
13,0.3,False,0.5,adj_tol2,ref_ba_bias_vs_T1,0.9994179626326274,0.009152875065168393,2000,0.9814786570083996,1.017357268256855
13,0.3,False,0.5,adj_tol2,ref_mae_vs_T1,1.9703253246402608,0.004096758901795996,2000,1.9622958246760611,1.9783548246044604
13,0.3,False,0.5,adj_tol3,p_adjudicated,0.1442,0.0009737641440842603,2000,0.14229145733310403,0.14610854266689596
13,0.3,False,0.5,adj_tol3,ref_ba_bias_vs_T1,0.9975187096782689,0.009059956651943675,2000,0.9797615207988988,1.0152758985576391
13,0.3,False,0.5,adj_tol3,ref_mae_vs_T1,1.9355268175306242,0.004086055887608354,2000,1.9275182950889238,1.9435353399723245
13,0.3,False,0.5,mean2,ref_ba_bias_vs_T1,0.9936814765211042,0.008943339219698051,2000,0.9761528536107079,1.0112100994315005
13,0.3,False,0.5,mean2,ref_mae_vs_T1,1.870243304599497,0.004065828411568433,2000,1.8622744272826457,1.8782121819163484
13,0.3,False,0.5,single,ref_ba_bias_vs_T1,0.9931053252766108,0.009164386557697033,2000,0.9751434575414407,1.011067193011781
13,0.3,False,0.5,single,ref_mae_vs_T1,2.073657263959248,0.004146152583488834,2000,2.065530954157103,2.0817835737613932
14,0.3,False,1.0,R_img,ref_ba_bias_vs_T1,0.8013901930483608,0.004017553985667716,2000,0.7935159318683955,0.809264454228326
14,0.3,False,1.0,R_img,ref_mae_vs_T1,1.8912632748229103,0.002953494361038477,2000,1.885474532201072,1.8970520174447487
14,0.3,False,1.0,adj_tol1,p_adjudicated,0.5890125,0.0015450363233578837,2000,0.5859842844275263,0.5920407155724738
14,0.3,False,1.0,adj_tol1,ref_ba_bias_vs_T1,1.0149939606773335,0.009174106582367909,2000,0.9970130420437293,1.0329748793109377
14,0.3,False,1.0,adj_tol1,ref_mae_vs_T1,2.0242499208142206,0.004089917954213221,2000,2.016233828861009,2.0322660127674324
14,0.3,False,1.0,adj_tol2,p_adjudicated,0.298965,0.0015090487074646563,2000,0.29600731885912274,0.3019226811408772
14,0.3,False,1.0,adj_tol2,ref_ba_bias_vs_T1,1.0162917491137835,0.009160061908392131,2000,0.9983383575355637,1.0342451406920035
14,0.3,False,1.0,adj_tol2,ref_mae_vs_T1,1.9759197220882956,0.00409304107767636,2000,1.9678975089255286,1.9839419352510625
14,0.3,False,1.0,adj_tol3,p_adjudicated,0.1433375,0.0009447330613213325,2000,0.1414858572102004,0.1451891427897996
14,0.3,False,1.0,adj_tol3,ref_ba_bias_vs_T1,1.016511593828875,0.009070248425222477,2000,0.9987342334443822,1.0342889542133678
14,0.3,False,1.0,adj_tol3,ref_mae_vs_T1,1.9430662968918795,0.004079649872971438,2000,1.9350703300082508,1.9510622637755082
14,0.3,False,1.0,mean2,ref_ba_bias_vs_T1,1.0123625438954897,0.008978627321744937,2000,0.9947647575754532,1.0299603302155262
14,0.3,False,1.0,mean2,ref_mae_vs_T1,1.8774448877267886,0.004098199145763862,2000,1.8694125649362607,1.8854772105173165
14,0.3,False,1.0,single,ref_ba_bias_vs_T1,1.015892569966952,0.009130502838023438,2000,0.9979971131025284,1.033788026831376
14,0.3,False,1.0,single,ref_mae_vs_T1,2.0799078528233763,0.004127251629616372,2000,2.071818588210387,2.0879971174363656
15,0.3,True,0.0,R_img,ref_ba_bias_vs_T1,0.8919849725099399,0.004166426071650698,2000,0.8838189274008431,0.9001510176190367
15,0.3,True,0.0,R_img,ref_mae_vs_T1,1.9651337189795268,0.0031465887853220523,2000,1.9589665182374918,1.9713009197215619
15,0.3,True,0.0,adj_tol1,p_adjudicated,0.5919825,0.0014827475736141093,2000,0.5890763681346289,0.594888631865371
15,0.3,True,0.0,adj_tol1,ref_ba_bias_vs_T1,1.0937916831455108,0.008983932179193223,2000,1.0761834994958506,1.111399866795171
15,0.3,True,0.0,adj_tol1,ref_mae_vs_T1,2.0902737282998567,0.004259605496419435,2000,2.0819250548726727,2.0986224017270407
15,0.3,True,0.0,adj_tol2,p_adjudicated,0.30608749999999996,0.0014482277457902944,2000,0.30324902575444984,0.3089259742455501
15,0.3,True,0.0,adj_tol2,ref_ba_bias_vs_T1,1.0877485976411958,0.00894406035605009,2000,1.0702185613295105,1.105278633952881
15,0.3,True,0.0,adj_tol2,ref_mae_vs_T1,2.0409781184475255,0.004273156784894523,2000,2.0326028849827766,2.0493533519122744
15,0.3,True,0.0,adj_tol3,p_adjudicated,0.1525975,0.0009037788197078288,2000,0.15082612604941018,0.15436887395058982
15,0.3,True,0.0,adj_tol3,ref_ba_bias_vs_T1,1.083514841002545,0.008901400913717352,2000,1.0660684156620919,1.1009612663429982
15,0.3,True,0.0,adj_tol3,ref_mae_vs_T1,2.005931050780965,0.004260857174904956,2000,1.9975799241090098,2.0142821774529205
15,0.3,True,0.0,mean2,ref_ba_bias_vs_T1,1.0897536389457394,0.008775686541252723,2000,1.0725536092495995,1.1069536686418793
15,0.3,True,0.0,mean2,ref_mae_vs_T1,1.9374190403137619,0.00421196666111254,2000,1.929163737288781,1.9456743433387427
15,0.3,True,0.0,single,ref_ba_bias_vs_T1,1.093449960148487,0.008948928022507267,2000,1.0759103833857817,1.1109895369111924
15,0.3,True,0.0,single,ref_mae_vs_T1,2.1465896308120582,0.00424147691243647,2000,2.1382764887568517,2.1549027728672647
16,0.3,True,0.5,R_img,ref_ba_bias_vs_T1,0.8926581595790339,0.0041144218643244515,2000,0.8845940408441452,0.9007222783139227
16,0.3,True,0.5,R_img,ref_mae_vs_T1,1.9591662004900723,0.0031067830851524538,2000,1.9530770174873646,1.96525538349278
16,0.3,True,0.5,adj_tol1,p_adjudicated,0.5940925,0.0014865520139975457,2000,0.5911789115684374,0.5970060884315627
16,0.3,True,0.5,adj_tol1,ref_ba_bias_vs_T1,1.0934889880334535,0.009182638357976778,2000,1.0754913474268,1.111486628640107
16,0.3,True,0.5,adj_tol1,ref_mae_vs_T1,2.0911054681253747,0.00427618790400763,2000,2.0827242937762844,2.099486642474465
16,0.3,True,0.5,adj_tol2,p_adjudicated,0.3080575,0.0014533627312165551,2000,0.30520896136787384,0.3109060386321261
16,0.3,True,0.5,adj_tol2,ref_ba_bias_vs_T1,1.0876243563140264,0.009102198881978902,2000,1.0697843741845074,1.1054643384435454
16,0.3,True,0.5,adj_tol2,ref_mae_vs_T1,2.040718049972058,0.004223043363438578,2000,2.0324410370092796,2.0489950629348366
16,0.3,True,0.5,adj_tol3,p_adjudicated,0.1540525,0.0009182613864591775,2000,0.15225274073994993,0.15585225926005009
16,0.3,True,0.5,adj_tol3,ref_ba_bias_vs_T1,1.0842872509384203,0.008982868590036542,2000,1.066681151885218,1.1018933499916226
16,0.3,True,0.5,adj_tol3,ref_mae_vs_T1,2.0054962220538854,0.004198817547351541,2000,1.9972666908185082,2.013725753289263
16,0.3,True,0.5,mean2,ref_ba_bias_vs_T1,1.0866120852012184,0.008819463554160441,2000,1.069326254135752,1.1038979162666849
16,0.3,True,0.5,mean2,ref_mae_vs_T1,1.9375870907917387,0.004181118596470291,2000,1.9293922488629265,1.945781932720551
16,0.3,True,0.5,single,ref_ba_bias_vs_T1,1.0863884516386406,0.008990286330626828,2000,1.06876781408092,1.1040090891963612
16,0.3,True,0.5,single,ref_mae_vs_T1,2.1468964085005133,0.004146489696182157,2000,2.1387694379696254,2.1550233790314013
17,0.3,True,1.0,R_img,ref_ba_bias_vs_T1,0.8976143213862422,0.004281015664956484,2000,0.8892236847994914,0.906004957972993
17,0.3,True,1.0,R_img,ref_mae_vs_T1,1.967128577680778,0.0031746631809052186,2000,1.9609063521340784,1.9733508032274778
17,0.3,True,1.0,adj_tol1,p_adjudicated,0.5951500000000001,0.0014952112152766728,2000,0.5922194398456615,0.5980805601543386
17,0.3,True,1.0,adj_tol1,ref_ba_bias_vs_T1,1.1002731504607477,0.009157453337149585,2000,1.0823248715882547,1.1182214293332406
17,0.3,True,1.0,adj_tol1,ref_mae_vs_T1,2.0983642140316126,0.004411253703402639,2000,2.0897183155780765,2.1070101124851486
17,0.3,True,1.0,adj_tol2,p_adjudicated,0.3089075,0.0014907701599206548,2000,0.30598564415428126,0.31182935584571875
17,0.3,True,1.0,adj_tol2,ref_ba_bias_vs_T1,1.0988818141742904,0.009125715034081825,2000,1.0809957412332314,1.1167678871153495
17,0.3,True,1.0,adj_tol2,ref_mae_vs_T1,2.051000948478103,0.004402361714776377,2000,2.042372478002163,2.0596294189540427
17,0.3,True,1.0,adj_tol3,p_adjudicated,0.15451499999999999,0.0009354650901917631,2000,0.15268152209996738,0.1563484779000326
17,0.3,True,1.0,adj_tol3,ref_ba_bias_vs_T1,1.096111860545131,0.009017343190922148,2000,1.0784381925152784,1.1137855285749836
17,0.3,True,1.0,adj_tol3,ref_mae_vs_T1,2.016569871448478,0.00432075759070949,2000,2.0081013421179605,2.025038400778995
17,0.3,True,1.0,mean2,ref_ba_bias_vs_T1,1.0980353577166613,0.008848288229308117,2000,1.0806930313255936,1.115377684107729
17,0.3,True,1.0,mean2,ref_mae_vs_T1,1.9457626511153343,0.004307409205562482,2000,1.9373202841391632,1.9542050180915054
17,0.3,True,1.0,single,ref_ba_bias_vs_T1,1.0962275993322619,0.00893009061390126,2000,1.0787249432122774,1.1137302554522464
17,0.3,True,1.0,single,ref_mae_vs_T1,2.1539610281835677,0.004309181120256394,2000,2.1455151883183854,2.16240686804875
