cell,p_beat_cv,p_view_over,n_studies,n_patients,seed,ai,lam,sigma_ai_mm,ref,mse_true,mse_apparent,var_ref,bias_ref,cov_ai_ref,bias_ai,mse_apparent_closed_form,identity_abs_error,mae_true,mae_apparent,apparent_sd_within_mean,apparent_sd_within_mcse,mse_apparent_lambda_form,mse_true_lambda_form
9,0.15,True,2000,400000,"SeedSequence(20260920, spawn_key=(5, 9))",shared,0.0,1.0,single,1.0017885180144899,5.060655056197177,3.882063722630518,0.4156630244872927,-0.0029564781467930294,0.002268533110042503,5.060655056197177,0.0,0.7990886958470589,1.7224858709652133,2.1723158194658345,0.00378272231250545,5.054839472556442,1.0
9,0.15,True,2000,400000,"SeedSequence(20260920, spawn_key=(5, 9))",shared,0.0,1.0,mean2,1.0017885180144899,4.331541307694037,3.155642995203129,0.4151950901561876,-0.0018032996024529811,0.002268533110042503,4.331541307694036,8.881784197001252e-16,0.7990886958470589,1.5857053599649784,1.9995345245187337,0.0032847074198173636,4.328029958092935,1.0
9,0.15,True,2000,400000,"SeedSequence(20260920, spawn_key=(5, 9))",shared,0.0,1.0,R_img,1.0017885180144899,4.118804508095171,3.0725970862640546,0.2136322772103391,0.00012529113049898044,0.002268533110042503,4.118804508095171,0.0,0.7990886958470589,1.5285842726083332,2.012865981126844,0.0033604771493703717,4.118235836130131,1.0
9,0.15,True,2000,400000,"SeedSequence(20260920, spawn_key=(5, 9))",shared,0.5,1.0,single,1.7819574000717469,3.0836429666604968,3.882063722630518,0.4156630244872927,1.3312344884134975,0.10908467171521205,3.0836429666604963,4.440892098500626e-16,1.043210081034288,1.3802158186331397,1.6819991554255345,0.0029943484528350234,3.0772174599950364,1.7795589590325327
9,0.15,True,2000,400000,"SeedSequence(20260920, spawn_key=(5, 9))",shared,0.5,1.0,mean2,1.7819574000717469,2.4151713325998103,3.155642995203129,0.4151950901561876,1.3021165926749798,0.10908467171521205,2.4151713325998094,8.881784197001252e-16,1.043210081034288,1.2202726383870477,1.4734584253646572,0.002093528044807194,2.411050059973983,1.7795589590325327
9,0.15,True,2000,400000,"SeedSequence(20260920, spawn_key=(5, 9))",shared,0.5,1.0,R_img,1.7819574000717469,1.7807375540222978,3.0725970862640546,0.2136322772103391,1.5364238342625263,0.10908467171521205,1.780737554022298,2.220446049250313e-16,1.043210081034288,1.0427186980805987,1.3279312276996385,0.0017762834478360072,1.7795589590325327,1.7795589590325327
9,0.15,True,2000,400000,"SeedSequence(20260920, spawn_key=(5, 9))",shared,1.0,1.0,single,4.121244200194069,2.6657487951888803,3.882063722630518,0.4156630244872927,2.665425454973788,0.21590081032038158,2.6657487951888816,1.3322676295501878e-15,1.529181087944358,1.2801973961187922,1.5700832948796837,0.0029894234414278736,2.6587133654986954,4.118235836130131
9,0.15,True,2000,400000,"SeedSequence(20260920, spawn_key=(5, 9))",shared,1.0,1.0,mean2,4.121244200194069,2.0579192755706477,3.155642995203129,0.4151950901561876,2.606036484952413,0.21590081032038158,2.0579192755706472,4.440892098500626e-16,1.529181087944358,1.1263294700874187,1.3669773376248004,0.0019811132606049405,2.053188079920096,4.118235836130131
9,0.15,True,2000,400000,"SeedSequence(20260920, spawn_key=(5, 9))",shared,1.0,1.0,R_img,4.121244200194069,1.0017885180144899,3.0725970862640546,0.2136322772103391,3.072722377394554,0.21590081032038158,1.0017885180144903,4.440892098500626e-16,1.529181087944358,0.799088695847059,0.9996164357083503,0.0011131680283043516,1.0,4.118235836130131
9,0.15,True,2000,400000,"SeedSequence(20260920, spawn_key=(5, 9))",inherited,,1.0,single,1.1740492016210642,4.889274571561532,3.882063722630518,0.4156630244872927,-0.0019820971305230255,0.4132894636235846,4.889274571561531,8.881784197001252e-16,0.8664904478155165,1.6985322242270142,2.172138376097723,0.003798140778998139,,
9,0.15,True,2000,400000,"SeedSequence(20260920, spawn_key=(5, 9))",inherited,,1.0,mean2,1.1740492016210642,4.160428966910145,3.155642995203129,0.4151950901561876,-0.0007706597078699647,0.4132894636235846,4.160428966910144,8.881784197001252e-16,0.8664904478155165,1.5583696535035683,1.9993113480296607,0.0033022840559682994,,
9,0.15,True,2000,400000,"SeedSequence(20260920, spawn_key=(5, 9))",inherited,,1.0,R_img,1.1740492016210642,4.118061975644856,3.0725970862640546,0.2136322772103391,-0.0011804382077766358,0.4132894636235846,4.1180619756448555,8.881784197001252e-16,0.8664904478155165,1.5456077680652542,2.0137987327004723,0.003381478244278701,,
9,0.15,True,2000,400000,"SeedSequence(20260920, spawn_key=(5, 9))",shared,0.0,2.0,single,4.0071540720579595,8.070047675866894,3.882063722630518,0.4156630244872927,-0.005912956293586059,0.004537066220085006,8.070047675866894,0.0,1.5981773916941178,2.2271218588371675,2.78009460061967,0.003862923855953876,8.054839472556441,4.0
9,0.15,True,2000,400000,"SeedSequence(20260920, spawn_key=(5, 9))",shared,0.0,2.0,mean2,4.0071540720579595,7.338629693324121,3.155642995203129,0.4151950901561876,-0.0036065992049059623,0.004537066220085006,7.33862969332412,8.881784197001252e-16,1.5981773916941178,2.1239794651844535,2.6464782622003455,0.003515700843286298,7.328029958092935,4.0
9,0.15,True,2000,400000,"SeedSequence(20260920, spawn_key=(5, 9))",shared,0.0,2.0,R_img,4.0071540720579595,7.122950216089191,3.0725970862640546,0.2136322772103391,0.0002505822609979609,0.004537066220085006,7.122950216089191,0.0,1.5981773916941178,2.085437396161197,2.655862455399277,0.0035525668956720145,7.118235836130131,4.0
9,0.15,True,2000,400000,"SeedSequence(20260920, spawn_key=(5, 9))",shared,0.5,2.0,single,4.787932877139941,6.093645509354938,3.882063722630518,0.4156630244872927,1.3282780102667044,0.11135320482525454,6.093645509354937,8.881784197001252e-16,1.740409931043295,1.9614695880407456,2.416365985388627,0.003136504156802092,6.077217459995036,4.779558959032532
9,0.15,True,2000,400000,"SeedSequence(20260920, spawn_key=(5, 9))",shared,0.5,2.0,mean2,4.787932877139941,5.422869641254619,3.155642995203129,0.4151950901561876,1.300313293072527,0.11135320482525454,5.422869641254616,2.6645352591003757e-15,1.740409931043295,1.852355143838392,2.2747643852169204,0.002682735339955324,5.411050059973983,4.779558959032532
9,0.15,True,2000,400000,"SeedSequence(20260920, spawn_key=(5, 9))",shared,0.5,2.0,R_img,4.787932877139941,4.785493185041044,3.0725970862640546,0.2136322772103391,1.5365491253930255,0.11135320482525454,4.785493185041043,8.881784197001252e-16,1.740409931043295,1.739881200600076,2.1821882672814774,0.0025149123453917593,4.779558959032532,4.779558959032532
9,0.15,True,2000,400000,"SeedSequence(20260920, spawn_key=(5, 9))",shared,1.0,2.0,single,7.127829600286987,5.676361260908045,3.882063722630518,0.4156630244872927,2.662468976826995,0.2181693434304241,5.6763612609080445,8.881784197001252e-16,2.086420162068576,1.8928455101524584,2.340093463242508,0.003057232640069582,5.658713365498695,7.118235836130131
9,0.15,True,2000,400000,"SeedSequence(20260920, spawn_key=(5, 9))",shared,1.0,2.0,mean2,7.127829600286987,5.06622750725018,3.155642995203129,0.4151950901561876,2.6042331853499596,0.2181693434304241,5.066227507250178,1.7763568394002505e-15,2.086420162068576,1.7909864951701986,2.2073812078938744,0.002578404938205907,5.053188079920096,7.118235836130131
9,0.15,True,2000,400000,"SeedSequence(20260920, spawn_key=(5, 9))",shared,1.0,2.0,R_img,7.127829600286987,4.0071540720579595,3.0725970862640546,0.2136322772103391,3.0728476685250525,0.2181693434304241,4.00715407205796,8.881784197001252e-16,2.086420162068576,1.5981773916941178,1.9992328714167007,0.002226336056608703,4.0,7.118235836130131
9,0.15,True,2000,400000,"SeedSequence(20260920, spawn_key=(5, 9))",inherited,,2.0,single,4.18134924204252,7.900601677609234,3.882063722630518,0.4156630244872927,-0.004938575277316057,0.4155579967336271,7.900601677609234,0.0,1.6325816111258793,2.207081652232754,2.779981640568194,0.0038731350583933026,,
9,0.15,True,2000,400000,"SeedSequence(20260920, spawn_key=(5, 9))",inherited,,2.0,mean2,4.18134924204252,7.1694518389182145,3.155642995203129,0.4151950901561876,-0.002573959310322946,0.4155579967336271,7.169451838918214,8.881784197001252e-16,1.6325816111258793,2.1023697375155956,2.6463375032739074,0.003526433465120698,,
9,0.15,True,2000,400000,"SeedSequence(20260920, spawn_key=(5, 9))",inherited,,2.0,R_img,4.18134924204252,7.124142170016862,3.0725970862640546,0.2136322772103391,-0.0010551470772776537,0.4155579967336271,7.124142170016863,8.881784197001252e-16,1.6325816111258793,2.0928032435637234,2.6565987477724304,0.00356623283049675,,
9,0.15,True,2000,400000,"SeedSequence(20260920, spawn_key=(5, 9))",shared,0.0,3.0,single,9.01609666213041,13.08301733156559,3.882063722630518,0.4156630244872927,-0.008869434440379088,0.006805599330127512,13.08301733156559,0.0,2.3972660875411766,2.8653921026835487,3.568629131289639,0.0043747320611606235,13.054839472556441,9.0
9,0.15,True,2000,400000,"SeedSequence(20260920, spawn_key=(5, 9))",shared,0.0,3.0,mean2,9.01609666213041,12.349295114983184,3.155642995203129,0.4151950901561876,-0.005409898807358938,0.006805599330127512,12.349295114983184,0.0,2.3972660875411766,2.7855144912618632,3.4650086213875957,0.004156729844715242,12.328029958092936,9.0
9,0.15,True,2000,400000,"SeedSequence(20260920, spawn_key=(5, 9))",shared,0.0,3.0,R_img,9.01609666213041,12.130672960112193,3.0725970862640546,0.2136322772103391,0.00037587339149694173,0.006805599330127512,12.130672960112195,1.7763568394002505e-15,2.3972660875411766,2.757066215634992,3.471612816847541,0.0041717295255863564,12.11823583613013,9.0
9,0.15,True,2000,400000,"SeedSequence(20260920, spawn_key=(5, 9))",shared,0.5,3.0,single,9.797485390237116,11.107225088078359,3.882063722630518,0.4156630244872927,1.3253215321199112,0.11362173793529706,11.107225088078359,0.0,2.496343256917811,2.656403206408376,3.293002769319356,0.003840788627896379,11.077217459995037,9.779558959032533
9,0.15,True,2000,400000,"SeedSequence(20260920, spawn_key=(5, 9))",shared,0.5,3.0,mean2,9.797485390237116,10.434144985938405,3.155642995203129,0.4151950901561876,1.298509993470074,0.11362173793529706,10.434144985938405,0.0,2.496343256917811,2.576420117138154,3.1898858623415998,0.0036124919773912315,10.411050059973983,9.779558959032533
9,0.15,True,2000,400000,"SeedSequence(20260920, spawn_key=(5, 9))",shared,0.5,3.0,R_img,9.797485390237116,9.79382585208877,3.0725970862640546,0.2136322772103391,1.5366744165235242,0.11362173793529706,9.79382585208877,0.0,2.496343256917811,2.4958974790968345,3.123818918089629,0.0035111981578797866,9.779558959032533,9.779558959032533
9,0.15,True,2000,400000,"SeedSequence(20260920, spawn_key=(5, 9))",shared,1.0,3.0,single,12.137992036408884,10.690550762656189,3.882063722630518,0.4156630244872927,2.659512498680202,0.2204378765404666,10.69055076265619,1.7763568394002505e-15,2.758417491025657,2.6061714601649735,3.2375052950350436,0.0037689989060728964,10.658713365498695,12.11823583613013
9,0.15,True,2000,400000,"SeedSequence(20260920, spawn_key=(5, 9))",shared,1.0,3.0,mean2,12.137992036408884,10.078112774958692,3.155642995203129,0.4151950901561876,2.6024298857475068,0.2204378765404666,10.078112774958688,3.552713678800501e-15,2.758417491025657,2.5322979520743547,3.142214412293664,0.0035419989673039715,10.053188079920096,12.11823583613013
9,0.15,True,2000,400000,"SeedSequence(20260920, spawn_key=(5, 9))",shared,1.0,3.0,R_img,12.137992036408884,9.01609666213041,3.0725970862640546,0.2136322772103391,3.072972959655552,0.2204378765404666,9.016096662130408,1.7763568394002505e-15,2.758417491025657,2.3972660875411766,2.9988493071250515,0.0033395040849130545,9.0,12.11823583613013
9,0.15,True,2000,400000,"SeedSequence(20260920, spawn_key=(5, 9))",inherited,,3.0,single,9.192226318492956,12.915505819685915,3.882063722630518,0.4156630244872927,-0.007895053424109089,0.4178265298436697,12.915505819685917,1.7763568394002505e-15,2.4205392630286116,2.8489171470631436,3.5685563407356278,0.004381384879432805,,
9,0.15,True,2000,400000,"SeedSequence(20260920, spawn_key=(5, 9))",inherited,,3.0,mean2,9.192226318492956,12.182051746955263,3.155642995203129,0.4151950901561876,-0.00437725891277593,0.4178265298436697,12.182051746955263,0.0,2.4205392630286116,2.7683261202494176,3.4649165910328175,0.004163399079458088,,
9,0.15,True,2000,400000,"SeedSequence(20260920, spawn_key=(5, 9))",inherited,,3.0,R_img,9.192226318492956,12.133799400417852,3.0725970862640546,0.2136322772103391,-0.0009298559467786774,0.4178265298436697,12.13379940041785,1.7763568394002505e-15,2.4205392630286116,2.760760081259642,3.4721925222022647,0.004180577056743255,,
0,0.05,False,500,100000,"SeedSequence(20260920, spawn_key=(5, 0))",shared,0.0,1.0,single,1.0009537982117214,3.442814708582674,2.430442769374818,-0.10736387177878831,0.00020981305600947963,0.0014472566035163192,3.4428147085826746,4.440892098500626e-16,0.7975248935824969,1.4562373288433947,1.8097012094961946,0.006269102242303451,3.441969770338149,1.0
0,0.05,False,500,100000,"SeedSequence(20260920, spawn_key=(5, 0))",shared,0.0,1.0,mean2,1.0009537982117214,3.0074994131215638,1.9926298574391363,-0.10812814462547918,-0.0009555417339436127,0.0014472566035163192,3.0074994131215638,0.0,0.7975248935824969,1.3551391905607468,1.687071292789649,0.004801333461763814,3.004321553099284,1.0
0,0.05,False,500,100000,"SeedSequence(20260920, spawn_key=(5, 0))",shared,0.0,1.0,R_img,1.0009537982117214,2.671754906390257,1.5755264399315492,-0.30871434003942205,0.0004617266167170652,0.0014472566035163192,2.6717549063902566,4.440892098500626e-16,0.7975248935824969,1.2708568411727148,1.6018109197020762,0.004395053227820888,2.670830983677525,1.0
0,0.05,False,500,100000,"SeedSequence(20260920, spawn_key=(5, 0))",shared,0.5,1.0,single,1.4186764818805975,2.282631168926392,2.430442769374818,-0.10736387177878831,0.7725905413084558,-0.15290991341619473,2.2826311689263914,4.440892098500626e-16,0.9427211605604051,1.2004241923736172,1.4575051871058913,0.0061454597509855505,2.2817712929323726,1.4177077459193812
0,0.05,False,500,100000,"SeedSequence(20260920, spawn_key=(5, 0))",shared,0.5,1.0,mean2,1.4186764818805975,1.8447512264799983,1.9926298574391363,-0.10812814462547918,0.772589539017406,-0.15290991341619473,1.8447512264799992,8.881784197001252e-16,0.9427211605604051,1.0794551825775007,1.3026717843758029,0.003727206229196474,1.8415584287082245,1.4177077459193812
0,0.05,False,500,100000,"SeedSequence(20260920, spawn_key=(5, 0))",shared,0.5,1.0,R_img,1.4186764818805975,1.4186466063816077,1.5755264399315492,-0.30871434003942205,0.7882249465824919,-0.15290991341619473,1.4186466063816072,4.440892098500626e-16,0.9427211605604051,0.9442036040111059,1.1792158204758854,0.0027482242272972267,1.4177077459193812,1.4177077459193812
0,0.05,False,500,100000,"SeedSequence(20260920, spawn_key=(5, 0))",shared,1.0,1.0,single,2.6718146573882358,1.957863121108872,2.430442769374818,-0.10736387177878831,1.5449712695609021,-0.30726708343590575,1.957863121108872,0.0,1.2685240049067898,1.1133692432094635,1.3264355395963585,0.006317143158889572,1.9569883073653582,2.670830983677525
0,0.05,False,500,100000,"SeedSequence(20260920, spawn_key=(5, 0))",shared,1.0,1.0,mean2,2.6718146573882358,1.5174185316771958,1.9926298574391363,-0.10812814462547918,1.5461346197687558,-0.30726708343590575,1.5174185316771953,4.440892098500626e-16,1.2685240049067898,0.9817386538305776,1.1539165506397366,0.003518096333512748,1.5142107961559272,2.670830983677525
0,0.05,False,500,100000,"SeedSequence(20260920, spawn_key=(5, 0))",shared,1.0,1.0,R_img,2.6718146573882358,1.0009537982117214,1.5755264399315492,-0.30871434003942205,1.5759881665482662,-0.30726708343590575,1.0009537982117207,6.661338147750939e-16,1.2685240049067898,0.7975248935824969,0.9992030754154195,0.0022086470402561866,1.0,2.670830983677525
0,0.05,False,500,100000,"SeedSequence(20260920, spawn_key=(5, 0))",inherited,,1.0,single,1.0668646496415872,3.384565884542825,2.430442769374818,-0.10736387177878831,0.050130074984276844,-0.11180849326030935,3.384565884542825,0.0,0.8226698405659209,1.4432294107773824,1.79698893207728,0.006249773037821811,,
0,0.05,False,500,100000,"SeedSequence(20260920, spawn_key=(5, 0))",inherited,,1.0,mean2,1.0668646496415872,2.9486280126361475,1.9926298574391363,-0.10812814462547918,0.04918945012275462,-0.11180849326030935,2.9486280126361475,0.0,0.8226698405659209,1.3406803613741196,1.6732704835739054,0.0047838404523376215,,
0,0.05,False,500,100000,"SeedSequence(20260920, spawn_key=(5, 0))",inherited,,1.0,R_img,1.0668646496415872,2.6045916092933314,1.5755264399315492,-0.30871434003942205,0.032035126805232156,-0.11180849326030935,2.604591609293331,4.440892098500626e-16,0.8226698405659209,1.2564080570084954,1.5987523408545197,0.004415405273597171,,
0,0.05,False,500,100000,"SeedSequence(20260920, spawn_key=(5, 0))",shared,0.0,2.0,single,4.0038151928468855,6.4455672432506415,2.430442769374818,-0.10736387177878831,0.00041962611201895925,0.0028945132070326385,6.4455672432506415,0.0,1.5950497871649938,2.0150762525689743,2.5048490880818717,0.006711987998120303,6.441969770338149,4.0
0,0.05,False,500,100000,"SeedSequence(20260920, spawn_key=(5, 0))",shared,0.0,2.0,mean2,4.0038151928468855,6.012584869567285,1.9926298574391363,-0.10812814462547918,-0.0019110834678872253,0.0028945132070326385,6.012584869567286,8.881784197001252e-16,1.5950497871649938,1.9457907301568071,2.4175395570374847,0.005849266994421492,6.004321553099285,4.0
0,0.05,False,500,100000,"SeedSequence(20260920, spawn_key=(5, 0))",shared,0.0,2.0,R_img,4.0038151928468855,5.674586425526431,1.5755264399315492,-0.30871434003942205,0.0009234532334341304,0.0028945132070326385,5.674586425526431,0.0,1.5950497871649938,1.8884072080222118,2.3584316409517707,0.005496448454594453,5.670830983677525,4.0
0,0.05,False,500,100000,"SeedSequence(20260920, spawn_key=(5, 0))",shared,0.5,2.0,single,4.421552814265257,5.285398641343853,2.430442769374818,-0.10736387177878831,0.7728003543644653,-0.1514626568126784,5.285398641343854,8.881784197001252e-16,1.6739506206097896,1.8312964145697594,2.2641347117988397,0.006222776604969208,5.281771292932373,4.417707745919381
0,0.05,False,500,100000,"SeedSequence(20260920, spawn_key=(5, 0))",shared,0.5,2.0,mean2,4.421552814265257,4.8498516206752145,1.9926298574391363,-0.10812814462547918,0.7716339972834624,-0.1514626568126784,4.849851620675217,2.6645352591003757e-15,1.6739506206097896,1.7557560959643908,2.1668185319890827,0.00510083228717969,4.8415584287082245,4.417707745919381
0,0.05,False,500,100000,"SeedSequence(20260920, spawn_key=(5, 0))",shared,0.5,2.0,R_img,4.421552814265257,4.4214930632672775,1.5755264399315492,-0.30871434003942205,0.7886866731992087,-0.1514626568126784,4.4214930632672775,0.0,1.6739506206097896,1.6761430058640079,2.0942269402504645,0.004633393581487844,4.417707745919381,4.417707745919381
0,0.05,False,500,100000,"SeedSequence(20260920, spawn_key=(5, 0))",shared,1.0,2.0,single,5.67470592752239,4.960645531275829,2.430442769374818,-0.10736387177878831,1.5451810826169117,-0.30581982683238945,4.960645531275828,8.881784197001252e-16,1.8854423211208102,1.7736647139263368,2.1825492543250813,0.006109805923748353,4.956988307365358,5.670830983677525
0,0.05,False,500,100000,"SeedSequence(20260920, spawn_key=(5, 0))",shared,1.0,2.0,mean2,5.67470592752239,4.5225338636219075,1.9926298574391363,-0.10812814462547918,1.545179078034812,-0.30581982683238945,4.522533863621908,8.881784197001252e-16,1.8854423211208102,1.6948122674722836,2.080911205374526,0.0049141811620910195,4.514210796155927,5.670830983677525
0,0.05,False,500,100000,"SeedSequence(20260920, spawn_key=(5, 0))",shared,1.0,2.0,R_img,5.67470592752239,4.0038151928468855,1.5755264399315492,-0.30871434003942205,1.5764498931649837,-0.30581982683238945,4.003815192846885,8.881784197001252e-16,1.8854423211208102,1.5950497871649938,1.998406150830839,0.004417294080512372,4.0,5.670830983677525
0,0.05,False,500,100000,"SeedSequence(20260920, spawn_key=(5, 0))",inherited,,2.0,single,4.065163229235989,6.38275560417003,2.430442769374818,-0.10736387177878831,0.050339888040286315,-0.11036123665679302,6.38275560417003,0.0,1.6068740787696034,2.0053791946831527,2.4948715262695376,0.006674609394213371,,
0,0.05,False,500,100000,"SeedSequence(20260920, spawn_key=(5, 0))",inherited,,2.0,mean2,4.065163229235989,5.949150654041107,1.9926298574391363,-0.10812814462547918,0.048233908388811,-0.11036123665679302,5.949150654041108,8.881784197001252e-16,1.6068740787696034,1.9355796760060824,2.4070991542429514,0.0058058261882422005,,
0,0.05,False,500,100000,"SeedSequence(20260920, spawn_key=(5, 0))",inherited,,2.0,R_img,4.065163229235989,5.602860313388744,1.5755264399315492,-0.30871434003942205,0.03249685342194922,-0.11036123665679302,5.602860313388743,8.881784197001252e-16,1.6068740787696034,1.8775965563495545,2.355533316228054,0.005459534217544421,,
0,0.05,False,500,100000,"SeedSequence(20260920, spawn_key=(5, 0))",shared,0.0,3.0,single,9.008584183905493,11.45022737434205,2.430442769374818,-0.10736387177878831,0.0006294391680284366,0.004341769810548955,11.45022737434205,0.0,2.3925746807474906,2.6939195066306354,3.3568668053325275,0.008007485298220249,11.44196977033815,9.0
0,0.05,False,500,100000,"SeedSequence(20260920, spawn_key=(5, 0))",shared,0.0,3.0,mean2,9.008584183905493,11.01957792243645,1.9926298574391363,-0.10812814462547918,-0.002866625201830846,0.004341769810548955,11.01957792243645,0.0,2.3925746807474906,2.6440556210779698,3.292236473598658,0.007529309437033332,11.004321553099285,9.0
0,0.05,False,500,100000,"SeedSequence(20260920, spawn_key=(5, 0))",shared,0.0,3.0,R_img,9.008584183905493,10.679325541086051,1.5755264399315492,-0.30871434003942205,0.0013851798501511873,0.004341769810548955,10.67932554108605,1.7763568394002505e-15,2.3925746807474906,2.6018720021046313,3.2487646770363607,0.007263021885968805,10.670830983677526,9.0
0,0.05,False,500,100000,"SeedSequence(20260920, spawn_key=(5, 0))",shared,0.5,3.0,single,9.426336743073358,10.290073710184759,2.430442769374818,-0.10736387177878831,0.7730101674204748,-0.15001540020916207,10.290073710184757,1.7763568394002505e-15,2.445795896764771,2.5568440614132695,3.1813683480610004,0.007579626589928809,10.281771292932374,9.417707745919381
0,0.05,False,500,100000,"SeedSequence(20260920, spawn_key=(5, 0))",shared,0.5,3.0,mean2,9.426336743073358,9.856859611293874,1.9926298574391363,-0.10812814462547918,0.7706784555495189,-0.15001540020916207,9.856859611293874,0.0,2.445795896764771,2.5036969355364995,3.112750187105198,0.00704321691128504,9.841558428708225,9.417707745919381
0,0.05,False,500,100000,"SeedSequence(20260920, spawn_key=(5, 0))",shared,0.5,3.0,R_img,9.426336743073358,9.42624711657639,1.5755264399315492,-0.30871434003942205,0.7891483998159258,-0.15001540020916207,9.42624711657639,0.0,2.445795896764771,2.4480162747916125,3.062291179052498,0.006749787982413663,9.417707745919381,9.417707745919381
0,0.05,False,500,100000,"SeedSequence(20260920, spawn_key=(5, 0))",shared,1.0,3.0,single,10.679504794079987,9.965335537866228,2.430442769374818,-0.10736387177878831,1.545390895672921,-0.3043725702288731,9.965335537866228,0.0,2.5984205723011704,2.515275943992498,3.1239078669205056,0.007468659590565096,9.956988307365359,10.670830983677526
0,0.05,False,500,100000,"SeedSequence(20260920, spawn_key=(5, 0))",shared,1.0,3.0,mean2,10.679504794079987,9.529556791990062,1.9926298574391363,-0.10812814462547918,1.5442235363008687,-0.3043725702288731,9.52955679199006,1.7763568394002505e-15,2.5984205723011704,2.460556399208141,3.0536078758537486,0.006927207485655468,9.514210796155927,10.670830983677526
0,0.05,False,500,100000,"SeedSequence(20260920, spawn_key=(5, 0))",shared,1.0,3.0,R_img,10.679504794079987,9.008584183905493,1.5755264399315492,-0.30871434003942205,1.5769116197817008,-0.3043725702288731,9.008584183905493,0.0,2.5984205723011704,2.3925746807474906,2.9976092262462584,0.006625941120768559,9.0,10.670830983677526
0,0.05,False,500,100000,"SeedSequence(20260920, spawn_key=(5, 0))",inherited,,3.0,single,9.065369405253835,11.38285292022068,2.430442769374818,-0.10736387177878831,0.05054970109629579,-0.10891398005327672,11.382852920220676,3.552713678800501e-15,2.3997970284108647,2.686886147893875,3.3488008972607424,0.007980897649382302,,
0,0.05,False,500,100000,"SeedSequence(20260920, spawn_key=(5, 0))",inherited,,3.0,mean2,9.065369405253835,10.95158089186951,1.9926298574391363,-0.10812814462547918,0.0472783666548674,-0.10891398005327672,10.95158089186951,0.0,2.3997970284108647,2.6363399270134127,3.2839420682207403,0.007496895591883349,,
0,0.05,False,500,100000,"SeedSequence(20260920, spawn_key=(5, 0))",inherited,,3.0,R_img,9.065369405253835,10.6030366139076,1.5755264399315492,-0.30871434003942205,0.03295858003866629,-0.10891398005327672,10.6030366139076,0.0,2.3997970284108647,2.5934701843470753,3.2460275850816007,0.0072281332666684645,,
3,0.05,True,500,100000,"SeedSequence(20260920, spawn_key=(5, 3))",shared,0.0,1.0,single,1.0061126091942107,3.831657932113313,2.8148168630953085,0.07154025296092932,-0.0026618859855029814,-0.002003627658617564,3.8316579321133126,4.440892098500626e-16,0.8000771871266746,1.5212313996713038,1.9163719182375076,0.006602137755097224,3.8199348708890217,1.0
3,0.05,True,500,100000,"SeedSequence(20260920, spawn_key=(5, 3))",shared,0.0,1.0,mean2,1.0061126091942107,3.3407715382718655,2.3293594527701615,0.07368894764806659,0.000212937562635218,-0.002003627658617564,3.3407715382718655,0.0,0.8000771871266746,1.4124621763307537,1.7854441614410421,0.005439275309275244,3.334789513775641,1.0
3,0.05,True,500,100000,"SeedSequence(20260920, spawn_key=(5, 3))",shared,0.0,1.0,R_img,1.0061126091942107,3.04715654628453,2.025483343548969,-0.09504305866520307,-0.0034541361715571144,-0.002003627658617564,3.047156546284529,8.881784197001252e-16,0.8000771871266746,1.3373241182385214,1.7385679715124305,0.005735947519626771,3.0345165265494067,1.0
3,0.05,True,500,100000,"SeedSequence(20260920, spawn_key=(5, 3))",shared,0.5,1.0,single,1.5114780355611066,2.4143884460381826,2.8148168630953085,0.07154025296092932,0.9620552724650546,-0.0495251569912191,2.414388446038182,4.440892098500626e-16,0.9697806676667923,1.2319216314466785,1.4990278733315112,0.005944904725385784,2.4059290900843475,1.5086291316373517
3,0.05,True,500,100000,"SeedSequence(20260920, spawn_key=(5, 3))",shared,0.5,1.0,mean2,1.5114780355611066,1.948715814886083,2.3293594527701615,0.07368894764806659,0.9524253239261207,-0.0495251569912191,1.9487158148860828,2.220446049250313e-16,0.9697806676667923,1.104198304853344,1.3384508779960247,0.003675159139469958,1.945997495660314,1.5086291316373517
3,0.05,True,500,100000,"SeedSequence(20260920, spawn_key=(5, 3))",shared,0.5,1.0,R_img,1.5114780355611066,1.5180054461020185,2.025483343548969,-0.09504305866520307,1.0092875356029276,-0.0495251569912191,1.518005446102018,4.440892098500626e-16,0.9697806676667923,0.9715915612146284,1.2292296107731917,0.003204604734959372,1.5086291316373517,1.5086291316373517
3,0.05,True,500,100000,"SeedSequence(20260920, spawn_key=(5, 3))",shared,1.0,1.0,single,3.0341017252027056,2.014377223237755,2.8148168630953085,0.07154025296092932,1.9267724309156122,-0.09704668632382062,2.0143772232377555,4.440892098500626e-16,1.3356774057792116,1.1266671991528752,1.3523652320718396,0.00618149060620959,2.0091815725543762,3.0345165265494067
3,0.05,True,500,100000,"SeedSequence(20260920, spawn_key=(5, 3))",shared,1.0,1.0,mean2,3.0341017252027056,1.5739183547750037,2.3293594527701615,0.07368894764806659,1.904637710289606,-0.09704668632382062,1.573918354775003,6.661338147750939e-16,1.3356774057792116,0.9949449586200112,1.1833430527533046,0.003541004386048458,1.5744637408196909,3.0345165265494067
3,0.05,True,500,100000,"SeedSequence(20260920, spawn_key=(5, 3))",shared,1.0,1.0,R_img,3.0341017252027056,1.0061126091942107,2.025483343548969,-0.09504305866520307,2.0220292073774124,-0.09704668632382062,1.0061126091942096,1.1102230246251565e-15,1.3356774057792116,0.8000771871266746,1.0016965169599585,0.002273006154753393,1.0,3.0345165265494067
3,0.05,True,500,100000,"SeedSequence(20260920, spawn_key=(5, 3))",inherited,,1.0,single,1.0466514279233008,3.7987839631571654,2.8148168630953085,0.07154025296092932,0.027056352094669056,0.0956778240167486,3.7987839631571663,8.881784197001252e-16,0.8164299608157054,1.5140884460480377,1.908919804722877,0.006711130497649485,,
3,0.05,True,500,100000,"SeedSequence(20260920, spawn_key=(5, 3))",inherited,,1.0,mean2,1.0466514279233008,3.308778172704972,2.3293594527701615,0.07368894764806659,0.029280986331933444,0.0956778240167486,3.3087781727049723,4.440892098500626e-16,0.8164299608157054,1.4051483720554139,1.7778388765877007,0.0055585023750520145,,
3,0.05,True,500,100000,"SeedSequence(20260920, spawn_key=(5, 3))",inherited,,1.0,R_img,1.0466514279233008,3.0744169745841505,2.025483343548969,-0.09504305866520307,0.012469002985261176,0.0956778240167486,3.07441697458415,4.440892098500626e-16,0.8164299608157054,1.3487488959174248,1.738176375194529,0.005905741272997114,,
3,0.05,True,500,100000,"SeedSequence(20260920, spawn_key=(5, 3))",shared,0.0,2.0,single,4.024450436776843,6.855606211726025,2.8148168630953085,0.07154025296092932,-0.005323771971005963,-0.004007255317235128,6.855606211726025,0.0,1.6001543742533493,2.0707306840219655,2.5873700001851185,0.006932615585143463,6.819934870889022,4.0
3,0.05,True,500,100000,"SeedSequence(20260920, spawn_key=(5, 3))",shared,0.0,2.0,mean2,4.024450436776843,6.358978781156512,2.3293594527701615,0.07368894764806659,0.000425875125270436,-0.004007255317235128,6.358978781156511,1.7763568394002505e-15,1.6001543742533493,1.992009207376369,2.4902598140331094,0.0062651362669962725,6.3347895137756405,4.0
3,0.05,True,500,100000,"SeedSequence(20260920, spawn_key=(5, 3))",shared,0.0,2.0,R_img,4.024450436776843,6.072021784408074,2.025483343548969,-0.09504305866520307,-0.006908272343114229,-0.004007255317235128,6.072021784408072,1.7763568394002505e-15,1.6001543742533493,1.9431831224292573,2.4584592215463834,0.006409209469918744,6.034516526549407,4.0
3,0.05,True,500,100000,"SeedSequence(20260920, spawn_key=(5, 3))",shared,0.5,2.0,single,4.526552157873284,5.43507302038044,2.8148168630953085,0.07154025296092932,0.9593933864795515,-0.05152878464983665,5.4350730203804405,8.881784197001252e-16,1.6949007039364201,1.8582301063003703,2.294826606033743,0.006161573916257845,5.4059290900843475,4.508629131637352
3,0.05,True,500,100000,"SeedSequence(20260920, spawn_key=(5, 3))",shared,0.5,2.0,mean2,4.526552157873284,4.963659352500273,2.3293594527701615,0.07368894764806659,0.9526382614887559,-0.05152878464983665,4.963659352500273,0.0,1.6949007039364201,1.7732609746376222,2.1907563615299592,0.005182649455754979,4.945997495660314,4.508629131637352
3,0.05,True,500,100000,"SeedSequence(20260920, spawn_key=(5, 3))",shared,0.5,2.0,R_img,4.526552157873284,4.539606978955107,2.025483343548969,-0.09504305866520307,1.0058333994313704,-0.05152878464983665,4.539606978955106,8.881784197001252e-16,1.6949007039364201,1.6968292983930016,2.127351777389067,0.004946015043451128,4.508629131637352,4.508629131637352
3,0.05,True,500,100000,"SeedSequence(20260920, spawn_key=(5, 3))",shared,1.0,2.0,single,6.045912142244426,5.031798092309557,2.8148168630953085,0.07154025296092932,1.9241105449301092,-0.0990503139824382,5.031798092309556,8.881784197001252e-16,1.9395613353335845,1.788335217324816,2.2013581298798437,0.006114169536420731,5.009181572554376,6.034516526549407
3,0.05,True,500,100000,"SeedSequence(20260920, spawn_key=(5, 3))",shared,1.0,2.0,mean2,6.045912142244426,4.585598187118738,2.3293594527701615,0.07368894764806659,1.9048506478522413,-0.0990503139824382,4.5855981871187375,8.881784197001252e-16,1.9395613353335845,1.7059279031468984,2.098757758203544,0.005028707265626946,4.574463740819691,6.034516526549407
3,0.05,True,500,100000,"SeedSequence(20260920, spawn_key=(5, 3))",shared,1.0,2.0,R_img,6.045912142244426,4.024450436776843,2.025483343548969,-0.09504305866520307,2.018575071205855,-0.0990503139824382,4.024450436776842,8.881784197001252e-16,1.9395613353335845,1.6001543742533493,2.003393033919917,0.004546012309506786,4.0,6.034516526549407
3,0.05,True,500,100000,"SeedSequence(20260920, spawn_key=(5, 3))",inherited,,2.0,single,4.067478333503863,6.825221320767808,2.8148168630953085,0.07154025296092932,0.02439446610916607,0.09367419635813105,6.825221320767808,0.0,1.6092356210100387,2.0657516246063317,2.5824487960920455,0.006999438418946655,,
3,0.05,True,500,100000,"SeedSequence(20260920, spawn_key=(5, 3))",inherited,,2.0,mean2,4.067478333503863,6.329474493587549,2.3293594527701615,0.07368894764806659,0.02949392389456866,0.09367419635813105,6.329474493587548,8.881784197001252e-16,1.6092356210100387,1.9876713928431797,2.4854311535314006,0.00632652256828448,,
3,0.05,True,500,100000,"SeedSequence(20260920, spawn_key=(5, 3))",inherited,,2.0,R_img,4.067478333503863,6.101771290705625,2.025483343548969,-0.09504305866520307,0.00901486681370406,0.09367419635813105,6.101771290705624,8.881784197001252e-16,1.6092356210100387,1.949214121316779,2.4588250060629964,0.006507184916376787,,
3,0.05,True,500,100000,"SeedSequence(20260920, spawn_key=(5, 3))",shared,0.0,3.0,single,9.0550134827479,11.891779709727158,2.8148168630953085,0.07154025296092932,-0.00798565795650894,-0.006010882975852685,11.89177970972716,1.7763568394002505e-15,2.400231561380024,2.742646456769728,3.423489697376468,0.008298847011296458,11.819934870889023,9.0
3,0.05,True,500,100000,"SeedSequence(20260920, spawn_key=(5, 3))",shared,0.0,3.0,mean2,9.0550134827479,11.38941124242958,2.3293594527701615,0.07368894764806659,0.0006388126879056517,-0.006010882975852685,11.389411242429581,1.7763568394002505e-15,2.400231561380024,2.682120297296032,3.349627869617987,0.007923528371608679,11.334789513775641,9.0
3,0.05,True,500,100000,"SeedSequence(20260920, spawn_key=(5, 3))",shared,0.0,3.0,R_img,9.0550134827479,11.10911224092004,2.025483343548969,-0.09504305866520307,-0.01036240851467134,-0.006010882975852685,11.109112240920041,1.7763568394002505e-15,2.400231561380024,2.6481238116576957,3.3272114346300405,0.007959715452638304,11.034516526549407,9.0
3,0.05,True,500,100000,"SeedSequence(20260920, spawn_key=(5, 3))",shared,0.5,3.0,single,9.553851498573882,10.467982813111117,2.8148168630953085,0.07154025296092932,0.9567315004940485,-0.05353241230845422,10.467982813111119,1.7763568394002505e-15,2.465156801568766,2.5807102247194407,3.20746828350345,0.007717774269115518,10.40592909008435,9.508629131637353
3,0.05,True,500,100000,"SeedSequence(20260920, spawn_key=(5, 3))",shared,0.5,3.0,mean2,9.553851498573882,9.990828108502885,2.3293594527701615,0.07368894764806659,0.952851199051391,-0.05353241230845422,9.990828108502887,1.7763568394002505e-15,2.465156801568766,2.5195807667351393,3.132598703879613,0.007248214757933468,9.945997495660317,9.508629131637353
3,0.05,True,500,100000,"SeedSequence(20260920, spawn_key=(5, 3))",shared,0.5,3.0,R_img,9.553851498573882,9.573433730196616,2.025483343548969,-0.09504305866520307,1.0023792632598134,-0.05353241230845422,9.573433730196617,1.7763568394002505e-15,2.465156801568766,2.4677336213867016,3.089747878250985,0.007069862201995358,9.508629131637353,9.508629131637353
3,0.05,True,500,100000,"SeedSequence(20260920, spawn_key=(5, 3))",shared,1.0,3.0,single,11.06994777767457,10.06144417976978,2.8148168630953085,0.07154025296092932,1.9214486589446065,-0.10105394164105576,10.06144417976978,0.0,2.644398409160869,2.530157547403647,3.1407259227935582,0.00763565858714319,10.009181572554377,11.034516526549407
3,0.05,True,500,100000,"SeedSequence(20260920, spawn_key=(5, 3))",shared,1.0,3.0,mean2,11.06994777767457,9.609503237850895,2.3293594527701615,0.07368894764806659,1.9050635854148763,-0.10105394164105576,9.609503237850895,0.0,2.644398409160869,2.471751632515047,3.068361294695341,0.007128226042653174,9.574463740819692,11.034516526549407
3,0.05,True,500,100000,"SeedSequence(20260920, spawn_key=(5, 3))",shared,1.0,3.0,R_img,11.06994777767457,9.0550134827479,2.025483343548969,-0.09504305866520307,2.015120935034298,-0.10105394164105576,9.0550134827479,0.0,2.644398409160869,2.4002315613800245,3.0050895508798754,0.006819018464260179,9.0,11.034516526549407
3,0.05,True,500,100000,"SeedSequence(20260920, spawn_key=(5, 3))",inherited,,3.0,single,9.100530457472848,11.863883896766875,2.8148168630953085,0.07154025296092932,0.02173258012366309,0.09167056869951348,11.863883896766874,1.7763568394002505e-15,2.406837681387842,2.7392217051435135,3.4202070291281923,0.008334229446980207,,
3,0.05,True,500,100000,"SeedSequence(20260920, spawn_key=(5, 3))",inherited,,3.0,mean2,9.100530457472848,11.362396032858546,2.3293594527701615,0.07368894764806659,0.029706861457203887,0.09167056869951348,11.362396032858548,1.7763568394002505e-15,2.406837681387842,2.6791241701998527,3.3464848117031907,0.007950205820357426,,
3,0.05,True,500,100000,"SeedSequence(20260920, spawn_key=(5, 3))",inherited,,3.0,R_img,9.100530457472848,11.141350825215522,2.025483343548969,-0.09504305866520307,0.00556073064214695,0.09167056869951348,11.141350825215522,0.0,2.406837681387842,2.6523267299857722,3.327937313579392,0.008010482979020017,,
6,0.15,False,500,100000,"SeedSequence(20260920, spawn_key=(5, 6))",shared,0.0,1.0,single,1.0045579302675922,4.548172537241789,3.4423169265598967,0.2974155602734827,-0.006226005171807038,-0.0006550675720166032,4.548172537241789,0.0,0.8000512924912224,1.6497860659917822,2.072456992436027,0.00627882204501,4.530772942052686,1.0
6,0.15,False,500,100000,"SeedSequence(20260920, spawn_key=(5, 6))",shared,0.0,1.0,mean2,1.0045579302675922,3.9040826584575385,2.807542251998622,0.29667402717986163,-0.0017891573594382123,-0.0006550675720166032,3.9040826584575377,8.881784197001252e-16,0.8000512924912224,1.5182169471054707,1.912113480389256,0.0055962551495389165,3.8955577304017397,1.0
6,0.15,False,500,100000,"SeedSequence(20260920, spawn_key=(5, 6))",shared,0.0,1.0,R_img,1.0045579302675922,3.657076017093843,2.634836843594914,0.03973094286248634,-0.008025321253022487,-0.0006550675720166032,3.6570760170938423,4.440892098500626e-16,0.8000512924912224,1.4578111141271908,1.9080115190506008,0.0056746478544921755,3.6364153914156563,1.0
6,0.15,False,500,100000,"SeedSequence(20260920, spawn_key=(5, 6))",shared,0.5,1.0,single,1.6556104304162087,2.896536129141577,3.4423169265598967,0.2974155602734827,1.1392101486367872,0.019210403859226562,2.896536129141577,0.0,1.0125713171358093,1.3434550823622244,1.6312954299879325,0.0054064363380750685,2.887187881657771,1.6591038478539142
6,0.15,False,500,100000,"SeedSequence(20260920, spawn_key=(5, 6))",shared,0.5,1.0,mean2,1.6556104304162087,2.263112508878566,2.807542251998622,0.29667402717986163,1.1383285980930227,0.019210403859226562,2.263112508878566,0.0,1.0125713171358093,1.1874136651068068,1.426954278848491,0.0038555837540184203,2.262638928528065,1.6591038478539142
6,0.15,False,500,100000,"SeedSequence(20260920, spawn_key=(5, 6))",shared,0.5,1.0,R_img,1.6556104304162087,1.6717131258268034,2.634836843594914,0.03973094286248634,1.3093931005444344,0.019210403859226562,1.6717131258268032,2.220446049250313e-16,1.0125713171358093,1.0157027957989173,1.2908817391607903,0.003261067490397747,1.6591038478539142,1.6591038478539142
6,0.15,False,500,100000,"SeedSequence(20260920, spawn_key=(5, 6))",shared,1.0,1.0,single,3.6248706262726533,2.563107416749193,3.4423169265598967,0.2974155602734827,2.284646302445381,0.03907587529046973,2.563107416749194,8.881784197001252e-16,1.454763753996119,1.2622159435040778,1.5291489049162028,0.005709250791213311,2.5618105169706844,3.6364153914156563
6,0.15,False,500,100000,"SeedSequence(20260920, spawn_key=(5, 6))",shared,1.0,1.0,mean2,3.6248706262726533,1.9403500550074217,2.807542251998622,0.29667402717986163,2.2784463535454833,0.03907587529046973,1.9403500550074222,4.440892098500626e-16,1.454763753996119,1.1014581064698499,1.3139148109442056,0.003731003565726268,1.9479278223622178,3.6364153914156563
6,0.15,False,500,100000,"SeedSequence(20260920, spawn_key=(5, 6))",shared,1.0,1.0,R_img,3.6248706262726533,1.0045579302675922,2.634836843594914,0.03973094286248634,2.626811522341891,0.03907587529046973,1.0045579302675929,6.661338147750939e-16,1.454763753996119,0.8000512924912224,1.0009702757736723,0.0023423517935779563,1.0,3.6364153914156563
6,0.15,False,500,100000,"SeedSequence(20260920, spawn_key=(5, 6))",inherited,,1.0,single,1.0613039963882263,4.459495148721714,3.4423169265598967,0.2974155602734827,-0.0014993527134507564,0.22793107230406767,4.4594951487217145,8.881784197001252e-16,0.8223139742136715,1.6340061507126904,2.0712300264676147,0.006322159817617842,,
6,0.15,False,500,100000,"SeedSequence(20260920, spawn_key=(5, 6))",inherited,,1.0,mean2,1.0613039963882263,3.816080935350412,2.807542251998622,0.29667402717986163,0.0027691665799045484,0.22793107230406767,3.8160809353504126,4.440892098500626e-16,0.8223139742136715,1.5007139225373078,1.9108831070385688,0.005636601283906027,,
6,0.15,False,500,100000,"SeedSequence(20260920, spawn_key=(5, 6))",inherited,,1.0,R_img,1.0613039963882263,3.6952373481070926,2.634836843594914,0.03973094286248634,-0.007814896561903411,0.22793107230406767,3.6952373481070926,0.0,0.8223139742136715,1.473300126827847,1.909089013427748,0.00572572432542066,,
6,0.15,False,500,100000,"SeedSequence(20260920, spawn_key=(5, 6))",shared,0.0,2.0,single,4.018231721070369,7.574687992966077,3.4423169265598967,0.2974155602734827,-0.012452010343614076,-0.0013101351440332064,7.574687992966076,8.881784197001252e-16,1.6001025849824448,2.16868099578812,2.7056432100901615,0.0069042356631039345,7.530772942052686,4.0
6,0.15,False,500,100000,"SeedSequence(20260920, spawn_key=(5, 6))",shared,0.0,2.0,mean2,4.018231721070369,6.921723447048522,2.807542251998622,0.29667402717986163,-0.0035783147188764245,-0.0013101351440332064,6.921723447048521,8.881784197001252e-16,1.6001025849824448,2.0702848467190176,2.5828190582680284,0.00655207493847886,6.89555773040174,4.0
6,0.15,False,500,100000,"SeedSequence(20260920, spawn_key=(5, 6))",shared,0.0,2.0,R_img,4.018231721070369,6.686852503307214,2.634836843594914,0.03973094286248634,-0.016050642506044974,-0.0013101351440332064,6.686852503307214,0.0,1.6001025849824448,2.0314055915978346,2.5817634783215806,0.006522134980795494,6.636415391415657,4.0
6,0.15,False,500,100000,"SeedSequence(20260920, spawn_key=(5, 6))",shared,0.5,2.0,single,4.661232873513688,5.915000237160567,3.4423169265598967,0.2974155602734827,1.1329841434649803,0.018555336287209963,5.915000237160568,8.881784197001252e-16,1.719173566722831,1.934948331021317,2.3830522055881027,0.0060486548791781605,5.887187881657772,4.659103847853914
6,0.15,False,500,100000,"SeedSequence(20260920, spawn_key=(5, 6))",shared,0.5,2.0,mean2,4.661232873513688,5.272701949764253,2.807542251998622,0.29667402717986163,1.1365394407335845,0.018555336287209963,5.272701949764252,8.881784197001252e-16,1.719173566722831,1.8283565613162556,2.245337218527439,0.005407324516312915,5.262638928528064,4.659103847853914
6,0.15,False,500,100000,"SeedSequence(20260920, spawn_key=(5, 6))",shared,0.5,2.0,R_img,4.661232873513688,4.693438264334877,2.634836843594914,0.03973094286248634,1.301367779291412,0.018555336287209963,4.693438264334877,0.0,1.719173566722831,1.7236617191767698,2.1635385011050485,0.005080271410559975,4.659103847853914,4.659103847853914
6,0.15,False,500,100000,"SeedSequence(20260920, spawn_key=(5, 6))",shared,1.0,2.0,single,6.622441721664835,5.573520177062885,3.4423169265598967,0.2974155602734827,2.2784202972735743,0.038420807718453125,5.573520177062885,0.0,2.0251426342716186,1.879481540577514,2.3129089497781274,0.006079036266765499,5.561810516970684,6.636415391415657
6,0.15,False,500,100000,"SeedSequence(20260920, spawn_key=(5, 6))",shared,1.0,2.0,mean2,6.622441721664835,4.94188814818781,2.807542251998622,0.29667402717986163,2.2766571961860453,0.038420807718453125,4.94188814818781,0.0,2.0251426342716186,1.7721186936400923,2.17350381322509,0.005231200401982949,4.947927822362217,6.636415391415657
6,0.15,False,500,100000,"SeedSequence(20260920, spawn_key=(5, 6))",shared,1.0,2.0,R_img,6.622441721664835,4.018231721070369,2.634836843594914,0.03973094286248634,2.6187862010888687,0.038420807718453125,4.018231721070369,0.0,2.0251426342716186,1.6001025849824448,2.0019405515473445,0.004684703587155913,4.0,6.636415391415657
6,0.15,False,500,100000,"SeedSequence(20260920, spawn_key=(5, 6))",inherited,,2.0,single,4.0744369212968525,7.485469738551851,3.4423169265598967,0.2974155602734827,-0.007725357885257794,0.2272760047320511,7.485469738551851,0.0,1.6111718681834177,2.1557800182010523,2.7046744190996623,0.006931840344740892,,
6,0.15,False,500,100000,"SeedSequence(20260920, spawn_key=(5, 6))",inherited,,2.0,mean2,4.0744369212968525,6.833180858047246,2.807542251998622,0.29667402717986163,0.0009800092204663383,0.2272760047320511,6.833180858047245,8.881784197001252e-16,1.6111718681834177,2.0572701105366367,2.581879967662116,0.006572434331511031,,
6,0.15,False,500,100000,"SeedSequence(20260920, spawn_key=(5, 6))",inherited,,2.0,R_img,4.0744369212968525,6.724472968426314,2.634836843594914,0.03973094286248634,-0.015840217814925898,0.2272760047320511,6.724472968426314,0.0,1.6111718681834177,2.039239154198092,2.5825366614650904,0.006548398951403152,,
6,0.15,False,500,100000,"SeedSequence(20260920, spawn_key=(5, 6))",shared,0.0,3.0,single,9.04102137240833,12.610319309225549,3.4423169265598967,0.2974155602734827,-0.018678015515421115,-0.001965202716049814,12.610319309225549,0.0,2.4001538774736675,2.818905009013413,3.513987154879693,0.00838526581899084,12.530772942052687,9.0
6,0.15,False,500,100000,"SeedSequence(20260920, spawn_key=(5, 6))",shared,0.0,3.0,mean2,9.04102137240833,11.948480096174688,2.807542251998622,0.29667402717986163,-0.005367472078314641,-0.001965202716049814,11.94848009617469,1.7763568394002505e-15,2.4001538774736675,2.742155751422752,3.4188351101099435,0.008238897553294874,11.89555773040174,9.0
6,0.15,False,500,100000,"SeedSequence(20260920, spawn_key=(5, 6))",shared,0.0,3.0,R_img,9.04102137240833,11.72574485005577,2.634836843594914,0.03973094286248634,-0.024075963759067464,-0.001965202716049814,11.725744850055772,1.7763568394002505e-15,2.4001538774736675,2.715666844057507,3.4194995309541714,0.008164576860588062,11.636415391415657,9.0
6,0.15,False,500,100000,"SeedSequence(20260920, spawn_key=(5, 6))",shared,0.5,3.0,single,9.675971177146351,10.942580205714739,3.4423169265598967,0.2974155602734827,1.1267581382931733,0.017900268715193353,10.94258020571474,1.7763568394002505e-15,2.4811440345729525,2.637195398695463,3.2707879776730895,0.007751525158990077,10.88718788165777,9.659103847853913
6,0.15,False,500,100000,"SeedSequence(20260920, spawn_key=(5, 6))",shared,0.5,3.0,mean2,9.675971177146351,10.291407251185122,2.807542251998622,0.29667402717986163,1.1347502833741463,0.017900268715193353,10.291407251185122,0.0,2.4811440345729525,2.557903682783708,3.1701791537070094,0.007486189896526721,10.262638928528064,9.659103847853913
6,0.15,False,500,100000,"SeedSequence(20260920, spawn_key=(5, 6))",shared,0.5,3.0,R_img,9.675971177146351,9.724279263378135,2.634836843594914,0.03973094286248634,1.2933424580383894,0.017900268715193353,9.724279263378136,1.7763568394002505e-15,2.4811440345729525,2.4858804638063825,3.114308332607842,0.00726194053776638,9.659103847853913,9.659103847853913
6,0.15,False,500,100000,"SeedSequence(20260920, spawn_key=(5, 6))",shared,1.0,3.0,single,11.6291286775922,10.593048797911765,3.4423169265598967,0.2974155602734827,2.2721942921017675,0.03776574014643652,10.593048797911763,1.7763568394002505e-15,2.707836627967114,2.5957450031453226,3.21884413450468,0.007729897292829077,10.561810516970684,11.636415391415657
6,0.15,False,500,100000,"SeedSequence(20260920, spawn_key=(5, 6))",shared,1.0,3.0,mean2,11.6291286775922,9.952542101903383,2.807542251998622,0.29667402717986163,2.2748680388266074,0.03776574014643652,9.952542101903383,0.0,2.707836627967114,2.5177251814056425,3.118427530769473,0.007355601945268039,9.947927822362217,11.636415391415657
6,0.15,False,500,100000,"SeedSequence(20260920, spawn_key=(5, 6))",shared,1.0,3.0,R_img,11.6291286775922,9.04102137240833,2.634836843594914,0.03973094286248634,2.6107608798358464,0.03776574014643652,9.041021372408327,3.552713678800501e-15,2.707836627967114,2.4001538774736675,3.0029108273210166,0.0070270553807338714,9.0,11.636415391415657
6,0.15,False,500,100000,"SeedSequence(20260920, spawn_key=(5, 6))",inherited,,3.0,single,9.096685706740665,12.520560188917173,3.4423169265598967,0.2974155602734827,-0.013951363057064832,0.22662093716003445,12.520560188917173,0.0,2.407500463565776,2.808955679843817,3.513211206354005,0.008404678939089546,,
6,0.15,False,500,100000,"SeedSequence(20260920, spawn_key=(5, 6))",inherited,,3.0,mean2,9.096685706740665,11.859396641279263,2.807542251998622,0.29667402717986163,-0.0008091481389718763,0.22662093716003445,11.859396641279265,1.7763568394002505e-15,2.407500463565776,2.7321258995780937,3.4180935740370804,0.008252729356002199,,
6,0.15,False,500,100000,"SeedSequence(20260920, spawn_key=(5, 6))",inherited,,3.0,R_img,9.096685706740665,11.76282444928072,2.634836843594914,0.03973094286248634,-0.023865539067948388,0.22662093716003445,11.762824449280721,1.7763568394002505e-15,2.407500463565776,2.7206019965626385,3.4200534872719426,0.008181277009507886,,
12,0.3,False,500,100000,"SeedSequence(20260920, spawn_key=(5, 12))",shared,0.0,1.0,single,1.0067248602478254,9.22563203929495,7.184309268472202,1.0199370294315313,0.003356491264294988,-0.0005095163073337366,9.22563203929495,0.0,0.8001878228092895,2.2515617759368634,2.8264690655901785,0.010465931638296537,9.224580812477818,1.0
12,0.3,False,500,100000,"SeedSequence(20260920, spawn_key=(5, 12))",shared,0.0,1.0,mean2,1.0067248602478254,7.932256843875259,5.885133709350206,1.0207851427255312,0.0013221233424807815,-0.0005095163073337366,7.932256843875258,8.881784197001252e-16,0.8001878228092895,2.0764909961405698,2.588964309066506,0.009308818306260841,7.927136016959391,1.0
12,0.3,False,500,100000,"SeedSequence(20260920, spawn_key=(5, 12))",shared,0.0,1.0,R_img,1.0067248602478254,8.21224567299495,6.5316945383489715,0.8157232200673701,-0.00379532703764163,-0.0005095163073337366,8.21224567299495,0.0,0.8001878228092895,2.09507411188742,2.7373203392081678,0.010145688491876567,8.197098910106051,1.0
12,0.3,False,500,100000,"SeedSequence(20260920, spawn_key=(5, 12))",shared,0.5,1.0,single,2.8017886364538014,5.015579471457321,7.184309268472202,1.0199370294315313,2.5899215043291797,0.4073520937263514,5.015579471457321,0.0,1.2731301488515196,1.703152207636226,2.114565774988282,0.007639703037829975,5.018739195960725,2.799274727526513
12,0.3,False,500,100000,"SeedSequence(20260920, spawn_key=(5, 12))",shared,0.5,1.0,mean2,2.8017886364538014,3.8288802512826536,5.885133709350206,1.0207851427255312,2.534203235931271,0.4073520937263514,3.828880251282654,4.440892098500626e-16,1.2731301488515196,1.493661251012646,1.8152170631004356,0.005526293278960519,3.827970375687322,2.799274727526513
12,0.3,False,500,100000,"SeedSequence(20260920, spawn_key=(5, 12))",shared,0.5,1.0,R_img,2.8017886364538014,2.810210539094875,6.5316945383489715,0.8157232200673701,3.262051942136844,0.4073520937263514,2.810210539094874,8.881784197001252e-16,1.2731301488515196,1.2742279208520841,1.6218584409255212,0.005071227768954637,2.799274727526513,2.799274727526513
12,0.3,False,500,100000,"SeedSequence(20260920, spawn_key=(5, 12))",shared,1.0,1.0,single,8.195401867712803,4.404076358672717,7.184309268472202,1.0199370294315313,5.176486517394064,0.8152137037600364,4.404076358672716,8.881784197001252e-16,2.092323930190634,1.545629011043301,2.0453856087266553,0.008747589531812408,4.411447034496658,8.197098910106051
12,0.3,False,500,100000,"SeedSequence(20260920, spawn_key=(5, 12))",shared,1.0,1.0,mean2,8.195401867712803,3.3240531137430733,5.885133709350206,1.0207851427255312,5.067084348520062,0.8152137037600364,3.324053113743073,4.440892098500626e-16,2.092323930190634,1.3642994414820202,1.7655496279165077,0.0065958634109458845,3.327354189468278,8.197098910106051
12,0.3,False,500,100000,"SeedSequence(20260920, spawn_key=(5, 12))",shared,1.0,1.0,R_img,8.195401867712803,1.0067248602478254,6.5316945383489715,0.8157232200673701,6.527899211311331,0.8152137037600364,1.0067248602478234,1.9984014443252818e-15,2.092323930190634,0.8001878228092895,1.002013326048047,0.00225795529792936,1.0,8.197098910106051
12,0.3,False,500,100000,"SeedSequence(20260920, spawn_key=(5, 12))",inherited,,1.0,single,2.1050584246089215,8.119547735843355,7.184309268472202,1.0199370294315313,0.0698651359578194,1.014945614084467,8.119547735843355,0.0,1.1933956471798306,2.146435454873816,2.8155948998100384,0.010101430508915349,,
12,0.3,False,500,100000,"SeedSequence(20260920, spawn_key=(5, 12))",inherited,,1.0,mean2,2.1050584246089215,6.82526797008052,5.885133709350206,1.0207851427255312,0.0674218322120312,1.014945614084467,6.825267970080519,8.881784197001252e-16,1.1933956471798306,1.9551197627023782,2.577097182195155,0.008980218455487602,,
12,0.3,False,500,100000,"SeedSequence(20260920, spawn_key=(5, 12))",inherited,,1.0,R_img,2.1050584246089215,7.481906728150064,6.5316945383489715,0.8157232200673701,0.08221059876821833,1.014945614084467,7.481906728150063,8.881784197001252e-16,1.1933956471798306,2.055295455632868,2.718973645860006,0.009761921055876704,,
12,0.3,False,500,100000,"SeedSequence(20260920, spawn_key=(5, 12))",shared,0.0,2.0,single,4.0268994409913015,12.240132986607733,7.184309268472202,1.0199370294315313,0.006712982528589976,-0.0010190326146674732,12.240132986607733,0.0,1.600375645618579,2.6724202882584756,3.317699752168803,0.01047561258344539,12.224580812477818,4.0
12,0.3,False,500,100000,"SeedSequence(20260920, spawn_key=(5, 12))",shared,0.0,2.0,mean2,4.0268994409913015,10.95082739128678,5.885133709350206,1.0207851427255312,0.002644246684961563,-0.0010190326146674732,10.95082739128678,0.0,1.600375645618579,2.52691149129008,3.1185782167917298,0.009266836559892588,10.927136016959391,4.0
12,0.3,False,500,100000,"SeedSequence(20260920, spawn_key=(5, 12))",shared,0.0,2.0,R_img,4.0268994409913015,11.2408421563795,6.5316945383489715,0.8157232200673701,-0.00759065407528326,-0.0010190326146674732,11.240842156379498,1.7763568394002505e-15,1.600375645618579,2.5484558417041683,3.2437168818510425,0.010142455537909274,11.197098910106051,4.0
12,0.3,False,500,100000,"SeedSequence(20260920, spawn_key=(5, 12))",shared,0.5,2.0,single,5.8177522658767415,8.025869467449567,7.184309268472202,1.0199370294315313,2.5932779955934744,0.40684257741901764,8.025869467449569,1.7763568394002505e-15,1.8981220662780047,2.210704598148793,2.7355773361388347,0.00787234246747182,8.018739195960723,5.799274727526512
12,0.3,False,500,100000,"SeedSequence(20260920, spawn_key=(5, 12))",shared,0.5,2.0,mean2,5.8177522658767415,6.843239847373637,5.885133709350206,1.0207851427255312,2.5355253592737523,0.40684257741901764,6.843239847373637,0.0,1.8981220662780047,2.0519055527977756,2.5117120676287823,0.00624321960642896,6.82797037568732,5.799274727526512
12,0.3,False,500,100000,"SeedSequence(20260920, spawn_key=(5, 12))",shared,0.5,2.0,R_img,5.8177522658767415,5.834596071158887,6.5316945383489715,0.8157232200673701,3.2582566150992025,0.40684257741901764,5.834596071158887,0.0,1.8981220662780047,1.899406004289261,2.376951204058228,0.005938029462637614,5.799274727526512,5.799274727526512
12,0.3,False,500,100000,"SeedSequence(20260920, spawn_key=(5, 12))",shared,1.0,2.0,single,11.207154545815206,7.410155403344429,7.184309268472202,1.0199370294315313,5.179843008658359,0.8147041874527028,7.410155403344428,8.881784197001252e-16,2.5462602977030393,2.102469781019738,2.682501623758437,0.00840566219931889,7.411447034496658,11.197098910106051
12,0.3,False,500,100000,"SeedSequence(20260920, spawn_key=(5, 12))",shared,1.0,2.0,mean2,11.207154545815206,6.33420175851352,5.885133709350206,1.0207851427255312,5.068406471862542,0.8147041874527028,6.334201758513521,8.881784197001252e-16,2.5462602977030393,1.9655745226229635,2.47575975193026,0.0067704454206071515,6.327354189468278,11.197098910106051
12,0.3,False,500,100000,"SeedSequence(20260920, spawn_key=(5, 12))",shared,1.0,2.0,R_img,11.207154545815206,4.0268994409913015,6.5316945383489715,0.8157232200673701,6.524103884273688,0.8147041874527028,4.026899440991302,8.881784197001252e-16,2.5462602977030393,1.600375645618579,2.004026652096094,0.004515910595858719,4.0,11.197098910106051
12,0.3,False,500,100000,"SeedSequence(20260920, spawn_key=(5, 12))",inherited,,2.0,single,5.123578716383227,11.132394394186967,7.184309268472202,1.0199370294315313,0.0732216272221144,1.0144360977771332,11.132394394186969,1.7763568394002505e-15,1.8133608076455783,2.5763405018723473,3.3082378791003895,0.010184838218062077,,
12,0.3,False,500,100000,"SeedSequence(20260920, spawn_key=(5, 12))",inherited,,2.0,mean2,5.123578716383227,9.84218422852287,5.885133709350206,1.0207851427255312,0.06874395555451197,1.0144360977771332,9.842184228522868,1.7763568394002505e-15,1.8133608076455783,2.4218642554163434,3.108523297525006,0.00901581679770007,,
12,0.3,False,500,100000,"SeedSequence(20260920, spawn_key=(5, 12))",inherited,,2.0,R_img,5.123578716383227,10.508848922565445,6.5316945383489715,0.8157232200673701,0.07841527173057672,1.0144360977771332,10.508848922565443,1.7763568394002505e-15,1.8133608076455783,2.5019360526026317,3.228054371430596,0.009826233349866811,,
12,0.3,False,500,100000,"SeedSequence(20260920, spawn_key=(5, 12))",shared,0.0,3.0,single,9.060523742230428,17.268083654416166,7.184309268472202,1.0199370294315313,0.010069473792884977,-0.0015285489220012074,17.26808365441617,3.552713678800501e-15,2.4005634684278685,3.235169032956563,4.004071812789009,0.011034202811218842,17.224580812477814,9.0
12,0.3,False,500,100000,"SeedSequence(20260920, spawn_key=(5, 12))",shared,0.0,3.0,mean2,9.060523742230428,15.982847659193949,5.885133709350206,1.0207851427255312,0.0039663700274423465,-0.0015285489220012074,15.982847659193949,0.0,2.4005634684278685,3.1164378634237533,3.8411608933930848,0.009951654556647439,15.927136016959388,9.0
12,0.3,False,500,100000,"SeedSequence(20260920, spawn_key=(5, 12))",shared,0.0,3.0,R_img,9.060523742230428,16.282888360259697,6.5316945383489715,0.8157232200673701,-0.01138598111292489,-0.0015285489220012074,16.2828883602597,3.552713678800501e-15,2.4005634684278685,3.1364522913850217,3.9443173289277165,0.010714482556031265,16.19709891010605,9.0
12,0.3,False,500,100000,"SeedSequence(20260920, spawn_key=(5, 12))",shared,0.5,3.0,single,10.84716561579533,13.049609183937465,7.184309268472202,1.0199370294315313,2.5966344868577695,0.40633306111168394,13.049609183937465,0.0,2.613846578116514,2.85311081820103,3.535704778368942,0.00895829417202077,13.018739195960723,10.799274727526512
12,0.3,False,500,100000,"SeedSequence(20260920, spawn_key=(5, 12))",shared,0.5,3.0,mean2,10.84716561579533,11.87104916396027,5.885133709350206,1.0207851427255312,2.536847482616233,0.40633306111168394,11.87104916396027,0.0,2.613846578116514,2.7294714085623344,3.365808606896194,0.007821204690485492,11.82797037568732,10.799274727526512
12,0.3,False,500,100000,"SeedSequence(20260920, spawn_key=(5, 12))",shared,0.5,3.0,R_img,10.84716561579533,10.87243132371855,6.5316945383489715,0.8157232200673701,3.254461288061561,0.40633306111168394,10.87243132371855,0.0,2.613846578116514,2.6164405844862597,3.267399387926036,0.007620348011712257,10.799274727526512,10.799274727526512
12,0.3,False,500,100000,"SeedSequence(20260920, spawn_key=(5, 12))",shared,1.0,3.0,single,16.232356944413258,12.429684168511788,7.184309268472202,1.0199370294315313,5.1831994999226545,0.814194671145369,12.429684168511786,1.7763568394002505e-15,3.134473505031649,2.7738264559254,3.4944989087404554,0.00917266934866746,12.411447034496657,16.19709891010605
12,0.3,False,500,100000,"SeedSequence(20260920, spawn_key=(5, 12))",shared,1.0,3.0,mean2,16.232356944413258,11.357800123779615,5.885133709350206,1.0207851427255312,5.0697285952050235,0.814194671145369,11.357800123779617,1.7763568394002505e-15,3.134473505031649,2.6662862477955236,3.3385970384414856,0.008078355388461763,11.327354189468277,16.19709891010605
12,0.3,False,500,100000,"SeedSequence(20260920, spawn_key=(5, 12))",shared,1.0,3.0,R_img,16.232356944413258,9.060523742230428,6.5316945383489715,0.8157232200673701,6.5203085572360475,0.814194671145369,9.060523742230425,3.552713678800501e-15,3.134473505031649,2.4005634684278685,3.006039978144141,0.006773865893788079,9.0,16.19709891010605
12,0.3,False,500,100000,"SeedSequence(20260920, spawn_key=(5, 12))",inherited,,3.0,single,10.155548728653184,16.158690773026233,7.184309268472202,1.0199370294315313,0.07657811848640937,1.0139265814697993,16.158690773026233,0.0,2.5445291003058337,3.1513408777975274,3.9960699458905284,0.010825794097836709,,
12,0.3,False,500,100000,"SeedSequence(20260920, spawn_key=(5, 12))",inherited,,3.0,mean2,10.155548728653184,14.87255020746087,5.885133709350206,1.0207851427255312,0.07006607889699275,1.0139265814697993,14.872550207460872,1.7763568394002505e-15,2.5445291003058337,3.025580635440811,3.832848735624597,0.009777618260698588,,
12,0.3,False,500,100000,"SeedSequence(20260920, spawn_key=(5, 12))",inherited,,3.0,R_img,10.155548728653184,15.549240837476473,6.5316945383489715,0.8157232200673701,0.07461994469293508,1.0139265814697993,15.549240837476471,1.7763568394002505e-15,2.5445291003058337,3.0916059752649248,3.93128919375635,0.010477259507891072,,
15,0.3,True,500,100000,"SeedSequence(20260920, spawn_key=(5, 15))",shared,0.0,1.0,single,1.0006205879586407,9.769194007574248,7.6488328615929095,1.061647022019999,0.0026304671872437266,0.0009856887097770162,9.769194007574248,0.0,0.7984233321867998,2.3043824937850674,2.906660896888469,0.011055989877558244,9.775927260956841,1.0
15,0.3,True,500,100000,"SeedSequence(20260920, spawn_key=(5, 15))",shared,0.0,1.0,mean2,1.0006205879586407,8.306935754786696,6.195779224587452,1.0577202807806525,0.003075542128181752,0.0009856887097770162,8.306935754786696,0.0,0.7984233321867998,2.1147402346493958,2.6462141642914583,0.010066759101147295,8.314551416962155,1.0
15,0.3,True,500,100000,"SeedSequence(20260920, spawn_key=(5, 15))",shared,0.0,1.0,R_img,1.0006205879586407,8.759397986720403,6.983796440098202,0.8875351354750325,0.005493995656994359,0.0009856887097770162,8.759397986720403,0.0,0.7984233321867998,2.1515913325804545,2.8132564156966926,0.010980568140340586,8.771515056800887,1.0
15,0.3,True,500,100000,"SeedSequence(20260920, spawn_key=(5, 15))",shared,0.5,1.0,single,2.9498681811784246,5.215739692911634,7.6488328615929095,1.061647022019999,2.78285690437085,0.4447532564472933,5.215739692911633,8.881784197001252e-16,1.2969931162001178,1.7343991495688946,2.1606073356593147,0.008107128512133714,5.216104117274665,2.9428787642002217
15,0.3,True,500,100000,"SeedSequence(20260920, spawn_key=(5, 15))",shared,0.5,1.0,mean2,2.9498681811784246,3.9519493829723507,6.195779224587452,1.0577202807806525,2.6858105682965743,0.4447532564472933,3.951949382972347,3.552713678800501e-15,1.2969931162001178,1.5142478120137064,1.8495517608625347,0.006116881394845547,3.953196216128246,2.9428787642002217
15,0.3,True,500,100000,"SeedSequence(20260920, spawn_key=(5, 15))",shared,0.5,1.0,R_img,2.9498681811784246,2.9371305231393,6.983796440098202,0.8875351354750325,3.497392215706095,0.4447532564472933,2.9371305231393006,4.440892098500626e-16,1.2969931162001178,1.2991329804447447,1.651357102923364,0.005321433549846596,2.9428787642002217,2.9428787642002217
15,0.3,True,500,100000,"SeedSequence(20260920, spawn_key=(5, 15))",shared,1.0,1.0,single,8.784873302798651,4.548042906649464,7.6488328615929095,1.061647022019999,5.5630833415544565,0.8885208241848095,4.548042906649464,0.0,2.14850221720917,1.566420156848635,2.0838335925352687,0.009239404221223295,4.542038501992932,8.771515056800887
15,0.3,True,500,100000,"SeedSequence(20260920, spawn_key=(5, 15))",shared,1.0,1.0,mean2,8.784873302798651,3.4827205395584473,6.195779224587452,1.0577202807806525,5.368545594464966,0.8885208241848095,3.4827205395584446,2.6645352591003757e-15,2.14850221720917,1.3926835963674262,1.8151499343465534,0.006910337832879144,3.4775985436947803,8.771515056800887
15,0.3,True,500,100000,"SeedSequence(20260920, spawn_key=(5, 15))",shared,1.0,1.0,R_img,8.784873302798651,1.0006205879586407,6.983796440098202,0.8875351354750325,6.989290435755197,0.8885208241848095,1.0006205879586396,1.1102230246251565e-15,2.14850221720917,0.7984233321867998,0.9989579677484565,0.002155291945447642,1.0,8.771515056800887
15,0.3,True,500,100000,"SeedSequence(20260920, spawn_key=(5, 15))",inherited,,1.0,single,2.1635586444631043,8.581975323815277,7.6488328615929095,1.061647022019999,0.05132200245503147,1.0619662326204546,8.581975323815279,1.7763568394002505e-15,1.2165681736497946,2.195192520364958,2.896369959287081,0.01075009506635972,,
15,0.3,True,500,100000,"SeedSequence(20260920, spawn_key=(5, 15))",inherited,,1.0,mean2,2.1635586444631043,7.128876981499854,6.195779224587452,1.0577202807806525,0.05135331821582364,1.0619662326204546,7.128876981499854,0.0,1.2165681736497946,1.9887043062026382,2.635109372109986,0.009713010095758864,,
15,0.3,True,500,100000,"SeedSequence(20260920, spawn_key=(5, 15))",inherited,,1.0,R_img,2.1635586444631043,7.920784662751288,6.983796440098202,0.8875351354750325,0.06461217511764646,1.0619662326204546,7.920784662751289,8.881784197001252e-16,1.2165681736497946,2.102676920909216,2.799084299200177,0.010649551565753937,,
15,0.3,True,500,100000,"SeedSequence(20260920, spawn_key=(5, 15))",shared,0.0,2.0,single,4.002482351834563,12.763701930108937,7.6488328615929095,1.061647022019999,0.005260934374487453,0.0019713774195540324,12.763701930108935,1.7763568394002505e-15,1.5968466643735997,2.720328521035805,3.38269738353369,0.010674088263093181,12.775927260956841,4.0
15,0.3,True,500,100000,"SeedSequence(20260920, spawn_key=(5, 15))",shared,0.0,2.0,mean2,4.002482351834563,11.300561268528519,6.195779224587452,1.0577202807806525,0.006151084256363504,0.0019713774195540324,11.300561268528519,0.0,1.5968466643735997,2.5623147913541406,3.1614405669211108,0.009794509961230286,11.314551416962155,4.0
15,0.3,True,500,100000,"SeedSequence(20260920, spawn_key=(5, 15))",shared,0.0,2.0,R_img,4.002482351834563,11.7485220925572,6.983796440098202,0.8875351354750325,0.010987991313988718,0.0019713774195540324,11.748522092557199,1.7763568394002505e-15,1.5968466643735997,2.5982659608894894,3.302714205846728,0.010642867099693192,11.771515056800887,4.0
15,0.3,True,500,100000,"SeedSequence(20260920, spawn_key=(5, 15))",shared,0.5,2.0,single,5.9580987740739095,8.216616444465883,7.6488328615929095,1.061647022019999,2.7854873715580943,0.44573894515707024,8.216616444465885,1.7763568394002505e-15,1.9153750193575214,2.239516334859836,2.7684577475804715,0.007996172498144589,8.216104117274666,5.942878764200222
15,0.3,True,500,100000,"SeedSequence(20260920, spawn_key=(5, 15))",shared,0.5,2.0,mean2,5.9580987740739095,6.951943725733736,6.195779224587452,1.0577202807806525,2.6888861104247557,0.44573894515707024,6.951943725733736,0.0,1.9153750193575214,2.07018191658848,2.53242185637899,0.0065380836971084275,6.953196216128246,5.942878764200222
15,0.3,True,500,100000,"SeedSequence(20260920, spawn_key=(5, 15))",shared,0.5,2.0,R_img,5.9580987740739095,5.9326234579956605,6.983796440098202,0.8875351354750325,3.5028862113630894,0.44573894515707024,5.932623457995661,8.881784197001252e-16,1.9153750193575214,1.919119044076595,2.39142428000578,0.005919643995355376,5.942878764200222,5.942878764200222
15,0.3,True,500,100000,"SeedSequence(20260920, spawn_key=(5, 15))",shared,1.0,2.0,single,11.799472724713699,7.555288487223276,7.6488328615929095,1.061647022019999,5.5657138087417,0.8895065128945866,7.555288487223276,0.0,2.5939862324002356,2.12385629206818,2.710764273156143,0.008655020597030352,7.542038501992932,11.771515056800887
15,0.3,True,500,100000,"SeedSequence(20260920, spawn_key=(5, 15))",shared,1.0,2.0,mean2,11.799472724713699,6.489083711339396,6.195779224587452,1.0577202807806525,5.3716211365931485,0.8895065128945866,6.489083711339392,4.440892098500626e-15,2.5939862324002356,1.9901253765850002,2.509114471896105,0.0068392291101090534,6.47759854369478,11.771515056800887
15,0.3,True,500,100000,"SeedSequence(20260920, spawn_key=(5, 15))",shared,1.0,2.0,R_img,11.799472724713699,4.002482351834563,6.983796440098202,0.8875351354750325,6.99478443141219,0.8895065128945866,4.002482351834566,2.6645352591003757e-15,2.5939862324002356,1.5968466643735997,1.997915935496913,0.004310583890895285,4.0,11.771515056800887
15,0.3,True,500,100000,"SeedSequence(20260920, spawn_key=(5, 15))",inherited,,2.0,single,5.167738920115072,11.57880175812601,7.6488328615929095,1.061647022019999,0.0539524696422752,1.0629519213302314,11.57880175812601,0.0,1.8227636382384733,2.6207209455455884,3.3737810804955304,0.01042906214179136,,
15,0.3,True,500,100000,"SeedSequence(20260920, spawn_key=(5, 15))",inherited,,2.0,mean2,5.167738920115072,10.124821007017722,6.195779224587452,1.0577202807806525,0.05442886034400539,1.0629519213302314,10.124821007017722,0.0,1.8227636382384733,2.4510980155804827,3.1520571890421305,0.009517073296096832,,
15,0.3,True,500,100000,"SeedSequence(20260920, spawn_key=(5, 15))",inherited,,2.0,R_img,5.167738920115072,10.91222728036413,6.983796440098202,0.8875351354750325,0.07010617077464082,1.0629519213302314,10.912227280364132,1.7763568394002505e-15,1.8227636382384733,2.546398649152488,3.2905525267552433,0.010385338733173235,,
15,0.3,True,500,100000,"SeedSequence(20260920, spawn_key=(5, 15))",shared,0.0,3.0,single,9.005585291627767,17.759451028560903,7.6488328615929095,1.061647022019999,0.007891401561731178,0.0029570661293310515,17.759451028560907,3.552713678800501e-15,2.3952699965603994,3.2791811123159866,4.053439270516556,0.010912182715659436,17.775927260956845,9.0
15,0.3,True,500,100000,"SeedSequence(20260920, spawn_key=(5, 15))",shared,0.0,3.0,mean2,9.005585291627767,16.295427958187624,6.195779224587452,1.0577202807806525,0.009226626384545258,0.0029570661293310515,16.295427958187624,0.0,2.3952699965603994,3.1481019156752703,3.8704880491661235,0.010201171937709617,16.314551416962157,9.0
15,0.3,True,500,100000,"SeedSequence(20260920, spawn_key=(5, 15))",shared,0.0,3.0,R_img,9.005585291627767,16.73888737431128,6.983796440098202,0.8875351354750325,0.016481986970983072,0.0029570661293310515,16.73888737431128,0.0,2.3952699965603994,3.181732954023464,3.9868997996866935,0.010911267792839192,16.771515056800887,9.0
15,0.3,True,500,100000,"SeedSequence(20260920, spawn_key=(5, 15))",shared,0.5,3.0,single,10.967570542886676,13.218734371937416,7.6488328615929095,1.061647022019999,2.7881178387453374,0.4467246338668473,13.218734371937417,1.7763568394002505e-15,2.6268394922699034,2.8758635426838,3.5571456192835726,0.00880556804745839,13.216104117274666,10.942878764200222
15,0.3,True,500,100000,"SeedSequence(20260920, spawn_key=(5, 15))",shared,0.5,3.0,mean2,10.967570542886676,11.953179244412405,6.195779224587452,1.0577202807806525,2.691961652552938,0.4467246338668473,11.953179244412402,3.552713678800501e-15,2.6268394922699034,2.7429065093352913,3.376282954521136,0.007837655149653901,11.953196216128246,10.942878764200222
15,0.3,True,500,100000,"SeedSequence(20260920, spawn_key=(5, 15))",shared,0.5,3.0,R_img,10.967570542886676,10.9293575687693,6.983796440098202,0.8875351354750325,3.508380207020084,0.4467246338668473,10.929357568769301,1.7763568394002505e-15,2.6268394922699034,2.6296379019134632,3.2717728809634363,0.007444347196079273,10.942878764200222,10.942878764200222
15,0.3,True,500,100000,"SeedSequence(20260920, spawn_key=(5, 15))",shared,1.0,3.0,single,16.81531332254603,12.563775243714371,7.6488328615929095,1.061647022019999,5.568344275928944,0.8904922016043635,12.563775243714371,0.0,3.1751615810934513,2.792397998967253,3.5135342632206386,0.009155974064740443,12.542038501992932,16.771515056800887
15,0.3,True,500,100000,"SeedSequence(20260920, spawn_key=(5, 15))",shared,1.0,3.0,mean2,16.81531332254603,11.496688059037625,6.195779224587452,1.0577202807806525,5.37469667872133,0.8904922016043635,11.496688059037625,0.0,3.1751615810934513,2.6856934744600522,3.3598425024865826,0.007922830325200502,11.47759854369478,16.771515056800887
15,0.3,True,500,100000,"SeedSequence(20260920, spawn_key=(5, 15))",shared,1.0,3.0,R_img,16.81531332254603,9.005585291627767,6.983796440098202,0.8875351354750325,7.000278427069185,0.8904922016043635,9.005585291627767,0.0,3.1751615810934513,2.3952699965604,2.996873903245369,0.0064658758363429275,9.0,16.771515056800887
15,0.3,True,500,100000,"SeedSequence(20260920, spawn_key=(5, 15))",inherited,,3.0,single,10.173160371684322,16.576869368354025,7.6488328615929095,1.061647022019999,0.05658293682951892,1.0639376100400086,16.576869368354025,0.0,2.5488311071176173,3.1920873190866583,4.045943122965053,0.010737718193455193,,
15,0.3,True,500,100000,"SeedSequence(20260920, spawn_key=(5, 15))",inherited,,3.0,mean2,10.173160371684322,15.122006208452873,6.195779224587452,1.0577202807806525,0.05750440247218714,1.0639376100400086,15.122006208452873,0.0,2.5488311071176173,3.0521628608158986,3.8627604578856167,0.01000960642965244,,
15,0.3,True,500,100000,"SeedSequence(20260920, spawn_key=(5, 15))",inherited,,3.0,R_img,10.173160371684322,15.904911073894256,6.983796440098202,0.8875351354750325,0.07560016643163518,1.0639376100400086,15.904911073894255,1.7763568394002505e-15,2.5488311071176173,3.1308874693097906,3.9767614570765253,0.010733031662568178,,
