cell,p_beat_cv,p_view_over,n_studies,n_patients,seed,ref,bias_ref,mcse_bias_ref,var_ref,mcse_var_ref,sd_ref,mcse_sd_ref,msq_ref,mcse_msq_ref,bias_img,mcse_bias_img,var_img,mcse_var_img,msq_img,mcse_msq_img,bias_read,mcse_bias_read,var_read,mcse_var_read,two_cov_img_read,mcse_two_cov_img_read,var_reader_bias,mcse_var_reader_bias,var_read_remainder,mcse_var_read_remainder,two_cov_bias_remainder,mcse_two_cov_bias_remainder,share_img_of_var_ref,mcse_share_img_of_var_ref,share_img_of_msq_ref,mcse_share_img_of_msq_ref,within_study_var_ref_mean,mcse_within_study_var_ref_mean,within_study_var_img_mean,mcse_within_study_var_img_mean,lambda_star_mse,mcse_lambda_star_mse
9,0.15,True,2000,400000,"SeedSequence(20260920, spawn_key=(5, 9))",single,0.4156630244872927,0.008418228191329582,3.882063722630518,0.01732084178714288,1.9702953389353888,0.004395793062262293,4.054839472556441,0.01931069957747319,0.2136322772103391,0.0028539529200877134,3.0725970862640546,0.01250605062496407,3.1182358361301303,0.012967035193092082,0.20203074727695358,0.008049027651221244,1.6178969426534109,0.009711917088209865,-0.8084303062869478,0.009242351742047392,0.5765135832117871,0.007597340296447777,1.0665435889965438,0.004112038383848204,-0.025160229554919943,0.0023744642241286273,0.7914854844737164,0.001714039004632246,0.7690158530897861,0.002160603288071648,3.7210851563967045,0.01682914236168986,3.057628496372423,0.012362735183021325,0.735323418072975,0.0016910419660128187
9,0.15,True,2000,400000,"SeedSequence(20260920, spawn_key=(5, 9))",mean2,0.4151950901561876,0.008277214693439311,3.155642995203129,0.014255529771897993,1.7764129573956415,0.0040127858863232,3.3280299580929342,0.015785036830466205,0.2136322772103391,0.0028539529200877134,3.0725970862640546,0.01250605062496407,3.1182358361301303,0.012967035193092082,0.2015628129458485,0.007924346305496629,1.012560512357453,0.00699245695043186,-0.9295146034183784,0.006816610794656944,0.2911797757363988,0.004909013398555187,0.732443371353385,0.003950064493455082,-0.011062634732330828,0.001484455500995563,0.973683363718484,0.0021140992668721406,0.9369614683147196,0.0025790255732933325,2.999205869974843,0.013389213819083071,3.057628496372423,0.012362735183021325,0.6170928984143272,0.0014474292412857482
9,0.15,True,2000,400000,"SeedSequence(20260920, spawn_key=(5, 9))",R_img,0.2136322772103391,0.0028539529200877134,3.0725970862640546,0.01250605062496407,1.7528825078321864,0.003566889484891308,3.1182358361301303,0.012967035193092082,0.2136322772103391,0.0028539529200877134,3.0725970862640546,0.01250605062496407,3.1182358361301303,0.012967035193092082,0.0,0.0,0.0,0.0,0.0,0.0,0.0,0.0,0.0,0.0,0.0,0.0,1.0,0.0,1.0,0.0,3.057628496372423,0.012362735183021325,3.057628496372423,0.012362735183021325,0.5,0.0
0,0.05,False,500,100000,"SeedSequence(20260920, spawn_key=(5, 0))",single,-0.10736387177878831,0.016320660672030814,2.430442769374818,0.02130446129324018,1.5589877386864908,0.006831171221187642,2.44196977033815,0.021461343056872462,-0.30871434003942205,0.003965817948612162,1.5755264399315492,0.009685033475643368,1.670830983677525,0.010411725399586364,0.2013504682606338,0.015552791162159957,0.9164462962965817,0.0187456754926931,-0.06152996685331324,0.006901425723493122,0.5675092321607893,0.018738148560159127,0.365855723390874,0.001926074786255754,-0.016918659255081642,0.00276509743591637,0.648246673315752,0.005665882299511716,0.6842144419528002,0.006132495787038122,2.282721654473825,0.020590803543752385,1.5674047694071787,0.009780157166354619,0.7738006651599771,0.006653116078505288
0,0.05,False,500,100000,"SeedSequence(20260920, spawn_key=(5, 0))",mean2,-0.10812814462547918,0.01590457272432078,1.9926298574391363,0.01207020305541842,1.4116054184647835,0.004274554927372917,2.0043215530992846,0.012596126440962835,-0.30871434003942205,0.003965817948612162,1.5755264399315492,0.009685033475643368,1.670830983677525,0.010411725399586364,0.20058619541394287,0.015242614146348778,0.47397597436528677,0.009175888634846441,-0.05687255685769991,0.004489201772138159,0.28404879496872465,0.009184037632505452,0.19775761901792932,0.0007797156299997237,-0.007830439621367204,0.0013545483186986117,0.7906769207786362,0.004269653281752471,0.8336142377424007,0.004971460060343808,1.8462597832036836,0.010816736528573033,1.5674047694071787,0.009780157166354619,0.6340900015150512,0.0033026061235621545
0,0.05,False,500,100000,"SeedSequence(20260920, spawn_key=(5, 0))",R_img,-0.30871434003942205,0.003965817948612162,1.5755264399315492,0.009685033475643368,1.2551997609669743,0.0038582980008188836,1.670830983677525,0.010411725399586364,-0.30871434003942205,0.003965817948612162,1.5755264399315492,0.009685033475643368,1.670830983677525,0.010411725399586364,0.0,0.0,0.0,0.0,0.0,0.0,0.0,0.0,0.0,0.0,0.0,0.0,1.0,0.0,1.0,0.0,1.5674047694071787,0.009780157166354619,1.5674047694071787,0.009780157166354619,0.5,0.0
3,0.05,True,500,100000,"SeedSequence(20260920, spawn_key=(5, 3))",single,0.07154025296092932,0.015257497358272502,2.8148168630953085,0.02263915683192893,1.6777415960437139,0.006747653328145166,2.819934870889022,0.023015256540748173,-0.09504305866520307,0.003249227530529631,2.025483343548969,0.01410880225871873,2.0345165265494067,0.014062976987274196,0.16658331162613238,0.013908881628673186,0.9814315728420473,0.017536054845888997,-0.19209805329570845,0.009779217496526948,0.558561686758286,0.017804391952461442,0.43471757465435773,0.0033382624006519086,-0.011847688570596381,0.003460732968450445,0.7195790852700982,0.005480999607001801,0.7214764239955649,0.005379231340721687,2.668535987848101,0.01795111452915539,2.0153733695182177,0.014140557624341544,0.7333516240239532,0.005035475112598334
3,0.05,True,500,100000,"SeedSequence(20260920, spawn_key=(5, 3))",mean2,0.07368894764806659,0.014742497106256653,2.3293594527701615,0.019328355359878077,1.5262239196035952,0.006332697972609191,2.334789513775641,0.019503471933149358,-0.09504305866520307,0.003249227530529631,2.025483343548969,0.01410880225871873,2.0345165265494067,0.014062976987274196,0.16873200631326968,0.013281673085919859,0.5459932508651896,0.012328065445418286,-0.24211714164399756,0.009818215454843831,0.2810964292391911,0.012393164207374505,0.27192475770799857,0.0023713359261016806,-0.007027936082000101,0.001180646767044335,0.8695452052881699,0.006114774985479956,0.8713918383414975,0.005878480721451765,2.1851350658529824,0.014057215176711678,2.0153733695182177,0.014140557624341544,0.6152533701018279,0.003519794577676336
3,0.05,True,500,100000,"SeedSequence(20260920, spawn_key=(5, 3))",R_img,-0.09504305866520307,0.003249227530529631,2.025483343548969,0.01410880225871873,1.423194766554799,0.00495772228710465,2.0345165265494067,0.014062976987274196,-0.09504305866520307,0.003249227530529631,2.025483343548969,0.01410880225871873,2.0345165265494067,0.014062976987274196,0.0,0.0,0.0,0.0,0.0,0.0,0.0,0.0,0.0,0.0,0.0,0.0,1.0,0.0,1.0,0.0,2.0153733695182177,0.014140557624341544,2.0153733695182177,0.014140557624341544,0.5,0.0
6,0.15,False,500,100000,"SeedSequence(20260920, spawn_key=(5, 6))",single,0.2974155602734827,0.010621625668471708,3.4423169265598967,0.029148447393306177,1.8553481955039859,0.007855420370512204,3.5307729420526863,0.02935170690976235,0.03973094286248634,0.00444386404381784,2.634836843594914,0.01808138219891465,2.6364153914156563,0.018027143589635787,0.2576846174109964,0.011532449372784843,1.4954091549204334,0.016553086527671148,-0.6879290719554504,0.017783556452124753,0.5481124078933755,0.012438043214156053,0.9685324633915808,0.0071123068978580966,-0.021235716364523177,0.0031674194590000453,0.7654254096318948,0.005119595189762582,0.7466963848099852,0.005159262976252886,3.2780947697982663,0.02312550181197396,2.622603608630898,0.01772106164122718,0.7666630367229681,0.00405800945177086
6,0.15,False,500,100000,"SeedSequence(20260920, spawn_key=(5, 6))",mean2,0.29667402717986163,0.01117134432667854,2.807542251998622,0.02075844004209903,1.6755722162886988,0.0061935740583303695,2.8955577304017392,0.021072054510673,0.03973094286248634,0.00444386404381784,2.634836843594914,0.01808138219891465,2.6364153914156563,0.018027143589635787,0.25694308431737534,0.011809288477351982,0.8819080737836918,0.01042721646171369,-0.7092026653799838,0.01090545049981917,0.2840416381211045,0.010284272664678094,0.6120110688932773,0.005235458570043122,-0.014144633230689966,0.002469620440695926,0.9384851970506363,0.005470050067184546,0.9105034804641492,0.005589691171430856,2.6472908140129388,0.013217878263628772,2.622603608630898,0.01772106164122718,0.6316599294395895,0.0030984833923267917
6,0.15,False,500,100000,"SeedSequence(20260920, spawn_key=(5, 6))",R_img,0.03973094286248634,0.00444386404381784,2.634836843594914,0.01808138219891465,1.6232180517708994,0.0055696721800607574,2.6364153914156563,0.018027143589635787,0.03973094286248634,0.00444386404381784,2.634836843594914,0.01808138219891465,2.6364153914156563,0.018027143589635787,0.0,0.0,0.0,0.0,0.0,0.0,0.0,0.0,0.0,0.0,0.0,0.0,1.0,0.0,1.0,0.0,2.622603608630898,0.01772106164122718,2.622603608630898,0.01772106164122718,0.5,0.0
12,0.3,False,500,100000,"SeedSequence(20260920, spawn_key=(5, 12))",single,1.0199370294315313,0.016640198313704085,7.184309268472202,0.06638502642983424,2.680356183135406,0.012385484881678887,8.224580812477818,0.07850425927359884,0.8157232200673701,0.008082286998386036,6.5316945383489715,0.05423490854808913,7.197098910106051,0.0605744869390507,0.20421380936416106,0.013658686861545862,3.3697437545616364,0.027183603985465238,-2.7171290244384063,0.03934101767211384,0.5417524596767052,0.01690995130541077,2.878018360562584,0.025856101138588758,-0.05002706567765335,0.008772637135459178,0.9091611029348109,0.0040303013431281735,0.8750718211908216,0.004836645559788506,7.00323770180628,0.0633087822932428,6.496049473367978,0.05339114797915026,0.6847977908567642,0.002606560951992304
12,0.3,False,500,100000,"SeedSequence(20260920, spawn_key=(5, 12))",mean2,1.0207851427255312,0.016577227245049495,5.885133709350206,0.04943814817066998,2.4259294526738007,0.010189994070304496,6.927136016959389,0.06538998624406178,0.8157232200673701,0.008082286998386036,6.5316945383489715,0.05423490854808913,7.197098910106051,0.0605744869390507,0.2050619226581612,0.013583979933970515,2.285303797344016,0.020323119908595057,-2.931864626342782,0.03342674743012659,0.28200120436526316,0.009499318503920492,2.020957075241792,0.01626624284892763,-0.01765448226303901,0.0040736781178952195,1.1098634051375111,0.0039043643038781856,1.0389717904319655,0.005883126939288942,5.708037796940076,0.047710985055393146,6.496049473367978,0.05339114797915026,0.5872006482936044,0.0021195387177222586
12,0.3,False,500,100000,"SeedSequence(20260920, spawn_key=(5, 12))",R_img,0.8157232200673701,0.008082286998386036,6.5316945383489715,0.05423490854808913,2.5557180083782662,0.010611782822508204,7.197098910106051,0.0605744869390507,0.8157232200673701,0.008082286998386036,6.5316945383489715,0.05423490854808913,7.197098910106051,0.0605744869390507,0.0,0.0,0.0,0.0,0.0,0.0,0.0,0.0,0.0,0.0,0.0,0.0,1.0,0.0,1.0,0.0,6.496049473367978,0.05339114797915026,6.496049473367978,0.05339114797915026,0.5,0.0
15,0.3,True,500,100000,"SeedSequence(20260920, spawn_key=(5, 15))",single,1.061647022019999,0.017683903869549537,7.6488328615929095,0.050398045271546815,2.7656523392488994,0.009110690792183991,8.775927260956841,0.051451817790367664,0.8875351354750325,0.006164319164443584,6.983796440098202,0.05266816237446495,7.771515056800887,0.05518424319472673,0.17411188654496648,0.015471976095758065,3.511723552956685,0.04241521624575062,-2.846687131461978,0.05170154434899336,0.5539913545074522,0.020615043967667068,3.008776290976086,0.037847582711633625,-0.05104409252685342,0.0077940081742475555,0.9130538693250764,0.004602387297325142,0.8855491648586837,0.0049704061639865285,7.482718284857934,0.050659832393405844,6.950256012763697,0.05253658940436798,0.6747908319708538,0.0030816178310605555
15,0.3,True,500,100000,"SeedSequence(20260920, spawn_key=(5, 15))",mean2,1.0577202807806525,0.018169309148828673,6.195779224587452,0.04588030772864496,2.489132223202988,0.009214714278122316,7.3145514169621535,0.05179919838861626,0.8875351354750325,0.006164319164443584,6.983796440098202,0.05266816237446495,7.771515056800887,0.05518424319472673,0.17018514530561984,0.015634731440578913,2.448635560012085,0.027857749341612864,-3.2366527755228347,0.0431049854579144,0.27912036046637645,0.011939836982075404,2.19482300568185,0.025125805030127898,-0.02530780613614088,0.005260327401651944,1.1271861354232198,0.0060445472707996925,1.0624732281981164,0.006890032382055126,6.033609417820946,0.046192785161131664,6.950256012763697,0.05253658940436798,0.5801300727044442,0.0025281040860227586
15,0.3,True,500,100000,"SeedSequence(20260920, spawn_key=(5, 15))",R_img,0.8875351354750325,0.006164319164443584,6.983796440098202,0.05266816237446495,2.6426873519389695,0.009960563982931183,7.771515056800887,0.05518424319472673,0.8875351354750325,0.006164319164443584,6.983796440098202,0.05266816237446495,7.771515056800887,0.05518424319472673,0.0,0.0,0.0,0.0,0.0,0.0,0.0,0.0,0.0,0.0,0.0,0.0,1.0,0.0,1.0,0.0,6.950256012763697,0.05253658940436798,6.950256012763697,0.05253658940436798,0.5,0.0
