u_anchor,u_long,mean_under_anchor_pct,mean_under_long_pct,n,quantity,q25,q25_ci_lo,q25_ci_hi,median,median_ci_lo,median_ci_hi,q75,q75_ci_lo,q75_ci_hi,q05,q05_ci_lo,q05_ci_hi,q95,q95_ci_lo,q95_ci_hi,cohort44_median_p025,cohort44_median_p975,cohort44_q25_p025,cohort44_q25_p975,cohort44_q75_p025,cohort44_q75_p975,p_cohort_median_le_9p5,p_cohort_median_le_9p5_mcse,n_cohorts
0.03,0.1,2.3936536824085963,7.978845608028654,88000,T1 AP (true span),7.634401431831438,7.6064315726797584,7.661075416674984,9.997856641858874,9.9637370896694,10.028408430860297,13.111649612622731,13.067013279195441,13.156875373390347,5.175985040340568,5.14826615130023,5.201263981200038,19.28357905831494,19.17660610058734,19.40037166647242,8.661927587076253,11.626277873138356,6.590286631786589,9.004655901892903,11.064235552184439,15.220451576698954,0.246,0.009630264793867301,2000
0.03,0.1,2.3936536824085963,7.978845608028654,88000,anchor view 3-beat mean,7.450924626043876,7.421564223559247,7.483084795350071,9.968773578014904,9.937923584556822,10.007698742567882,13.30279276317739,13.254265995942509,13.361982258413496,4.745018914040554,4.712516749788974,4.775289352411569,20.058057886964665,19.936838120547808,20.18009820014322,8.579418457274906,11.665593896255698,6.262405846399172,8.891601184170037,11.17103737363106,15.616392737001089,0.266,0.009880384607898621,2000
0.03,0.1,2.3936536824085963,7.978845608028654,88000,long-axis view 3-beat mean,7.09753615528168,7.068147988099604,7.12493272778077,9.584169260778829,9.545913587616887,9.619540352254148,12.834044577797192,12.784127479757794,12.888106666949236,4.445565696613168,4.4144742248139215,4.4765712050399955,19.430418803456327,19.320970451116356,19.54838140995632,8.167356065759899,11.197978346656637,5.901234684382003,8.558420776189728,10.691422857799184,15.047693365491106,0.456,0.011136965475388708,2000
0.03,0.1,2.3936536824085963,7.978845608028654,88000,long-axis view single beat,6.891990930999577,6.856797894133804,6.924253193626253,9.498401270250774,9.462718141586672,9.535598418697152,12.904042461973928,12.84624557611762,12.958546672610808,4.010577249256602,3.9676971563056287,4.041912118594676,19.84506403758538,19.73284807240017,19.99038375042988,8.01554941989093,11.258491437564095,5.654087350940195,8.453971167345154,10.67970511250155,15.325836568967857,0.4895,0.011177874350698346,2000
0.03,0.1,2.3936536824085963,7.978845608028654,88000,A4 composite,8.217363762324673,8.186016537710026,8.249989634449308,10.806681658134973,10.771382025728352,10.843901076720428,14.248036565639202,14.191726962452284,14.30054593502445,5.4573668704657745,5.421463966188855,5.490663621094815,21.196390833949124,21.086735332278877,21.32040448764363,9.360830111302574,12.582078153196464,7.001409556455244,9.732952247640327,12.005685614946966,16.627633863761034,0.0405,0.004407933189148856,2000
0.03,0.25,2.3936536824085963,19.947114020071634,88000,T1 AP (true span),7.626692427948614,7.6000897151247635,7.655287164163175,10.009404382788732,9.977893658832107,10.041527644857746,13.099406015129132,13.051245470423957,13.14799029183156,5.1721885532719325,5.13896414999614,5.199624835508911,19.336759343415086,19.233516304653637,19.449175769405254,8.670967719978359,11.489259564667963,6.569561289548881,9.00779627606916,11.133187536111514,15.25235238254059,0.232,0.009438643970401681,2000
0.03,0.25,2.3936536824085963,19.947114020071634,88000,anchor view 3-beat mean,7.448377933649307,7.419378512071401,7.480049324844785,9.982348138595906,9.9454434549255,10.017908367318084,13.310174482454212,13.26291142193323,13.355652748483928,4.726900138001137,4.695084650145424,4.763234140351136,20.113186832776766,20.001164204580885,20.248770101548804,8.564877755867156,11.622594494213788,6.285327402868338,8.8709301500698,11.199188137813627,15.592104187373543,0.253,0.009720879589831364,2000
0.03,0.25,2.3936536824085963,19.947114020071634,88000,long-axis view 3-beat mean,5.965937908130243,5.9357664874139,5.994124202749002,8.324277786525592,8.289461324267366,8.357732209309349,11.427918036863908,11.38279398682493,11.472023441088572,3.4696673012978287,3.4392625139355104,3.498802578913559,17.770066755976487,17.65001402516252,17.86223874029392,6.9711247799027465,9.855233052949005,4.850811593255112,7.37024183663871,9.49352826430637,13.602125048034866,0.9335,0.005571254347092763,2000
0.03,0.25,2.3936536824085963,19.947114020071634,88000,long-axis view single beat,5.778762633060579,5.74780279812529,5.809112108815649,8.232148233442693,8.202009908134832,8.265240426170028,11.500574866473139,11.448604632020603,11.547154501235951,3.026403594533783,2.9893287181546775,3.064657302660107,18.12235938497289,17.989753444403505,18.2420106907846,6.802601973445138,9.801460570714607,4.578465783662424,7.127108677194051,9.499368359902327,13.688112611904339,0.941,0.005268728499363013,2000
0.03,0.25,2.3936536824085963,19.947114020071634,88000,A4 composite,7.934420246572881,7.903634823098127,7.965542576008782,10.489205802640171,10.451612789011774,10.522869315974766,13.841948755897942,13.79567168248648,13.893572714698179,5.216095003743385,5.182917368954069,5.24765611212787,20.780413606461654,20.662285435672867,20.895281335902656,9.056156457008733,12.156337767841933,6.756383688592339,9.415189540500275,11.725635217435329,16.114234669025034,0.093,0.0064942667022536114,2000
0.03,0.5,2.3936536824085963,39.89422804014327,88000,T1 AP (true span),7.637172409964207,7.60738682251391,7.666973400558912,10.020389677894574,9.990661716650797,10.053738641375311,13.142485541551121,13.095707700150218,13.193431546717408,5.1838212693186225,5.15346899290345,5.215904380432152,19.326085649339735,19.21772169496349,19.421812742878203,8.662616822392721,11.562732488591669,6.591526991010769,8.984480044478145,11.187821895917022,15.178726608221362,0.239,0.009536220425304776,2000
0.03,0.5,2.3936536824085963,39.89422804014327,88000,anchor view 3-beat mean,7.477638468715414,7.4473233721707315,7.508455916265106,10.004213944929159,9.967419940375706,10.042408289011563,13.347193210968125,13.301292311374363,13.398464861315162,4.725019456713303,4.689952181074261,4.758358688159568,20.101193466176333,19.975246518946374,20.210053532310415,8.580865996565949,11.639460844034021,6.289379904492483,8.867319521208278,11.233853485712926,15.48070260979306,0.2615,0.009826437553864574,2000
0.03,0.5,2.3936536824085963,39.89422804014327,88000,long-axis view 3-beat mean,3.8879670788945213,3.8554133498455023,3.9203516596647474,6.422587619378919,6.389013740086703,6.457943660725537,9.556839075237919,9.503399279394692,9.6029690637799,1.3829197397012896,1.360089030448646,1.4072565211785861,15.767284010873977,15.66576273153126,15.882015644906446,4.979701789032749,8.029749958982174,2.6995871747825926,5.341363681489315,7.579492566140265,11.690850581643751,1.0,0.0,2000
0.03,0.5,2.3936536824085963,39.89422804014327,88000,long-axis view single beat,3.6506106008685415,3.619888120922317,3.6830273851083355,6.309457280932293,6.273684905171055,6.345362241637953,9.555650478609643,9.509785371931207,9.605672553656161,0.8215846521485141,0.7895916870116299,0.8530049396369873,16.02276321216786,15.915059848493424,16.133569413787065,4.806069937409227,7.978607167963839,2.3928996787984658,5.183271471546263,7.4727233927714805,11.818798059129756,1.0,0.0,2000
0.03,0.5,2.3936536824085963,39.89422804014327,88000,A4 composite,7.758995563183588,7.7239624724724605,7.787738322490683,10.30654993169302,10.269250365328688,10.34413441388085,13.661052423421342,13.610845529515315,13.715522415695867,5.024030205633889,4.990218376047218,5.0534799740402185,20.492144022714324,20.36335737318877,20.598037910729097,8.827219155508454,12.01124018478745,6.601306740580089,9.181592918019495,11.561459252355746,15.89219238992319,0.1485,0.007951344225978398,2000
0.06,0.1,4.787307364817193,7.978845608028654,88000,T1 AP (true span),7.629960409205842,7.604524240568742,7.659694923882861,9.980869333267169,9.945935589028318,10.016337262924367,13.095406047567383,13.046818619199277,13.143556134137079,5.160799463569642,5.134725683991479,5.189526595187046,19.272225494363575,19.1543760800782,19.388281550667976,8.736822823079537,11.536461745294796,6.546353886507773,8.96273453740846,11.113797489936225,15.258430692268757,0.259,0.009795891996137973,2000
0.06,0.1,4.787307364817193,7.978845608028654,88000,anchor view 3-beat mean,7.251852107348389,7.224169133494307,7.281146675474365,9.733403173930778,9.698563815824281,9.771828967817862,13.000709047745154,12.951359851189244,13.046571097479992,4.574446355138829,4.534573011201552,4.612267398038834,19.53873606374113,19.429101008093085,19.66578792773176,8.347157707970572,11.401370059436628,6.141648292915322,8.702906993547511,10.852436328865421,15.33759652529056,0.371,0.01080182854890782,2000
0.06,0.1,4.787307364817193,7.978845608028654,88000,long-axis view 3-beat mean,7.098576137047544,7.07229141192603,7.129368931485046,9.574450608463383,9.541792901342644,9.611953965237333,12.80521117780607,12.753126534091168,12.852927820801723,4.449615063741636,4.4157559169938345,4.4798537182469405,19.51853952810463,19.402526651574934,19.656308648506766,8.184907162472806,11.197132500719478,6.036420718395691,8.542266169148975,10.755418091380754,15.142442956079321,0.4605,0.011145397031958978,2000
0.06,0.1,4.787307364817193,7.978845608028654,88000,long-axis view single beat,6.888227793062014,6.856600873019086,6.91986691803057,9.48195829152467,9.446139299398382,9.521599910845683,12.878894188494323,12.825513960389687,12.930477188341952,4.072087954519458,4.041428009849512,4.112577682913786,19.859024455457508,19.738717169837983,19.998603981305518,8.016405004845401,11.228167726845966,5.715704508022343,8.341611787600762,10.683509286467268,15.226409787931273,0.5045,0.011179887074563856,2000
0.06,0.1,4.787307364817193,7.978845608028654,88000,A4 composite,8.138696335335704,8.109469673400673,8.168678324116541,10.68684392232624,10.65050896924705,10.720350730259987,14.090860990191413,14.039124028717254,14.14572145208072,5.405693824760677,5.3754913222007685,5.4374466444028995,20.947933459929033,20.827880797413332,21.046211003627807,9.287061455065265,12.432224261357163,7.028541385277538,9.557460005168219,11.867464761796294,16.430378443607097,0.0565,0.005162739098579358,2000
0.06,0.25,4.787307364817193,19.947114020071634,88000,T1 AP (true span),7.639737646659131,7.609183124631782,7.665844551464623,10.011162586756287,9.978188432733416,10.044551742946624,13.085863008825532,13.03839458065153,13.134017403650644,5.183713586561925,5.153908684090852,5.21348527488749,19.351857322157187,19.263963108283196,19.460843012016564,8.685801704501541,11.510106422260517,6.577675056166274,8.94165186447165,11.133790668731985,15.182937856537599,0.2445,0.00961040451802108,2000
0.06,0.25,4.787307364817193,19.947114020071634,88000,anchor view 3-beat mean,7.266605833391374,7.2363206647515605,7.297540924639683,9.732541412134314,9.697994650267981,9.768204811289719,12.972989840767744,12.917186453333173,13.026774201711829,4.606778348568285,4.571811932304005,4.643967581963031,19.663506392018284,19.530604417116376,19.77749362966048,8.359568249825113,11.354829260005676,6.12319763100064,8.679633546995989,10.985537268103982,15.215328475529585,0.377,0.01083676612278774,2000
0.06,0.25,4.787307364817193,19.947114020071634,88000,long-axis view 3-beat mean,5.9817793936120065,5.955178305682615,6.010401814685275,8.31938107831149,8.285375944006226,8.3535068102814,11.375031982059125,11.328575002796311,11.420995527850527,3.4525439435637946,3.421454443290679,3.4848218085527303,17.759724423717614,17.654520505281155,17.876535725137995,6.991984782994947,9.877867773829088,4.888474606858262,7.388060467414854,9.404106881589415,13.43697035939926,0.93,0.005705260730238364,2000
0.06,0.25,4.787307364817193,19.947114020071634,88000,long-axis view single beat,5.784878445274006,5.75139178576552,5.814087936861369,8.218550647148327,8.183964942563922,8.24988023241475,11.4326170438483,11.381869561137417,11.479787719914802,3.044391321163022,3.0081584010021007,3.079326012698762,18.128839405270824,18.022649879861945,18.247809116853087,6.9156931360456415,9.861658348866362,4.606322185443169,7.161945868069218,9.395412204930249,13.715358876689539,0.9395,0.005331029450303197,2000
0.06,0.25,4.787307364817193,19.947114020071634,88000,A4 composite,7.8299092799951495,7.799941723818409,7.857765856285408,10.323604627983922,10.290314777064497,10.359919000244282,13.612551616308286,13.562422379161191,13.664196026225895,5.139783594553222,5.111875595213192,5.17346789002311,20.45816367872061,20.33443089482334,20.576713980640378,8.856111421891601,11.989103248506687,6.66756200197816,9.251058176661422,11.591513497467524,15.908154257067169,0.1315,0.007556710593902615,2000
0.06,0.5,4.787307364817193,39.89422804014327,88000,T1 AP (true span),7.6305884322913045,7.60200220273755,7.660100074612878,9.9909870783805,9.962324409568142,10.02427563583894,13.104761399467616,13.054845410712993,13.1498490272483,5.187142320952351,5.158123332171204,5.214625167565299,19.226705030822544,19.116195805772602,19.351834920612884,8.601869158317362,11.590139493140697,6.5583036230038685,9.03221525254357,11.156270179475431,15.144870044203325,0.2485,0.00966301583357908,2000
0.06,0.5,4.787307364817193,39.89422804014327,88000,anchor view 3-beat mean,7.272709003986337,7.241268092904456,7.303366695317081,9.725315587208826,9.69301799719022,9.760490642774371,12.977865110751459,12.928303508190012,13.034449316966446,4.588998207514945,4.555588479781083,4.616808609899064,19.574306651254947,19.45437910886595,19.694796764310816,8.291123437290972,11.4082268743649,6.102357758742677,8.807632565352957,10.916595047338554,15.206993658768868,0.371,0.01080182854890782,2000
0.06,0.5,4.787307364817193,39.89422804014327,88000,long-axis view 3-beat mean,3.904783798984401,3.871875355007711,3.9343806844466074,6.4383757281321135,6.4021573269258445,6.475735157908656,9.544074947504237,9.499006454674705,9.594362894965734,1.3600243879812974,1.337521901500627,1.3828318851429808,15.614075446737852,15.503544173618517,15.721163993627648,4.912291875211032,8.010277048594299,2.662435258684682,5.318535259493014,7.63195901130593,11.683264170143364,1.0,0.0,2000
0.06,0.5,4.787307364817193,39.89422804014327,88000,long-axis view single beat,3.6825484416869947,3.644678543316198,3.713073372057018,6.32061370781987,6.287372935304826,6.357869399442184,9.543959489447808,9.492302543371457,9.589997089030936,0.7955160193792782,0.7662565346689589,0.8310052581651637,15.933312512811675,15.805654558510843,16.050820452476938,4.8234073268660795,7.979317597576804,2.410336762195569,5.196899598086923,7.462654955427181,11.750405012292799,0.9995,0.000499874984371065,2000
0.06,0.5,4.787307364817193,39.89422804014327,88000,A4 composite,7.606045903130353,7.578573319666174,7.633308068369819,10.081863858895137,10.04414759244177,10.121198895451691,13.369630026204346,13.314427532169596,13.422709020068053,4.9064237205653765,4.876648045631016,4.938296346179273,20.032537180554606,19.92055840870488,20.141387061607958,8.629994578503634,11.817680367153388,6.485166017098025,9.082434410875656,11.242904459016387,15.593768513558905,0.218,0.009232442797006652,2000
0.125,0.1,9.973557010035817,7.978845608028654,88000,T1 AP (true span),7.610901432038925,7.582222203275556,7.641207790836709,9.99229249597714,9.958158508178116,10.024714577198699,13.103943613897016,13.055690708841677,13.151601113973825,5.1757752194031905,5.145880897083801,5.206766729888158,19.32024213679829,19.23078234420402,19.42042633529041,8.657420526224586,11.536050358726976,6.493093078007131,8.955789743318551,11.134435458001978,15.27499674395273,0.247,0.009643417444039223,2000
0.125,0.1,9.973557010035817,7.978845608028654,88000,anchor view 3-beat mean,6.822671782153046,6.793491208804043,6.849864775964171,9.191878565544325,9.158036550310944,9.222640609118168,12.346436756965403,12.295145128304958,12.394222894816616,4.2752560345607025,4.245253670117045,4.305263671354077,18.70646274929456,18.58864475054266,18.807128126926973,7.875867558188875,10.745179907939752,5.720304224227638,8.193301264051854,10.32192828509054,14.46240362014134,0.668,0.010530337126607106,2000
0.125,0.1,9.973557010035817,7.978845608028654,88000,long-axis view 3-beat mean,7.086749491104372,7.057187599968791,7.115437907613586,9.552303310657368,9.519799908619342,9.590735707563598,12.818594133955099,12.76821752454201,12.870064644089839,4.476541865789576,4.445102288506965,4.511080414642736,19.50036407529752,19.38592330993166,19.621127863248123,8.194956887807736,11.107142570045303,5.948485459959525,8.48105528811249,10.765444011116776,15.14420198655053,0.4695,0.011159519478902305,2000
0.125,0.1,9.973557010035817,7.978845608028654,88000,long-axis view single beat,6.877917363892694,6.847113414556647,6.906350605777434,9.476534095232042,9.439562057349102,9.508734294874495,12.877621199935792,12.827632216236324,12.932218579251774,4.055091342985335,4.021110361786439,4.089609387123533,19.9254404129326,19.79814546658176,20.037729025474285,7.985977420321324,11.076365288778954,5.688963909119077,8.35603746139172,10.713921342286941,15.377476522736977,0.5065,0.01117939510885987,2000
0.125,0.1,9.973557010035817,7.978845608028654,88000,A4 composite,7.976758974218579,7.948113766806259,8.007012258254823,10.500347181492717,10.466080408487805,10.53635923225591,13.839975565805778,13.788989728011066,13.89504455006289,5.327047595751156,5.293343343686721,5.363656509543663,20.58347278903683,20.460844503631822,20.704246685489608,9.095475045830614,12.232533169579389,6.801162144961236,9.38959917365712,11.733794786694533,16.16986119796465,0.081,0.006100778638829638,2000
0.125,0.25,9.973557010035817,19.947114020071634,88000,T1 AP (true span),7.636514800049653,7.612875704828843,7.663927950618051,9.994704688653602,9.962270522822122,10.025799480735596,13.108824676153574,13.059491114790719,13.159878336857286,5.162551426681478,5.134739319871248,5.188625713340608,19.300683530549726,19.20764849262058,19.42425003079346,8.606644104709456,11.497872267547509,6.583721774903731,8.997291552394893,11.13328539743227,15.27890876218126,0.2415,0.00957020767799738,2000
0.125,0.25,9.973557010035817,19.947114020071634,88000,anchor view 3-beat mean,6.837504562418872,6.807270483919873,6.867571557033691,9.208546322660544,9.173703817572934,9.242533354492393,12.32404564741529,12.281100197902285,12.372763561411906,4.280767149083011,4.2443201574940765,4.309556349335615,18.71537492232759,18.595383895479575,18.81069683575504,7.8602261420968444,10.773880216783166,5.7763357525012236,8.179690506533266,10.35936291398835,14.49693228815979,0.655,0.010629557845931316,2000
0.125,0.25,9.973557010035817,19.947114020071634,88000,long-axis view 3-beat mean,5.983324375716492,5.955568399037336,6.012803813329911,8.300781800876699,8.26699036209341,8.331210222969052,11.359537277405845,11.30698394381823,11.403082923968,3.4739572739490923,3.443304227724223,3.5092070868331713,17.558612426238827,17.45093973538506,17.6900615813305,6.999313791758882,9.845998330983257,4.904103541870259,7.331074164407608,9.413472659974882,13.562043933687924,0.941,0.005268728499363013,2000
0.125,0.25,9.973557010035817,19.947114020071634,88000,long-axis view single beat,5.788040124832837,5.756657559577216,5.816288596106992,8.217402412581883,8.18552964724089,8.25701603837892,11.423834943086343,11.37381821360855,11.4761568737909,3.0347169557032334,3.0047068283892773,3.071572846047477,17.90568795163822,17.790807937590365,18.020312575497403,6.838682815658745,9.768720936704389,4.5688012867396,7.1105439393498795,9.330821081631878,13.625905448383799,0.942,0.005226662414964259,2000
0.125,0.25,9.973557010035817,19.947114020071634,88000,A4 composite,7.580726662917344,7.553973673713223,7.611428760087635,10.046073776710575,10.011726210562841,10.079967245638548,13.277785245784886,13.230391693162128,13.331954726690606,5.011040795218686,4.977696830874814,5.045163165688437,19.85374723194083,19.739730701331926,19.96055163466274,8.637660305843792,11.675875943097925,6.471843492012463,8.936610057001806,11.200603909941558,15.404900343023508,0.2235,0.009315249594079592,2000
0.125,0.5,9.973557010035817,39.89422804014327,88000,T1 AP (true span),7.688525645430812,7.66118857532215,7.716662183214571,10.026603778802262,9.991886840698507,10.057261535198107,13.135391760146264,13.087183461491675,13.183719616865158,5.214724593906883,5.184288067821865,5.244253463177843,19.331684231342862,19.229526052441646,19.44739965457794,8.690132773565004,11.519476389012024,6.612968217918421,9.013960300852698,11.171447964285349,15.352413741904416,0.2275,0.009373999946660976,2000
0.125,0.5,9.973557010035817,39.89422804014327,88000,anchor view 3-beat mean,6.855087371031424,6.822971123767381,6.885089090738322,9.252626683046776,9.21919263481321,9.282414946508064,12.378277025566922,12.331587045863124,12.42904910312582,4.300289946118516,4.272233708091146,4.33041755994416,18.69763577244531,18.581099847842555,18.8083890786346,7.825184489114577,10.739655403399487,5.822904128575285,8.213482860253883,10.342644578185622,14.563964952663694,0.6205,0.010850800661702343,2000
0.125,0.5,9.973557010035817,39.89422804014327,88000,long-axis view 3-beat mean,3.9154794570279425,3.8847986669413572,3.947542782708213,6.448418696974922,6.413032090166353,6.485348191425632,9.532989276064903,9.488058390105904,9.583204470480448,1.3931429464524754,1.3688219720947439,1.4194253346471648,15.679512777718935,15.582653186570468,15.790400273080694,5.072443487201801,7.951149395436267,2.701974536529219,5.3664882270587935,7.6384883767352525,11.631509617146333,1.0,0.0,2000
0.125,0.5,9.973557010035817,39.89422804014327,88000,long-axis view single beat,3.6855888519111684,3.6535136455263837,3.7199210942825633,6.311348022717837,6.276437036627255,6.346746257726522,9.53884528569887,9.488804435086964,9.58700171309123,0.8005930640849681,0.7625048090843507,0.8281636467374867,15.963227096744845,15.854338942083825,16.088247987687083,4.871543967022064,7.910075195529443,2.403670060762677,5.1721887121218995,7.500559103147375,11.740098323976259,1.0,0.0,2000
0.125,0.5,9.973557010035817,39.89422804014327,88000,A4 composite,7.323000756356215,7.292990042481829,7.35010178623178,9.755443316906291,9.719896584897855,9.78859825703996,12.926926861450468,12.882372415603863,12.979113355463289,4.74001129649587,4.708746319184354,4.772953330912242,19.376588811401554,19.25752405073058,19.501383132430142,8.276453306993593,11.331478497369856,6.223782260628301,8.672146344161254,10.872732255178294,15.1427953908741,0.3605,0.010736380907922371,2000
0.25,0.1,19.947114020071634,7.978845608028654,88000,T1 AP (true span),7.64184550590547,7.616043812830847,7.67281642817565,10.01597198185957,9.983597727354097,10.050195355779518,13.1124683666587,13.061589295529972,13.160098676881345,5.160475878079303,5.130934226750551,5.188884415082632,19.416182287203466,19.305697608234798,19.53364242566309,8.668946057253443,11.571247042661321,6.518648343499783,8.953928856255104,11.217498961855249,15.18433239878429,0.233,0.009452803816857726,2000
0.25,0.1,19.947114020071634,7.978845608028654,88000,anchor view 3-beat mean,5.897668375874651,5.873394767211326,5.922973097656523,8.181955088740699,8.151250378240038,8.212106995795144,11.183355204013802,11.138235742905733,11.22354365288316,3.409251380300454,3.3787569454794633,3.438688725548222,17.25707274303364,17.162058979835013,17.362628132131917,6.891614799264702,9.660851518075042,4.823469741605156,7.249706103908783,9.31133814247773,13.287279158741857,0.9595,0.004407933189148855,2000
0.25,0.1,19.947114020071634,7.978845608028654,88000,long-axis view 3-beat mean,7.1078673752367845,7.077737066452979,7.136121210639096,9.579374498846327,9.54348467045226,9.617742280265688,12.809126633754325,12.76386937850733,12.863720681514783,4.461697317612412,4.431178096915294,4.494132218453392,19.478196822374983,19.375276900041055,19.609670505645838,8.174643380485321,11.322008115092881,5.9989943061544055,8.573624414962225,10.792473087863742,15.089890311203092,0.4595,0.011143602424709884,2000
0.25,0.1,19.947114020071634,7.978845608028654,88000,long-axis view single beat,6.894750629396784,6.865408134569783,6.925613008561169,9.50228609406427,9.468197831152652,9.538261453222852,12.890015908352485,12.838357297563137,12.941289703618079,4.037736036039438,4.004893400490142,4.073323671521811,19.89536778908407,19.78446896578459,20.026357185106814,7.973206343764087,11.317666750609622,5.741433227683898,8.402123182637757,10.72567165193344,15.215362151332318,0.5025,0.01118020013237688,2000
0.25,0.1,19.947114020071634,7.978845608028654,88000,A4 composite,7.782538324138068,7.7533211578614045,7.810614747985793,10.256632889984532,10.223016231106419,10.291239602321175,13.496839215178522,13.446660026474534,13.553226485845975,5.138889822563722,5.105074929006129,5.168972533104076,20.311351906036165,20.190938364802694,20.4129269444577,8.857058728723253,11.932776176200507,6.657140943879286,9.237463478349195,11.425877055998965,15.800665957821224,0.1555,0.008103078118838545,2000
0.25,0.25,19.947114020071634,19.947114020071634,88000,T1 AP (true span),7.611613873398706,7.583661362623314,7.63638969053192,9.976830137627239,9.938391799406027,10.010012809000559,13.112646447857257,13.0578688685725,13.153890213894094,5.188334901924765,5.1624969389368145,5.217078901229951,19.30456479702881,19.19893731676373,19.43770314215954,8.594331980243217,11.595325996331583,6.531125240032298,8.984666133383794,11.057775536385824,15.222818552767361,0.254,0.009733550225893941,2000
0.25,0.25,19.947114020071634,19.947114020071634,88000,anchor view 3-beat mean,5.8656935895926745,5.841168224894528,5.89184491349165,8.15890544255424,8.126521801760276,8.186899242330016,11.155646060073325,11.108673689863153,11.19846399958508,3.405249467517657,3.374757724394749,3.43311650314892,17.248053863860843,17.15303583761522,17.348619659165305,6.820959877226548,9.577452904763527,4.805017949530947,7.136650603546904,9.170102779648209,13.227471526917556,0.9645,0.0041376170678302255,2000
0.25,0.25,19.947114020071634,19.947114020071634,88000,long-axis view 3-beat mean,5.9616472615821285,5.930832800026764,5.988135751135215,8.29362216843463,8.256813770132853,8.327494521338151,11.364594795252676,11.316747319964861,11.410623387184522,3.467727803711235,3.435846919024375,3.4992920963764624,17.652013452078005,17.540662747843342,17.783539984730748,6.9906526725804055,9.85236270155951,4.8594194383507014,7.307792335250452,9.358362662990588,13.530644966503873,0.938,0.005392402062161169,2000
0.25,0.25,19.947114020071634,19.947114020071634,88000,long-axis view single beat,5.7721364869823555,5.743967508509423,5.799314585077397,8.2087608790881,8.179327995554361,8.243547661136953,11.389658917512971,11.336389821743294,11.44386918288198,3.0325686661008113,2.997186543959443,3.0712617790855834,18.002100262219958,17.886875032539322,18.127986310578155,6.829334934475618,9.801470055187107,4.6253047532849605,7.17541956203969,9.341637558078872,13.663325979612909,0.9455,0.005075911248239078,2000
0.25,0.25,19.947114020071634,19.947114020071634,88000,A4 composite,7.2371651412337314,7.208531999875011,7.264027528821241,9.632813626121598,9.600831722063043,9.662818285736869,12.796309447275934,12.749170807286982,12.843053978132138,4.706811165499084,4.678259785310507,4.732973197768562,19.291835950465238,19.17831071720113,19.409155409664297,8.247516940507746,11.220885571077808,6.123996228781938,8.59677577592908,10.780887286756549,15.039543928997922,0.436,0.011088372288122365,2000
0.25,0.5,19.947114020071634,39.89422804014327,88000,T1 AP (true span),7.656758888130037,7.628416414440273,7.683862115237,10.011618064145125,9.978604266195784,10.048336824477921,13.063820456315863,13.019425165571382,13.106939033120625,5.180748349096157,5.153194725997986,5.2114397866579445,19.294903647269276,19.16316949299556,19.413895101387514,8.607937424821657,11.584729138034588,6.558228962220701,9.044151226074952,11.076929388661926,15.300853756489943,0.2435,0.009597076377730876,2000
0.25,0.5,19.947114020071634,39.89422804014327,88000,anchor view 3-beat mean,5.879916266133954,5.8536570723212575,5.904547468592033,8.177187600050953,8.145227344813335,8.211377797205254,11.174483671746776,11.129057745871258,11.22430610136715,3.393313920747164,3.360028246868777,3.4196175673710187,17.29865742468947,17.1965523588232,17.423215704174495,6.814525221051394,9.71743143791459,4.822047041309594,7.194184731897862,9.29740941610172,13.25569084971206,0.951,0.004826955562256609,2000
0.25,0.5,19.947114020071634,39.89422804014327,88000,long-axis view 3-beat mean,3.878254463426281,3.8474758067475356,3.9029563108025744,6.4353814052694,6.402054442811722,6.469448391998898,9.55234865459165,9.506813550658395,9.599820070984391,1.380000678918983,1.3555825113772217,1.4036063035491801,15.616542547172523,15.517102497897412,15.714370593156763,5.0500518718599645,8.018238801970327,2.7196071141800817,5.396660345642853,7.562074405757869,11.710856404570395,0.9995,0.000499874984371065,2000
0.25,0.5,19.947114020071634,39.89422804014327,88000,long-axis view single beat,3.664463241679658,3.6344005195539264,3.6990099883008196,6.319027986738609,6.284417013763951,6.35524117282141,9.529572083269006,9.481225510461702,9.576614640893403,0.814434993484615,0.7811309085848843,0.8498805349131834,15.914777712678017,15.785709294184922,16.020217283750576,4.838663988784524,7.944756536165387,2.3864812695271014,5.2335168770154725,7.503027559410549,11.739070993292467,1.0,0.0,2000
0.25,0.5,19.947114020071634,39.89422804014327,88000,A4 composite,6.777515651573578,6.7521688348037765,6.807807634523242,9.157139018428156,9.127603972512738,9.189147924083835,12.221586113209788,12.178515040916514,12.272877095956403,4.257650810473112,4.2276827196667695,4.286746984681664,18.55557972617698,18.44794025718168,18.691332389369478,7.802339877216317,10.80793515045965,5.7157728810866475,8.166694178515026,10.28446593067573,14.406029547598239,0.6715,0.010502089077893026,2000
